Name {2},TypeAmr {1},MakerID {1},MakerLv {1},Rare {1},EquLv {1},ArmLv {1},Affix[0] {2},Affix[1] {2},Affix[2] {2},AffixCount {1},SlotNum {1},Hp {2},def {2},RstPhysics {4},RstBeam {4},RstDM {4},RstFire {4},RstVolt {4},RstGravity {4},Price {2},ItemInfo [NoSell] {1},UI2 {2}
1,1,1,1,1,1,1,0,0,0,0,0,500,0,0,0,0,0,0,0,100,0,887
2,2,1,1,1,1,1,0,0,0,0,1,1200,0,30,20,0,30,0,20,100,0,888
3,3,1,1,1,1,1,0,0,0,0,0,800,0,0,0,0,0,0,0,100,0,889
4,4,1,1,1,1,1,0,0,0,0,1,800,0,0,0,0,0,0,0,100,0,890
5,5,1,1,1,1,1,0,0,0,0,0,1000,0,0,0,0,0,0,0,100,0,891
6,1,2,2,1,1,1,0,0,0,0,0,600,0,0,0,0,0,0,0,100,0,887
7,2,2,2,1,1,1,0,0,0,0,1,1600,0,50,20,0,30,0,20,100,0,888
8,3,2,2,1,1,1,0,0,0,0,0,1200,0,0,0,0,0,0,0,100,0,889
9,4,2,2,1,1,1,0,0,0,0,1,1200,0,0,0,0,0,0,0,100,0,890
10,5,2,2,1,1,1,0,0,0,0,0,2000,0,0,0,0,0,0,0,100,0,891
11,1,4,3,1,1,1,0,0,0,0,0,800,0,0,0,0,0,0,0,100,0,887
12,2,4,3,1,1,1,0,0,0,0,1,2000,0,40,30,0,20,0,40,100,0,888
13,3,4,3,1,1,1,0,0,0,0,0,1000,0,0,0,0,0,0,0,100,0,889
14,4,4,3,1,1,1,0,0,0,0,1,1000,0,0,0,0,0,0,0,100,0,890
15,5,4,3,1,1,1,0,0,0,0,0,2500,0,0,0,0,0,0,0,100,0,891
16,1,3,4,1,1,1,0,0,0,0,0,1000,20,0,50,0,15,15,15,100,0,892
17,2,3,4,1,1,1,0,0,0,0,1,1000,20,0,50,0,15,15,15,100,0,893
18,3,3,4,1,1,1,0,0,0,0,0,1000,20,0,50,0,15,15,15,100,0,894
19,4,3,4,1,1,1,0,0,0,0,1,1000,20,0,50,0,15,15,15,100,0,895
20,5,3,4,1,1,1,0,0,0,0,0,1000,20,0,50,0,15,15,15,100,0,896
21,1,5,5,1,1,1,0,0,0,0,0,1000,20,0,0,50,10,30,10,100,0,892
22,2,5,6,1,1,1,0,0,0,0,1,1000,20,0,0,50,10,30,10,100,0,893
23,3,5,7,1,1,1,0,0,0,0,0,1000,20,0,0,50,10,30,10,100,0,894
24,4,5,8,1,1,1,0,0,0,0,1,1000,20,0,0,50,10,30,10,100,0,895
25,5,5,9,1,1,1,0,0,0,0,0,1000,20,0,0,50,10,30,10,100,0,896
26,1,6,10,1,1,1,0,0,0,0,0,1000,20,30,30,30,30,30,30,100,0,892
27,2,6,11,1,1,1,0,0,0,0,1,1000,20,30,30,30,30,30,30,100,0,893
28,3,6,12,1,1,1,0,0,0,0,0,1000,20,30,30,30,30,30,30,100,0,894
29,4,6,13,1,1,1,0,0,0,0,1,1000,20,30,30,30,30,30,30,100,0,895
30,5,6,14,1,1,1,0,0,0,0,0,1000,20,30,30,30,30,30,30,100,0,896
31,1,7,15,1,1,1,0,0,0,0,0,1000,20,50,50,50,50,50,50,100,0,897
32,2,7,15,1,1,1,0,0,0,0,1,1000,20,50,50,50,50,50,50,100,0,898
33,3,7,15,1,1,1,0,0,0,0,0,1000,20,50,50,50,50,50,50,100,0,899
34,4,7,15,1,1,1,0,0,0,0,1,1000,20,50,50,50,50,50,50,100,0,900
35,5,7,15,1,1,1,0,0,0,0,0,1000,20,50,50,50,50,50,50,100,0,901
36,1,8,20,1,1,1,0,0,0,0,0,1000,20,100,100,100,100,100,100,100,0,897
37,2,8,20,1,1,1,0,0,0,0,1,1000,20,100,100,100,100,100,100,100,0,898
38,3,8,20,1,1,1,0,0,0,0,0,1000,20,100,100,100,100,100,100,100,0,899
39,4,8,20,1,1,1,0,0,0,0,1,1000,20,100,100,100,100,100,100,100,0,900
40,5,8,20,1,1,1,0,0,0,0,0,1000,20,100,100,100,100,100,100,100,0,901
1,1,1,1,1,1,1,0,0,0,0,0,500,22,0,0,0,0,0,0,100,0,887
2,2,1,1,1,1,1,0,0,0,0,0,1200,22,0,0,0,0,0,0,100,0,888
3,3,1,1,1,1,1,0,0,0,0,0,800,22,0,0,0,0,0,0,100,0,889
4,4,1,1,1,1,1,0,0,0,0,0,800,22,0,0,0,0,0,0,100,0,890
5,5,1,1,1,1,1,0,0,0,0,0,1000,22,0,0,0,0,0,0,100,0,891
1,1,1,1,1,1,1,0,0,0,0,0,500,24,0,0,0,0,0,0,100,0,887
2,2,1,1,1,1,1,0,0,0,0,0,1200,24,10,10,10,10,10,10,100,0,888
3,3,1,1,1,1,1,0,0,0,0,0,800,24,0,0,0,0,0,0,100,0,889
4,4,1,1,1,1,1,0,0,0,0,0,800,24,0,0,0,0,0,0,100,0,890
5,5,1,1,1,1,1,0,0,0,0,0,1000,24,0,0,0,0,0,0,100,0,891
1,1,1,1,1,1,1,0,0,0,0,0,750,26,0,0,0,0,0,0,100,0,887
2,2,1,1,1,1,1,0,0,0,0,0,1800,26,15,15,15,15,15,15,100,0,888
3,3,1,1,1,1,1,0,0,0,0,0,1200,26,0,0,0,0,0,0,100,0,889
4,4,1,1,1,1,1,0,0,0,0,0,1200,26,0,0,0,0,0,0,100,0,890
5,5,1,1,1,1,1,0,0,0,0,0,1500,26,0,0,0,0,0,0,100,0,891
1,1,1,1,1,1,1,0,0,0,0,0,1125,36,0,0,0,0,0,0,100,0,892
2,2,1,1,1,1,1,0,0,0,0,0,2700,36,20,20,20,20,20,20,100,0,893
3,3,1,1,1,1,1,0,0,0,0,0,1800,36,0,0,0,0,0,0,100,0,894
4,4,1,1,1,1,1,0,0,0,0,0,1800,36,0,0,0,0,0,0,100,0,895
5,5,1,1,1,1,1,0,0,0,0,0,2250,36,0,0,0,0,0,0,100,0,896
1,1,1,1,1,1,1,0,0,0,0,0,1800,36,0,0,0,0,0,0,100,0,892
2,2,1,1,1,1,1,0,0,0,0,0,4000,36,20,20,20,20,20,20,100,0,893
3,3,1,1,1,1,1,0,0,0,0,0,2600,36,0,0,0,0,0,0,100,0,894
4,4,1,1,1,1,1,0,0,0,0,0,2600,36,0,0,0,0,0,0,100,0,895
5,5,1,1,1,1,1,0,0,0,0,0,3200,36,0,0,0,0,0,0,100,0,896
1,1,1,1,1,1,1,0,0,0,0,0,750,30,0,0,0,0,0,0,100,0,892
2,2,1,1,1,1,1,0,0,0,0,0,1800,30,0,0,0,0,0,0,100,0,893
3,3,1,1,1,1,1,0,0,0,0,0,1200,30,0,0,0,0,0,0,100,0,894
4,4,1,1,1,1,1,0,0,0,0,0,1200,30,0,0,0,0,0,0,100,0,895
5,5,1,1,1,1,1,0,0,0,0,0,1500,30,0,0,0,0,0,0,100,0,896
1,1,1,1,1,1,1,0,0,0,0,0,1000,36,0,0,0,0,0,0,100,0,897
2,2,1,1,1,1,1,0,0,0,0,0,2400,36,5,5,5,5,5,5,100,0,898
3,3,1,1,1,1,1,0,0,0,0,0,1500,36,0,0,0,0,0,0,100,0,899
4,4,1,1,1,1,1,0,0,0,0,0,1500,36,0,0,0,0,0,0,100,0,900
5,5,1,1,1,1,1,0,0,0,0,0,1800,36,0,0,0,0,0,0,100,0,901
1,1,1,1,1,1,1,0,0,0,0,0,1500,40,0,0,0,0,0,0,100,0,897
2,2,1,1,1,1,1,0,0,0,0,0,3000,40,10,10,10,10,10,10,100,0,898
3,3,1,1,1,1,1,0,0,0,0,0,2000,40,0,0,0,0,0,0,100,0,899
4,4,1,1,1,1,1,0,0,0,0,0,2000,40,0,0,0,0,0,0,100,0,900
5,5,1,1,1,1,1,0,0,0,0,0,2800,40,0,0,0,0,0,0,100,0,901
1,1,1,1,1,1,1,0,0,0,0,0,2000,50,0,0,0,0,0,0,100,0,897
2,2,1,1,1,1,1,0,0,0,0,0,4000,50,15,15,15,15,15,15,100,0,898
3,3,1,1,1,1,1,0,0,0,0,0,2800,50,0,0,0,0,0,0,100,0,899
4,4,1,1,1,1,1,0,0,0,0,0,2800,50,0,0,0,0,0,0,100,0,900
5,5,1,1,1,1,1,0,0,0,0,0,3600,50,0,0,0,0,0,0,100,0,901
1,1,1,1,1,1,1,0,0,0,0,0,2000,60,0,0,0,0,0,0,100,0,897
2,2,1,1,1,1,1,0,0,0,0,0,4000,60,20,20,20,20,20,20,100,0,898
3,3,1,1,1,1,1,0,0,0,0,0,2800,60,0,0,0,0,0,0,100,0,899
4,4,1,1,1,1,1,0,0,0,0,0,2800,60,0,0,0,0,0,0,100,0,900
5,5,1,1,1,1,1,0,0,0,0,0,3600,60,0,0,0,0,0,0,100,0,901
1,1,1,1,1,1,1,0,0,0,0,0,3000,48,0,0,0,0,0,0,100,0,897
2,2,1,1,1,1,1,0,0,0,0,0,5600,48,30,30,30,60,30,30,100,0,898
3,3,1,1,1,1,1,0,0,0,0,0,3600,48,0,0,0,0,0,0,100,0,899
4,4,1,1,1,1,1,0,0,0,0,0,3600,48,0,0,0,0,0,0,100,0,900
5,5,1,1,1,1,1,0,0,0,0,0,4400,48,0,0,0,0,0,0,100,0,901
41,1,1,1,0,20,1,0,0,0,0,0,100,9,0,0,0,0,0,-2,10,0,887
42,2,1,1,0,20,1,0,0,0,0,0,100,27,0,0,0,0,0,-2,10,0,888
43,3,1,1,0,20,1,0,0,0,0,0,100,9,0,0,0,0,0,-2,10,0,889
44,4,1,1,0,20,1,0,0,0,0,0,100,9,0,0,0,0,0,-2,10,0,890
45,5,1,1,0,20,1,0,0,0,0,0,100,18,0,0,0,0,0,-2,10,0,891
46,1,1,1,1,20,1,83,0,0,3,0,2970,20,4,8,6,4,4,-6,68,0,887
47,2,1,1,1,20,1,83,0,0,3,0,7290,60,4,8,6,4,4,-6,172,0,888
48,3,1,1,1,20,1,83,0,0,3,0,3600,20,4,8,6,4,4,-6,51,0,889
49,4,1,1,1,20,1,83,0,0,3,0,3600,20,4,8,6,4,4,-6,51,0,890
50,5,1,1,1,20,1,83,0,0,3,0,4860,40,4,8,6,4,4,-6,103,0,891
51,1,1,1,1,30,1,85,0,0,3,0,4320,24,4,8,6,4,4,-6,137,0,887
52,2,1,1,1,30,1,85,0,0,3,0,10440,78,4,8,6,4,4,-6,345,0,888
53,3,1,1,1,30,1,85,0,0,3,0,5220,24,4,8,6,4,4,-6,103,0,889
54,4,1,1,1,30,1,85,0,0,3,0,5220,24,4,8,6,4,4,-6,103,0,890
55,5,1,1,1,30,1,85,0,0,3,0,6930,51,4,8,6,4,4,-6,207,0,891
56,1,1,1,1,30,1,87,0,0,3,0,5670,31,4,8,6,4,4,-6,276,0,887
57,2,1,1,1,30,1,87,0,0,3,0,13590,96,4,8,6,4,4,-6,691,0,888
58,3,1,1,1,30,1,87,0,0,3,0,6750,31,4,8,6,4,4,-6,207,0,889
59,4,1,1,1,30,1,87,0,0,3,0,6750,31,4,8,6,4,4,-6,207,0,890
60,5,1,1,1,30,1,87,0,0,3,0,9090,63,4,8,6,4,4,-6,414,0,891
61,1,1,1,1,50,1,89,0,0,3,0,7020,38,4,8,6,4,4,-6,552,0,887
62,2,1,1,1,50,1,89,0,0,3,0,16830,114,4,8,6,4,4,-6,1382,0,888
63,3,1,1,1,50,1,89,0,0,3,0,8370,38,4,8,6,4,4,-6,414,0,889
64,4,1,1,1,50,1,89,0,0,3,0,8370,38,4,8,6,4,4,-6,414,0,890
65,5,1,1,1,50,1,89,0,0,3,0,11160,76,4,8,6,4,4,-6,828,0,891
66,1,1,1,1,50,1,91,0,0,3,0,8280,42,4,8,6,4,4,-6,1105,0,887
67,2,1,1,1,50,1,91,0,0,3,0,19980,132,4,8,6,4,4,-6,2764,0,888
68,3,1,1,1,50,1,91,0,0,3,0,9990,42,4,8,6,4,4,-6,828,0,889
69,4,1,1,1,50,1,91,0,0,3,0,9990,42,4,8,6,4,4,-6,828,0,890
70,5,1,1,1,50,1,91,0,0,3,0,13320,87,4,8,6,4,4,-6,1658,0,891
46,1,1,4,1,20,1,83,43,0,3,0,2970,20,4,8,6,4,4,-6,68,0,887
47,2,1,4,1,20,1,83,43,0,3,0,7290,60,4,8,6,4,4,-6,172,0,888
48,3,1,4,1,20,1,83,43,0,3,0,3600,20,4,8,6,4,4,-6,51,0,889
49,4,1,4,1,20,1,83,43,0,3,0,3600,20,4,8,6,4,4,-6,51,0,890
50,5,1,4,1,20,1,83,43,0,3,0,4860,40,4,8,6,4,4,-6,103,0,891
51,1,1,4,1,30,1,85,45,0,3,0,4320,24,4,8,6,4,4,-6,137,0,887
52,2,1,4,1,30,1,85,45,0,3,0,10440,78,4,8,6,4,4,-6,345,0,888
53,3,1,4,1,30,1,85,45,0,3,0,5220,24,4,8,6,4,4,-6,103,0,889
54,4,1,4,1,30,1,85,45,0,3,0,5220,24,4,8,6,4,4,-6,103,0,890
55,5,1,4,1,30,1,85,45,0,3,0,6930,51,4,8,6,4,4,-6,207,0,891
56,1,1,4,1,30,1,87,47,0,3,0,5670,31,4,8,6,4,4,-6,276,0,887
57,2,1,4,1,30,1,87,47,0,3,0,13590,96,4,8,6,4,4,-6,691,0,888
58,3,1,4,1,30,1,87,47,0,3,0,6750,31,4,8,6,4,4,-6,207,0,889
59,4,1,4,1,30,1,87,47,0,3,0,6750,31,4,8,6,4,4,-6,207,0,890
60,5,1,4,1,30,1,87,47,0,3,0,9090,63,4,8,6,4,4,-6,414,0,891
61,1,1,4,1,50,1,89,49,0,3,0,7020,38,4,8,6,4,4,-6,552,0,887
62,2,1,4,1,50,1,89,49,0,3,0,16830,114,4,8,6,4,4,-6,1382,0,888
63,3,1,4,1,50,1,89,49,0,3,0,8370,38,4,8,6,4,4,-6,414,0,889
64,4,1,4,1,50,1,89,49,0,3,0,8370,38,4,8,6,4,4,-6,414,0,890
65,5,1,4,1,50,1,89,49,0,3,0,11160,76,4,8,6,4,4,-6,828,0,891
66,1,1,4,1,50,1,91,51,0,3,0,8280,42,4,8,6,4,4,-6,1105,0,887
67,2,1,4,1,50,1,91,51,0,3,0,19980,132,4,8,6,4,4,-6,2764,0,888
68,3,1,4,1,50,1,91,51,0,3,0,9990,42,4,8,6,4,4,-6,828,0,889
69,4,1,4,1,50,1,91,51,0,3,0,9990,42,4,8,6,4,4,-6,828,0,890
70,5,1,4,1,50,1,91,51,0,3,0,13320,87,4,8,6,4,4,-6,1658,0,891
46,1,1,5,1,20,1,83,43,63,3,0,2970,20,4,8,6,4,4,-6,68,0,887
47,2,1,5,1,20,1,83,43,63,3,0,7290,60,4,8,6,4,4,-6,172,0,888
48,3,1,5,1,20,1,83,43,63,3,0,3600,20,4,8,6,4,4,-6,51,0,889
49,4,1,5,1,20,1,83,43,63,3,0,3600,20,4,8,6,4,4,-6,51,0,890
50,5,1,5,1,20,1,83,43,63,3,0,4860,40,4,8,6,4,4,-6,103,0,891
51,1,1,5,1,30,1,85,45,65,3,0,4320,24,4,8,6,4,4,-6,137,0,887
52,2,1,5,1,30,1,85,45,65,3,0,10440,78,4,8,6,4,4,-6,345,0,888
53,3,1,5,1,30,1,85,45,65,3,0,5220,24,4,8,6,4,4,-6,103,0,889
54,4,1,5,1,30,1,85,45,65,3,0,5220,24,4,8,6,4,4,-6,103,0,890
55,5,1,5,1,30,1,85,45,65,3,0,6930,51,4,8,6,4,4,-6,207,0,891
56,1,1,5,1,30,1,87,47,67,3,0,5670,31,4,8,6,4,4,-6,276,0,887
57,2,1,5,1,30,1,87,47,67,3,0,13590,96,4,8,6,4,4,-6,691,0,888
58,3,1,5,1,30,1,87,47,67,3,0,6750,31,4,8,6,4,4,-6,207,0,889
59,4,1,5,1,30,1,87,47,67,3,0,6750,31,4,8,6,4,4,-6,207,0,890
60,5,1,5,1,30,1,87,47,67,3,0,9090,63,4,8,6,4,4,-6,414,0,891
61,1,1,5,1,50,1,89,49,69,3,0,7020,38,4,8,6,4,4,-6,552,0,887
62,2,1,5,1,50,1,89,49,69,3,0,16830,114,4,8,6,4,4,-6,1382,0,888
63,3,1,5,1,50,1,89,49,69,3,0,8370,38,4,8,6,4,4,-6,414,0,889
64,4,1,5,1,50,1,89,49,69,3,0,8370,38,4,8,6,4,4,-6,414,0,890
65,5,1,5,1,50,1,89,49,69,3,0,11160,76,4,8,6,4,4,-6,828,0,891
66,1,1,5,1,50,1,91,51,71,3,0,8280,42,4,8,6,4,4,-6,1105,0,887
67,2,1,5,1,50,1,91,51,71,3,0,19980,132,4,8,6,4,4,-6,2764,0,888
68,3,1,5,1,50,1,91,51,71,3,0,9990,42,4,8,6,4,4,-6,828,0,889
69,4,1,5,1,50,1,91,51,71,3,0,9990,42,4,8,6,4,4,-6,828,0,890
70,5,1,5,1,50,1,91,51,71,3,0,13320,87,4,8,6,4,4,-6,1658,0,891
71,1,1,1,1,20,1,83,0,0,3,0,2970,22,4,6,6,6,6,-8,76,0,887
72,2,1,1,1,20,1,83,0,0,3,0,7290,67,4,6,6,6,6,-8,192,0,888
73,3,1,1,1,20,1,83,0,0,3,0,3600,22,4,6,6,6,6,-8,57,0,889
74,4,1,1,1,20,1,83,0,0,3,0,3600,22,4,6,6,6,6,-8,57,0,890
75,5,1,1,1,20,1,83,0,0,3,0,4860,45,4,6,6,6,6,-8,115,0,891
76,1,1,1,1,30,1,85,0,0,3,0,4320,29,4,6,6,6,6,-8,153,0,887
77,2,1,1,1,30,1,85,0,0,3,0,10440,87,4,6,6,6,6,-8,384,0,888
78,3,1,1,1,30,1,85,0,0,3,0,5220,29,4,6,6,6,6,-8,115,0,889
79,4,1,1,1,30,1,85,0,0,3,0,5220,29,4,6,6,6,6,-8,115,0,890
80,5,1,1,1,30,1,85,0,0,3,0,6930,58,4,6,6,6,6,-8,230,0,891
81,1,1,1,1,30,1,87,0,0,3,0,5670,36,4,6,6,6,6,-8,307,0,887
82,2,1,1,1,30,1,87,0,0,3,0,13590,108,4,6,6,6,6,-8,768,0,888
83,3,1,1,1,30,1,87,0,0,3,0,6750,36,4,6,6,6,6,-8,230,0,889
84,4,1,1,1,30,1,87,0,0,3,0,6750,36,4,6,6,6,6,-8,230,0,890
85,5,1,1,1,30,1,87,0,0,3,0,9090,72,4,6,6,6,6,-8,460,0,891
86,1,1,1,1,50,1,89,0,0,3,0,7020,42,4,6,6,6,6,-8,614,0,887
87,2,1,1,1,50,1,89,0,0,3,0,16830,128,4,6,6,6,6,-8,1536,0,888
88,3,1,1,1,50,1,89,0,0,3,0,8370,42,4,6,6,6,6,-8,460,0,889
89,4,1,1,1,50,1,89,0,0,3,0,8370,42,4,6,6,6,6,-8,460,0,890
90,5,1,1,1,50,1,89,0,0,3,0,11160,85,4,6,6,6,6,-8,921,0,891
91,1,1,1,1,50,1,91,0,0,3,0,8280,49,4,6,6,6,6,-8,1228,0,887
92,2,1,1,1,50,1,91,0,0,3,0,19980,148,4,6,6,6,6,-8,3072,0,888
93,3,1,1,1,50,1,91,0,0,3,0,9990,49,4,6,6,6,6,-8,921,0,889
94,4,1,1,1,50,1,91,0,0,3,0,9990,49,4,6,6,6,6,-8,921,0,890
95,5,1,1,1,50,1,91,0,0,3,0,13320,99,4,6,6,6,6,-8,1843,0,891
71,1,1,4,1,20,1,83,103,0,3,0,2970,22,4,6,6,6,6,-8,76,0,887
72,2,1,4,1,20,1,83,103,0,3,0,7290,67,4,6,6,6,6,-8,192,0,888
73,3,1,4,1,20,1,83,103,0,3,0,3600,22,4,6,6,6,6,-8,57,0,889
74,4,1,4,1,20,1,83,103,0,3,0,3600,22,4,6,6,6,6,-8,57,0,890
75,5,1,4,1,20,1,83,103,0,3,0,4860,45,4,6,6,6,6,-8,115,0,891
76,1,1,4,1,30,1,85,105,0,3,0,4320,29,4,6,6,6,6,-8,153,0,887
77,2,1,4,1,30,1,85,105,0,3,0,10440,87,4,6,6,6,6,-8,384,0,888
78,3,1,4,1,30,1,85,105,0,3,0,5220,29,4,6,6,6,6,-8,115,0,889
79,4,1,4,1,30,1,85,105,0,3,0,5220,29,4,6,6,6,6,-8,115,0,890
80,5,1,4,1,30,1,85,105,0,3,0,6930,58,4,6,6,6,6,-8,230,0,891
81,1,1,4,1,30,1,87,107,0,3,0,5670,36,4,6,6,6,6,-8,307,0,887
82,2,1,4,1,30,1,87,107,0,3,0,13590,108,4,6,6,6,6,-8,768,0,888
83,3,1,4,1,30,1,87,107,0,3,0,6750,36,4,6,6,6,6,-8,230,0,889
84,4,1,4,1,30,1,87,107,0,3,0,6750,36,4,6,6,6,6,-8,230,0,890
85,5,1,4,1,30,1,87,107,0,3,0,9090,72,4,6,6,6,6,-8,460,0,891
86,1,1,4,1,50,1,89,109,0,3,0,7020,42,4,6,6,6,6,-8,614,0,887
87,2,1,4,1,50,1,89,109,0,3,0,16830,128,4,6,6,6,6,-8,1536,0,888
88,3,1,4,1,50,1,89,109,0,3,0,8370,42,4,6,6,6,6,-8,460,0,889
89,4,1,4,1,50,1,89,109,0,3,0,8370,42,4,6,6,6,6,-8,460,0,890
90,5,1,4,1,50,1,89,109,0,3,0,11160,85,4,6,6,6,6,-8,921,0,891
91,1,1,4,1,50,1,91,111,0,3,0,8280,49,4,6,6,6,6,-8,1228,0,887
92,2,1,4,1,50,1,91,111,0,3,0,19980,148,4,6,6,6,6,-8,3072,0,888
93,3,1,4,1,50,1,91,111,0,3,0,9990,49,4,6,6,6,6,-8,921,0,889
94,4,1,4,1,50,1,91,111,0,3,0,9990,49,4,6,6,6,6,-8,921,0,890
95,5,1,4,1,50,1,91,111,0,3,0,13320,99,4,6,6,6,6,-8,1843,0,891
71,1,1,5,1,20,1,83,103,464,3,0,2970,22,4,6,6,6,6,-8,76,0,887
72,2,1,5,1,20,1,83,103,464,3,0,7290,67,4,6,6,6,6,-8,192,0,888
73,3,1,5,1,20,1,83,103,464,3,0,3600,22,4,6,6,6,6,-8,57,0,889
74,4,1,5,1,20,1,83,103,464,3,0,3600,22,4,6,6,6,6,-8,57,0,890
75,5,1,5,1,20,1,83,103,464,3,0,4860,45,4,6,6,6,6,-8,115,0,891
76,1,1,5,1,30,1,85,105,464,3,0,4320,29,4,6,6,6,6,-8,153,0,887
77,2,1,5,1,30,1,85,105,464,3,0,10440,87,4,6,6,6,6,-8,384,0,888
78,3,1,5,1,30,1,85,105,464,3,0,5220,29,4,6,6,6,6,-8,115,0,889
79,4,1,5,1,30,1,85,105,464,3,0,5220,29,4,6,6,6,6,-8,115,0,890
80,5,1,5,1,30,1,85,105,464,3,0,6930,58,4,6,6,6,6,-8,230,0,891
81,1,1,5,1,30,1,87,107,464,3,0,5670,36,4,6,6,6,6,-8,307,0,887
82,2,1,5,1,30,1,87,107,464,3,0,13590,108,4,6,6,6,6,-8,768,0,888
83,3,1,5,1,30,1,87,107,464,3,0,6750,36,4,6,6,6,6,-8,230,0,889
84,4,1,5,1,30,1,87,107,464,3,0,6750,36,4,6,6,6,6,-8,230,0,890
85,5,1,5,1,30,1,87,107,464,3,0,9090,72,4,6,6,6,6,-8,460,0,891
86,1,1,5,1,50,1,89,109,464,3,0,7020,42,4,6,6,6,6,-8,614,0,887
87,2,1,5,1,50,1,89,109,464,3,0,16830,128,4,6,6,6,6,-8,1536,0,888
88,3,1,5,1,50,1,89,109,464,3,0,8370,42,4,6,6,6,6,-8,460,0,889
89,4,1,5,1,50,1,89,109,464,3,0,8370,42,4,6,6,6,6,-8,460,0,890
90,5,1,5,1,50,1,89,109,464,3,0,11160,85,4,6,6,6,6,-8,921,0,891
91,1,1,5,1,50,1,91,111,464,3,0,8280,49,4,6,6,6,6,-8,1228,0,887
92,2,1,5,1,50,1,91,111,464,3,0,19980,148,4,6,6,6,6,-8,3072,0,888
93,3,1,5,1,50,1,91,111,464,3,0,9990,49,4,6,6,6,6,-8,921,0,889
94,4,1,5,1,50,1,91,111,464,3,0,9990,49,4,6,6,6,6,-8,921,0,890
95,5,1,5,1,50,1,91,111,464,3,0,13320,99,4,6,6,6,6,-8,1843,0,891
96,1,2,1,1,20,1,83,0,0,3,0,2430,18,4,10,6,2,10,-6,92,0,887
97,2,2,1,1,20,1,83,0,0,3,0,6030,54,4,10,6,2,10,-6,230,0,888
98,3,2,1,1,20,1,83,0,0,3,0,4860,18,4,10,6,2,10,-6,69,0,889
99,4,2,1,1,20,1,83,0,0,3,0,4860,18,4,10,6,2,10,-6,69,0,890
100,5,2,1,1,20,1,83,0,0,3,0,4230,36,4,10,6,2,10,-6,138,0,891
101,1,2,1,1,30,1,85,0,0,3,0,3420,22,4,10,6,2,10,-6,184,0,887
102,2,2,1,1,30,1,85,0,0,3,0,8730,69,4,10,6,2,10,-6,460,0,888
103,3,2,1,1,30,1,85,0,0,3,0,6930,22,4,10,6,2,10,-6,138,0,889
104,4,2,1,1,30,1,85,0,0,3,0,6930,22,4,10,6,2,10,-6,138,0,890
105,5,2,1,1,30,1,85,0,0,3,0,6120,45,4,10,6,2,10,-6,276,0,891
106,1,2,1,1,30,1,87,0,0,3,0,4500,27,4,10,6,2,10,-6,368,0,887
107,2,2,1,1,30,1,87,0,0,3,0,11340,85,4,10,6,2,10,-6,921,0,888
108,3,2,1,1,30,1,87,0,0,3,0,9090,27,4,10,6,2,10,-6,276,0,889
109,4,2,1,1,30,1,87,0,0,3,0,9090,27,4,10,6,2,10,-6,276,0,890
110,5,2,1,1,30,1,87,0,0,3,0,7920,56,4,10,6,2,10,-6,552,0,891
111,1,2,1,1,50,1,89,0,0,3,0,5580,33,4,10,6,2,10,-6,737,0,887
112,2,2,1,1,50,1,89,0,0,3,0,14040,101,4,10,6,2,10,-6,1843,0,888
113,3,2,1,1,50,1,89,0,0,3,0,11160,33,4,10,6,2,10,-6,552,0,889
114,4,2,1,1,50,1,89,0,0,3,0,11160,33,4,10,6,2,10,-6,552,0,890
115,5,2,1,1,50,1,89,0,0,3,0,9810,67,4,10,6,2,10,-6,1105,0,891
116,1,2,1,1,50,1,91,0,0,3,0,6660,38,4,10,6,2,10,-6,1474,0,887
117,2,2,1,1,50,1,91,0,0,3,0,16650,117,4,10,6,2,10,-6,3686,0,888
118,3,2,1,1,50,1,91,0,0,3,0,13320,38,4,10,6,2,10,-6,1105,0,889
119,4,2,1,1,50,1,91,0,0,3,0,13320,38,4,10,6,2,10,-6,1105,0,890
120,5,2,1,1,50,1,91,0,0,3,0,11610,78,4,10,6,2,10,-6,2211,0,891
96,1,2,4,1,20,1,83,0,0,3,1,2430,18,4,10,6,2,10,-6,92,0,887
97,2,2,4,1,20,1,83,0,0,3,1,6030,54,4,10,6,2,10,-6,230,0,888
98,3,2,4,1,20,1,83,0,0,3,1,4860,18,4,10,6,2,10,-6,69,0,889
99,4,2,4,1,20,1,83,0,0,3,1,4860,18,4,10,6,2,10,-6,69,0,890
100,5,2,4,1,20,1,83,0,0,3,1,4230,36,4,10,6,2,10,-6,138,0,891
101,1,2,4,1,30,1,85,0,0,3,1,3420,22,4,10,6,2,10,-6,184,0,887
102,2,2,4,1,30,1,85,0,0,3,1,8730,69,4,10,6,2,10,-6,460,0,888
103,3,2,4,1,30,1,85,0,0,3,1,6930,22,4,10,6,2,10,-6,138,0,889
104,4,2,4,1,30,1,85,0,0,3,1,6930,22,4,10,6,2,10,-6,138,0,890
105,5,2,4,1,30,1,85,0,0,3,1,6120,45,4,10,6,2,10,-6,276,0,891
106,1,2,4,1,30,1,87,0,0,3,1,4500,27,4,10,6,2,10,-6,368,0,887
107,2,2,4,1,30,1,87,0,0,3,1,11340,85,4,10,6,2,10,-6,921,0,888
108,3,2,4,1,30,1,87,0,0,3,1,9090,27,4,10,6,2,10,-6,276,0,889
109,4,2,4,1,30,1,87,0,0,3,1,9090,27,4,10,6,2,10,-6,276,0,890
110,5,2,4,1,30,1,87,0,0,3,1,7920,56,4,10,6,2,10,-6,552,0,891
111,1,2,4,1,50,1,89,0,0,3,1,5580,33,4,10,6,2,10,-6,737,0,887
112,2,2,4,1,50,1,89,0,0,3,1,14040,101,4,10,6,2,10,-6,1843,0,888
113,3,2,4,1,50,1,89,0,0,3,1,11160,33,4,10,6,2,10,-6,552,0,889
114,4,2,4,1,50,1,89,0,0,3,1,11160,33,4,10,6,2,10,-6,552,0,890
115,5,2,4,1,50,1,89,0,0,3,1,9810,67,4,10,6,2,10,-6,1105,0,891
116,1,2,4,1,50,1,91,0,0,3,1,6660,38,4,10,6,2,10,-6,1474,0,887
117,2,2,4,1,50,1,91,0,0,3,1,16650,117,4,10,6,2,10,-6,3686,0,888
118,3,2,4,1,50,1,91,0,0,3,1,13320,38,4,10,6,2,10,-6,1105,0,889
119,4,2,4,1,50,1,91,0,0,3,1,13320,38,4,10,6,2,10,-6,1105,0,890
120,5,2,4,1,50,1,91,0,0,3,1,11610,78,4,10,6,2,10,-6,2211,0,891
96,1,2,5,1,20,1,83,3,0,3,1,2430,18,4,10,6,2,10,-6,92,0,887
97,2,2,5,1,20,1,83,3,0,3,1,6030,54,4,10,6,2,10,-6,230,0,888
98,3,2,5,1,20,1,83,3,0,3,1,4860,18,4,10,6,2,10,-6,69,0,889
99,4,2,5,1,20,1,83,3,0,3,1,4860,18,4,10,6,2,10,-6,69,0,890
100,5,2,5,1,20,1,83,3,0,3,1,4230,36,4,10,6,2,10,-6,138,0,891
101,1,2,5,1,30,1,85,5,0,3,1,3420,22,4,10,6,2,10,-6,184,0,887
102,2,2,5,1,30,1,85,5,0,3,1,8730,69,4,10,6,2,10,-6,460,0,888
103,3,2,5,1,30,1,85,5,0,3,1,6930,22,4,10,6,2,10,-6,138,0,889
104,4,2,5,1,30,1,85,5,0,3,1,6930,22,4,10,6,2,10,-6,138,0,890
105,5,2,5,1,30,1,85,5,0,3,1,6120,45,4,10,6,2,10,-6,276,0,891
106,1,2,5,1,30,1,87,7,0,3,1,4500,27,4,10,6,2,10,-6,368,0,887
107,2,2,5,1,30,1,87,7,0,3,1,11340,85,4,10,6,2,10,-6,921,0,888
108,3,2,5,1,30,1,87,7,0,3,1,9090,27,4,10,6,2,10,-6,276,0,889
109,4,2,5,1,30,1,87,7,0,3,1,9090,27,4,10,6,2,10,-6,276,0,890
110,5,2,5,1,30,1,87,7,0,3,1,7920,56,4,10,6,2,10,-6,552,0,891
111,1,2,5,1,50,1,89,9,0,3,1,5580,33,4,10,6,2,10,-6,737,0,887
112,2,2,5,1,50,1,89,9,0,3,1,14040,101,4,10,6,2,10,-6,1843,0,888
113,3,2,5,1,50,1,89,9,0,3,1,11160,33,4,10,6,2,10,-6,552,0,889
114,4,2,5,1,50,1,89,9,0,3,1,11160,33,4,10,6,2,10,-6,552,0,890
115,5,2,5,1,50,1,89,9,0,3,1,9810,67,4,10,6,2,10,-6,1105,0,891
116,1,2,5,1,50,1,91,11,0,3,1,6660,38,4,10,6,2,10,-6,1474,0,887
117,2,2,5,1,50,1,91,11,0,3,1,16650,117,4,10,6,2,10,-6,3686,0,888
118,3,2,5,1,50,1,91,11,0,3,1,13320,38,4,10,6,2,10,-6,1105,0,889
119,4,2,5,1,50,1,91,11,0,3,1,13320,38,4,10,6,2,10,-6,1105,0,890
120,5,2,5,1,50,1,91,11,0,3,1,11610,78,4,10,6,2,10,-6,2211,0,891
121,1,1,1,1,20,2,43,0,0,2,0,7560,33,6,2,4,8,2,-12,115,0,892
122,2,1,1,1,20,2,43,0,0,2,0,18270,101,6,2,4,8,2,-12,288,0,893
123,3,1,1,1,20,2,43,0,0,2,0,18180,33,6,2,4,8,2,-12,86,0,894
124,4,1,1,1,20,2,43,0,0,2,0,18180,33,6,2,4,8,2,-12,86,0,895
125,5,1,1,1,20,2,43,0,0,2,0,12150,67,6,2,4,8,2,-12,172,0,896
126,1,1,1,1,30,2,45,0,0,2,0,10890,42,6,2,4,8,2,-12,230,0,892
127,2,1,1,1,30,2,45,0,0,2,0,26190,130,6,2,4,8,2,-12,576,0,893
128,3,1,1,1,30,2,45,0,0,2,0,26100,42,6,2,4,8,2,-12,172,0,894
129,4,1,1,1,30,2,45,0,0,2,0,26100,42,6,2,4,8,2,-12,172,0,895
130,5,1,1,1,30,2,45,0,0,2,0,17460,87,6,2,4,8,2,-12,345,0,896
131,1,1,1,1,30,2,47,0,0,2,0,14220,54,6,2,4,8,2,-12,460,0,892
132,2,1,1,1,30,2,47,0,0,2,0,34110,162,6,2,4,8,2,-12,1152,0,893
133,3,1,1,1,30,2,47,0,0,2,0,34020,54,6,2,4,8,2,-12,345,0,894
134,4,1,1,1,30,2,47,0,0,2,0,34020,54,6,2,4,8,2,-12,345,0,895
135,5,1,1,1,30,2,47,0,0,2,0,22770,108,6,2,4,8,2,-12,691,0,896
136,1,1,1,1,50,2,49,0,0,2,0,17550,63,6,2,4,8,2,-12,921,0,892
137,2,1,1,1,50,2,49,0,0,2,0,42120,191,6,2,4,8,2,-12,2304,0,893
138,3,1,1,1,50,2,49,0,0,2,0,42120,63,6,2,4,8,2,-12,691,0,894
139,4,1,1,1,50,2,49,0,0,2,0,42120,63,6,2,4,8,2,-12,691,0,895
140,5,1,1,1,50,2,49,0,0,2,0,28080,128,6,2,4,8,2,-12,1382,0,896
431,1,1,1,5,60,2,54,114,1589,12,1,28570,280,10,6,6,10,10,6,1843,0,892
432,2,1,1,5,60,2,54,114,1589,12,1,62560,850,10,6,6,10,10,6,4608,0,893
433,3,1,1,5,60,2,54,114,1589,12,1,60000,280,10,6,6,10,10,6,1382,0,894
434,4,1,1,5,60,2,54,114,1589,12,1,60000,280,10,6,6,10,10,6,1382,0,895
435,5,1,1,5,60,2,54,114,1589,12,1,48120,560,10,6,6,10,10,6,2764,0,896
121,1,1,4,1,20,2,43,103,0,2,0,7560,33,6,2,4,8,2,-12,115,0,892
122,2,1,4,1,20,2,43,103,0,2,0,18270,101,6,2,4,8,2,-12,288,0,893
123,3,1,4,1,20,2,43,103,0,2,0,18180,33,6,2,4,8,2,-12,86,0,894
124,4,1,4,1,20,2,43,103,0,2,0,18180,33,6,2,4,8,2,-12,86,0,895
125,5,1,4,1,20,2,43,103,0,2,0,12150,67,6,2,4,8,2,-12,172,0,896
126,1,1,4,1,30,2,45,105,0,2,0,10890,42,6,2,4,8,2,-12,230,0,892
127,2,1,4,1,30,2,45,105,0,2,0,26190,130,6,2,4,8,2,-12,576,0,893
128,3,1,4,1,30,2,45,105,0,2,0,26100,42,6,2,4,8,2,-12,172,0,894
129,4,1,4,1,30,2,45,105,0,2,0,26100,42,6,2,4,8,2,-12,172,0,895
130,5,1,4,1,30,2,45,105,0,2,0,17460,87,6,2,4,8,2,-12,345,0,896
131,1,1,4,1,30,2,47,107,0,2,0,14220,54,6,2,4,8,2,-12,460,0,892
132,2,1,4,1,30,2,47,107,0,2,0,34110,162,6,2,4,8,2,-12,1152,0,893
133,3,1,4,1,30,2,47,107,0,2,0,34020,54,6,2,4,8,2,-12,345,0,894
134,4,1,4,1,30,2,47,107,0,2,0,34020,54,6,2,4,8,2,-12,345,0,895
135,5,1,4,1,30,2,47,107,0,2,0,22770,108,6,2,4,8,2,-12,691,0,896
136,1,1,4,1,50,2,49,109,0,2,0,17550,63,6,2,4,8,2,-12,921,0,892
137,2,1,4,1,50,2,49,109,0,2,0,42120,191,6,2,4,8,2,-12,2304,0,893
138,3,1,4,1,50,2,49,109,0,2,0,42120,63,6,2,4,8,2,-12,691,0,894
139,4,1,4,1,50,2,49,109,0,2,0,42120,63,6,2,4,8,2,-12,691,0,895
140,5,1,4,1,50,2,49,109,0,2,0,28080,128,6,2,4,8,2,-12,1382,0,896
431,1,1,4,5,60,2,51,111,0,2,0,28570,74,10,2,4,8,2,-12,1843,0,892
432,2,1,4,5,60,2,51,111,0,2,0,62560,222,10,2,4,8,2,-12,4608,0,893
433,3,1,4,5,60,2,51,111,0,2,0,60000,74,10,2,4,8,2,-12,1382,0,894
434,4,1,4,5,60,2,51,111,0,2,0,60000,74,10,2,4,8,2,-12,1382,0,895
435,5,1,4,5,60,2,51,111,0,2,0,48120,148,10,2,4,8,2,-12,2764,0,896
121,1,1,5,1,20,2,43,103,1578,2,0,7560,33,6,2,4,8,2,-12,115,0,892
122,2,1,5,1,20,2,43,103,1578,2,0,18270,101,6,2,4,8,2,-12,288,0,893
123,3,1,5,1,20,2,43,103,1578,2,0,18180,33,6,2,4,8,2,-12,86,0,894
124,4,1,5,1,20,2,43,103,1578,2,0,18180,33,6,2,4,8,2,-12,86,0,895
125,5,1,5,1,20,2,43,103,1578,2,0,12150,67,6,2,4,8,2,-12,172,0,896
126,1,1,5,1,30,2,45,105,1580,2,0,10890,42,6,2,4,8,2,-12,230,0,892
127,2,1,5,1,30,2,45,105,1580,2,0,26190,130,6,2,4,8,2,-12,576,0,893
128,3,1,5,1,30,2,45,105,1580,2,0,26100,42,6,2,4,8,2,-12,172,0,894
129,4,1,5,1,30,2,45,105,1580,2,0,26100,42,6,2,4,8,2,-12,172,0,895
130,5,1,5,1,30,2,45,105,1580,2,0,17460,87,6,2,4,8,2,-12,345,0,896
131,1,1,5,1,30,2,47,107,1582,2,0,14220,54,6,2,4,8,2,-12,460,0,892
132,2,1,5,1,30,2,47,107,1582,2,0,34110,162,6,2,4,8,2,-12,1152,0,893
133,3,1,5,1,30,2,47,107,1582,2,0,34020,54,6,2,4,8,2,-12,345,0,894
134,4,1,5,1,30,2,47,107,1582,2,0,34020,54,6,2,4,8,2,-12,345,0,895
135,5,1,5,1,30,2,47,107,1582,2,0,22770,108,6,2,4,8,2,-12,691,0,896
136,1,1,5,1,50,2,49,109,1584,2,0,17550,63,6,2,4,8,2,-12,921,0,892
137,2,1,5,1,50,2,49,109,1584,2,0,42120,191,6,2,4,8,2,-12,2304,0,893
138,3,1,5,1,50,2,49,109,1584,2,0,42120,63,6,2,4,8,2,-12,691,0,894
139,4,1,5,1,50,2,49,109,1584,2,0,42120,63,6,2,4,8,2,-12,691,0,895
140,5,1,5,1,50,2,49,109,1584,2,0,28080,128,6,2,4,8,2,-12,1382,0,896
431,1,1,5,5,60,2,51,111,1586,2,0,28570,74,10,2,4,8,2,-12,1843,0,892
432,2,1,5,5,60,2,51,111,1586,2,0,62560,222,10,2,4,8,2,-12,4608,0,893
433,3,1,5,5,60,2,51,111,1586,2,0,60000,74,10,2,4,8,2,-12,1382,0,894
434,4,1,5,5,60,2,51,111,1586,2,0,60000,74,10,2,4,8,2,-12,1382,0,895
435,5,1,5,5,60,2,51,111,1586,2,0,48120,148,10,2,4,8,2,-12,2764,0,896
146,1,1,1,1,20,2,63,0,0,2,0,7560,29,6,4,4,6,6,-10,103,0,892
147,2,1,1,1,20,2,63,0,0,2,0,18270,87,6,4,4,6,6,-10,259,0,893
148,3,1,1,1,20,2,63,0,0,2,0,18180,29,6,4,4,6,6,-10,77,0,894
149,4,1,1,1,20,2,63,0,0,2,0,18180,29,6,4,4,6,6,-10,77,0,895
150,5,1,1,1,20,2,63,0,0,2,0,12150,58,6,4,4,6,6,-10,154,0,896
151,1,1,1,1,30,2,65,0,0,2,0,10890,36,6,4,4,6,6,-10,207,0,892
152,2,1,1,1,30,2,65,0,0,2,0,26190,112,6,4,4,6,6,-10,518,0,893
153,3,1,1,1,30,2,65,0,0,2,0,26100,36,6,4,4,6,6,-10,154,0,894
154,4,1,1,1,30,2,65,0,0,2,0,26100,36,6,4,4,6,6,-10,154,0,895
155,5,1,1,1,30,2,65,0,0,2,0,17460,74,6,4,4,6,6,-10,310,0,896
156,1,1,1,1,30,2,67,0,0,2,0,14220,45,6,4,4,6,6,-10,414,0,892
157,2,1,1,1,30,2,67,0,0,2,0,34110,139,6,4,4,6,6,-10,1036,0,893
158,3,1,1,1,30,2,67,0,0,2,0,34020,45,6,4,4,6,6,-10,310,0,894
159,4,1,1,1,30,2,67,0,0,2,0,34020,45,6,4,4,6,6,-10,310,0,895
160,5,1,1,1,30,2,67,0,0,2,0,22770,92,6,4,4,6,6,-10,621,0,896
161,1,1,1,1,50,2,69,0,0,2,0,17550,54,6,4,4,6,6,-10,828,0,892
162,2,1,1,1,50,2,69,0,0,2,0,42120,166,6,4,4,6,6,-10,2073,0,893
163,3,1,1,1,50,2,69,0,0,2,0,42120,54,6,4,4,6,6,-10,621,0,894
164,4,1,1,1,50,2,69,0,0,2,0,42120,54,6,4,4,6,6,-10,621,0,895
165,5,1,1,1,50,2,69,0,0,2,0,28080,110,6,4,4,6,6,-10,1243,0,896
166,1,1,1,1,50,2,71,0,0,2,0,20790,63,6,4,4,6,6,-10,1658,0,892
167,2,1,1,1,50,2,71,0,0,2,0,49950,191,6,4,4,6,6,-10,4147,0,893
168,3,1,1,1,50,2,71,0,0,2,0,49860,63,6,4,4,6,6,-10,1243,0,894
169,4,1,1,1,50,2,71,0,0,2,0,49860,63,6,4,4,6,6,-10,1243,0,895
170,5,1,1,1,50,2,71,0,0,2,0,33300,128,6,4,4,6,6,-10,2487,0,896
146,1,1,4,1,20,2,63,0,0,2,1,7560,29,6,4,4,6,6,-10,103,0,892
147,2,1,4,1,20,2,63,0,0,2,1,18270,87,6,4,4,6,6,-10,259,0,893
148,3,1,4,1,20,2,63,0,0,2,1,18180,29,6,4,4,6,6,-10,77,0,894
149,4,1,4,1,20,2,63,0,0,2,1,18180,29,6,4,4,6,6,-10,77,0,895
150,5,1,4,1,20,2,63,0,0,2,1,12150,58,6,4,4,6,6,-10,154,0,896
151,1,1,4,1,30,2,65,0,0,2,1,10890,36,6,4,4,6,6,-10,207,0,892
152,2,1,4,1,30,2,65,0,0,2,1,26190,112,6,4,4,6,6,-10,518,0,893
153,3,1,4,1,30,2,65,0,0,2,1,26100,36,6,4,4,6,6,-10,154,0,894
154,4,1,4,1,30,2,65,0,0,2,1,26100,36,6,4,4,6,6,-10,154,0,895
155,5,1,4,1,30,2,65,0,0,2,1,17460,74,6,4,4,6,6,-10,310,0,896
156,1,1,4,1,30,2,67,0,0,2,1,14220,45,6,4,4,6,6,-10,414,0,892
157,2,1,4,1,30,2,67,0,0,2,1,34110,139,6,4,4,6,6,-10,1036,0,893
158,3,1,4,1,30,2,67,0,0,2,1,34020,45,6,4,4,6,6,-10,310,0,894
159,4,1,4,1,30,2,67,0,0,2,1,34020,45,6,4,4,6,6,-10,310,0,895
160,5,1,4,1,30,2,67,0,0,2,1,22770,92,6,4,4,6,6,-10,621,0,896
161,1,1,4,1,50,2,69,0,0,2,1,17550,54,6,4,4,6,6,-10,828,0,892
162,2,1,4,1,50,2,69,0,0,2,1,42120,166,6,4,4,6,6,-10,2073,0,893
163,3,1,4,1,50,2,69,0,0,2,1,42120,54,6,4,4,6,6,-10,621,0,894
164,4,1,4,1,50,2,69,0,0,2,1,42120,54,6,4,4,6,6,-10,621,0,895
165,5,1,4,1,50,2,69,0,0,2,1,28080,110,6,4,4,6,6,-10,1243,0,896
166,1,1,4,1,50,2,71,0,0,2,1,20790,63,6,4,4,6,6,-10,1658,0,892
167,2,1,4,1,50,2,71,0,0,2,1,49950,191,6,4,4,6,6,-10,4147,0,893
168,3,1,4,1,50,2,71,0,0,2,1,49860,63,6,4,4,6,6,-10,1243,0,894
169,4,1,4,1,50,2,71,0,0,2,1,49860,63,6,4,4,6,6,-10,1243,0,895
170,5,1,4,1,50,2,71,0,0,2,1,33300,128,6,4,4,6,6,-10,2487,0,896
146,1,1,5,1,20,2,63,2018,0,2,1,7560,29,6,4,4,6,6,-10,103,0,892
147,2,1,5,1,20,2,63,2018,0,2,1,18270,87,6,4,4,6,6,-10,259,0,893
148,3,1,5,1,20,2,63,2018,0,2,1,18180,29,6,4,4,6,6,-10,77,0,894
149,4,1,5,1,20,2,63,2018,0,2,1,18180,29,6,4,4,6,6,-10,77,0,895
150,5,1,5,1,20,2,63,2018,0,2,1,12150,58,6,4,4,6,6,-10,154,0,896
151,1,1,5,1,30,2,65,2020,0,2,1,10890,36,6,4,4,6,6,-10,207,0,892
152,2,1,5,1,30,2,65,2020,0,2,1,26190,112,6,4,4,6,6,-10,518,0,893
153,3,1,5,1,30,2,65,2020,0,2,1,26100,36,6,4,4,6,6,-10,154,0,894
154,4,1,5,1,30,2,65,2020,0,2,1,26100,36,6,4,4,6,6,-10,154,0,895
155,5,1,5,1,30,2,65,2020,0,2,1,17460,74,6,4,4,6,6,-10,310,0,896
156,1,1,5,1,30,2,67,2022,0,2,1,14220,45,6,4,4,6,6,-10,414,0,892
157,2,1,5,1,30,2,67,2022,0,2,1,34110,139,6,4,4,6,6,-10,1036,0,893
158,3,1,5,1,30,2,67,2022,0,2,1,34020,45,6,4,4,6,6,-10,310,0,894
159,4,1,5,1,30,2,67,2022,0,2,1,34020,45,6,4,4,6,6,-10,310,0,895
160,5,1,5,1,30,2,67,2022,0,2,1,22770,92,6,4,4,6,6,-10,621,0,896
161,1,1,5,1,50,2,69,2024,0,2,1,17550,54,6,4,4,6,6,-10,828,0,892
162,2,1,5,1,50,2,69,2024,0,2,1,42120,166,6,4,4,6,6,-10,2073,0,893
163,3,1,5,1,50,2,69,2024,0,2,1,42120,54,6,4,4,6,6,-10,621,0,894
164,4,1,5,1,50,2,69,2024,0,2,1,42120,54,6,4,4,6,6,-10,621,0,895
165,5,1,5,1,50,2,69,2024,0,2,1,28080,110,6,4,4,6,6,-10,1243,0,896
166,1,1,5,1,50,2,71,2026,0,2,1,20790,63,6,4,4,6,6,-10,1658,0,892
167,2,1,5,1,50,2,71,2026,0,2,1,49950,191,6,4,4,6,6,-10,4147,0,893
168,3,1,5,1,50,2,71,2026,0,2,1,49860,63,6,4,4,6,6,-10,1243,0,894
169,4,1,5,1,50,2,71,2026,0,2,1,49860,63,6,4,4,6,6,-10,1243,0,895
170,5,1,5,1,50,2,71,2026,0,2,1,33300,128,6,4,4,6,6,-10,2487,0,896
171,1,1,1,1,20,3,1578,0,0,1,0,4500,37,8,2,2,12,2,-16,154,0,897
172,2,1,1,1,20,3,1578,0,0,1,0,10980,115,8,2,2,12,2,-16,388,0,898
173,3,1,1,1,20,3,1578,0,0,1,0,5490,37,8,2,2,12,2,-16,116,0,899
174,4,1,1,1,20,3,1578,0,0,1,0,5490,37,8,2,2,12,2,-16,116,0,900
175,5,1,1,1,20,3,1578,0,0,1,0,7290,76,8,2,2,12,2,-16,233,0,901
176,1,1,1,1,30,3,1580,0,0,1,0,6480,48,8,2,2,12,2,-16,310,0,897
177,2,1,1,1,30,3,1580,0,0,1,0,15660,148,8,2,2,12,2,-16,777,0,898
178,3,1,1,1,30,3,1580,0,0,1,0,7830,48,8,2,2,12,2,-16,233,0,899
179,4,1,1,1,30,3,1580,0,0,1,0,7830,48,8,2,2,12,2,-16,233,0,900
180,5,1,1,1,30,3,1580,0,0,1,0,10440,98,8,2,2,12,2,-16,466,0,901
181,1,1,1,1,30,3,1582,0,0,1,0,8460,60,8,2,2,12,2,-16,621,0,897
182,2,1,1,1,30,3,1582,0,0,1,0,20430,184,8,2,2,12,2,-16,1555,0,898
183,3,1,1,1,30,3,1582,0,0,1,0,10170,60,8,2,2,12,2,-16,466,0,899
184,4,1,1,1,30,3,1582,0,0,1,0,10170,60,8,2,2,12,2,-16,466,0,900
185,5,1,1,1,30,3,1582,0,0,1,0,13590,122,8,2,2,12,2,-16,932,0,901
186,1,1,1,1,50,3,1584,0,0,1,0,10530,72,8,2,2,12,2,-16,1243,0,897
187,2,1,1,1,50,3,1584,0,0,1,0,25200,219,8,2,2,12,2,-16,3110,0,898
188,3,1,1,1,50,3,1584,0,0,1,0,12600,72,8,2,2,12,2,-16,932,0,899
189,4,1,1,1,50,3,1584,0,0,1,0,12600,72,8,2,2,12,2,-16,932,0,900
190,5,1,1,1,50,3,1584,0,0,1,0,16830,145,8,2,2,12,2,-16,1865,0,901
191,1,1,1,1,50,3,1586,0,0,1,0,12420,84,8,2,2,12,2,-16,2487,0,897
192,2,1,1,1,50,3,1586,0,0,1,0,29970,253,8,2,2,12,2,-16,6220,0,898
193,3,1,1,1,50,3,1586,0,0,1,0,14940,84,8,2,2,12,2,-16,1865,0,899
194,4,1,1,1,50,3,1586,0,0,1,0,14940,84,8,2,2,12,2,-16,1865,0,900
195,5,1,1,1,50,3,1586,0,0,1,0,19980,168,8,2,2,12,2,-16,3732,0,901
171,1,1,4,1,20,3,1578,1638,0,1,0,4500,37,8,2,2,12,2,-16,154,0,897
172,2,1,4,1,20,3,1578,1638,0,1,0,10980,115,8,2,2,12,2,-16,388,0,898
173,3,1,4,1,20,3,1578,1638,0,1,0,5490,37,8,2,2,12,2,-16,116,0,899
174,4,1,4,1,20,3,1578,1638,0,1,0,5490,37,8,2,2,12,2,-16,116,0,900
175,5,1,4,1,20,3,1578,1638,0,1,0,7290,76,8,2,2,12,2,-16,233,0,901
176,1,1,4,1,30,3,1580,1640,0,1,0,6480,48,8,2,2,12,2,-16,310,0,897
177,2,1,4,1,30,3,1580,1640,0,1,0,15660,148,8,2,2,12,2,-16,777,0,898
178,3,1,4,1,30,3,1580,1640,0,1,0,7830,48,8,2,2,12,2,-16,233,0,899
179,4,1,4,1,30,3,1580,1640,0,1,0,7830,48,8,2,2,12,2,-16,233,0,900
180,5,1,4,1,30,3,1580,1640,0,1,0,10440,98,8,2,2,12,2,-16,466,0,901
181,1,1,4,1,30,3,1582,1642,0,1,0,8460,60,8,2,2,12,2,-16,621,0,897
182,2,1,4,1,30,3,1582,1642,0,1,0,20430,184,8,2,2,12,2,-16,1555,0,898
183,3,1,4,1,30,3,1582,1642,0,1,0,10170,60,8,2,2,12,2,-16,466,0,899
184,4,1,4,1,30,3,1582,1642,0,1,0,10170,60,8,2,2,12,2,-16,466,0,900
185,5,1,4,1,30,3,1582,1642,0,1,0,13590,122,8,2,2,12,2,-16,932,0,901
186,1,1,4,1,50,3,1584,1644,0,1,0,10530,72,8,2,2,12,2,-16,1243,0,897
187,2,1,4,1,50,3,1584,1644,0,1,0,25200,219,8,2,2,12,2,-16,3110,0,898
188,3,1,4,1,50,3,1584,1644,0,1,0,12600,72,8,2,2,12,2,-16,932,0,899
189,4,1,4,1,50,3,1584,1644,0,1,0,12600,72,8,2,2,12,2,-16,932,0,900
190,5,1,4,1,50,3,1584,1644,0,1,0,16830,145,8,2,2,12,2,-16,1865,0,901
191,1,1,4,1,50,3,1586,1646,0,1,0,12420,84,8,2,2,12,2,-16,2487,0,897
192,2,1,4,1,50,3,1586,1646,0,1,0,29970,253,8,2,2,12,2,-16,6220,0,898
193,3,1,4,1,50,3,1586,1646,0,1,0,14940,84,8,2,2,12,2,-16,1865,0,899
194,4,1,4,1,50,3,1586,1646,0,1,0,14940,84,8,2,2,12,2,-16,1865,0,900
195,5,1,4,1,50,3,1586,1646,0,1,0,19980,168,8,2,2,12,2,-16,3732,0,901
171,1,1,5,1,20,3,1578,1638,3024,1,0,4500,37,8,2,2,12,2,-16,154,0,897
172,2,1,5,1,20,3,1578,1638,3024,1,0,10980,115,8,2,2,12,2,-16,388,0,898
173,3,1,5,1,20,3,1578,1638,3024,1,0,5490,37,8,2,2,12,2,-16,116,0,899
174,4,1,5,1,20,3,1578,1638,3024,1,0,5490,37,8,2,2,12,2,-16,116,0,900
175,5,1,5,1,20,3,1578,1638,3024,1,0,7290,76,8,2,2,12,2,-16,233,0,901
176,1,1,5,1,30,3,1580,1640,3026,1,0,6480,48,8,2,2,12,2,-16,310,0,897
177,2,1,5,1,30,3,1580,1640,3026,1,0,15660,148,8,2,2,12,2,-16,777,0,898
178,3,1,5,1,30,3,1580,1640,3026,1,0,7830,48,8,2,2,12,2,-16,233,0,899
179,4,1,5,1,30,3,1580,1640,3026,1,0,7830,48,8,2,2,12,2,-16,233,0,900
180,5,1,5,1,30,3,1580,1640,3026,1,0,10440,98,8,2,2,12,2,-16,466,0,901
181,1,1,5,1,30,3,1582,1642,3028,1,0,8460,60,8,2,2,12,2,-16,621,0,897
182,2,1,5,1,30,3,1582,1642,3028,1,0,20430,184,8,2,2,12,2,-16,1555,0,898
183,3,1,5,1,30,3,1582,1642,3028,1,0,10170,60,8,2,2,12,2,-16,466,0,899
184,4,1,5,1,30,3,1582,1642,3028,1,0,10170,60,8,2,2,12,2,-16,466,0,900
185,5,1,5,1,30,3,1582,1642,3028,1,0,13590,122,8,2,2,12,2,-16,932,0,901
186,1,1,5,1,50,3,1584,1644,3030,1,0,10530,72,8,2,2,12,2,-16,1243,0,897
187,2,1,5,1,50,3,1584,1644,3030,1,0,25200,219,8,2,2,12,2,-16,3110,0,898
188,3,1,5,1,50,3,1584,1644,3030,1,0,12600,72,8,2,2,12,2,-16,932,0,899
189,4,1,5,1,50,3,1584,1644,3030,1,0,12600,72,8,2,2,12,2,-16,932,0,900
190,5,1,5,1,50,3,1584,1644,3030,1,0,16830,145,8,2,2,12,2,-16,1865,0,901
191,1,1,5,1,50,3,1586,1646,3032,1,0,12420,84,8,2,2,12,2,-16,2487,0,897
192,2,1,5,1,50,3,1586,1646,3032,1,0,29970,253,8,2,2,12,2,-16,6220,0,898
193,3,1,5,1,50,3,1586,1646,3032,1,0,14940,84,8,2,2,12,2,-16,1865,0,899
194,4,1,5,1,50,3,1586,1646,3032,1,0,14940,84,8,2,2,12,2,-16,1865,0,900
195,5,1,5,1,50,3,1586,1646,3032,1,0,19980,168,8,2,2,12,2,-16,3732,0,901
196,1,1,1,1,20,3,1618,0,0,1,0,4500,39,8,2,2,10,2,-18,172,0,897
197,2,1,1,1,20,3,1618,0,0,1,0,10980,120,8,2,2,10,2,-18,432,0,898
198,3,1,1,1,20,3,1618,0,0,1,0,5490,39,8,2,2,10,2,-18,129,0,899
199,4,1,1,1,20,3,1618,0,0,1,0,5490,39,8,2,2,10,2,-18,129,0,900
200,5,1,1,1,20,3,1618,0,0,1,0,7290,80,8,2,2,10,2,-18,259,0,901
201,1,1,1,1,30,3,1620,0,0,1,0,6480,52,8,2,2,10,2,-18,345,0,897
202,2,1,1,1,30,3,1620,0,0,1,0,15660,156,8,2,2,10,2,-18,864,0,898
203,3,1,1,1,30,3,1620,0,0,1,0,7830,52,8,2,2,10,2,-18,259,0,899
204,4,1,1,1,30,3,1620,0,0,1,0,7830,52,8,2,2,10,2,-18,259,0,900
205,5,1,1,1,30,3,1620,0,0,1,0,10440,104,8,2,2,10,2,-18,518,0,901
206,1,1,1,1,30,3,1622,0,0,1,0,8460,64,8,2,2,10,2,-18,691,0,897
207,2,1,1,1,30,3,1622,0,0,1,0,20430,194,8,2,2,10,2,-18,1728,0,898
208,3,1,1,1,30,3,1622,0,0,1,0,10170,64,8,2,2,10,2,-18,518,0,899
209,4,1,1,1,30,3,1622,0,0,1,0,10170,64,8,2,2,10,2,-18,518,0,900
210,5,1,1,1,30,3,1622,0,0,1,0,13590,129,8,2,2,10,2,-18,1036,0,901
211,1,1,1,1,50,3,1624,0,0,1,0,10530,75,8,2,2,10,2,-18,1382,0,897
212,2,1,1,1,50,3,1624,0,0,1,0,25200,230,8,2,2,10,2,-18,3456,0,898
213,3,1,1,1,50,3,1624,0,0,1,0,12600,75,8,2,2,10,2,-18,1036,0,899
214,4,1,1,1,50,3,1624,0,0,1,0,12600,75,8,2,2,10,2,-18,1036,0,900
215,5,1,1,1,50,3,1624,0,0,1,0,16830,152,8,2,2,10,2,-18,2073,0,901
216,1,1,1,1,50,3,1626,0,0,1,0,12420,88,8,2,2,10,2,-18,2764,0,897
217,2,1,1,1,50,3,1626,0,0,1,0,29970,266,8,2,2,10,2,-18,6912,0,898
218,3,1,1,1,50,3,1626,0,0,1,0,14940,88,8,2,2,10,2,-18,2073,0,899
219,4,1,1,1,50,3,1626,0,0,1,0,14940,88,8,2,2,10,2,-18,2073,0,900
220,5,1,1,1,50,3,1626,0,0,1,0,19980,177,8,2,2,10,2,-18,4147,0,901
196,1,1,4,1,20,3,1618,1558,0,1,0,4500,39,8,2,2,10,2,-18,172,0,897
197,2,1,4,1,20,3,1618,1558,0,1,0,10980,120,8,2,2,10,2,-18,432,0,898
198,3,1,4,1,20,3,1618,1558,0,1,0,5490,39,8,2,2,10,2,-18,129,0,899
199,4,1,4,1,20,3,1618,1558,0,1,0,5490,39,8,2,2,10,2,-18,129,0,900
200,5,1,4,1,20,3,1618,1558,0,1,0,7290,80,8,2,2,10,2,-18,259,0,901
201,1,1,4,1,30,3,1620,1560,0,1,0,6480,52,8,2,2,10,2,-18,345,0,897
202,2,1,4,1,30,3,1620,1560,0,1,0,15660,156,8,2,2,10,2,-18,864,0,898
203,3,1,4,1,30,3,1620,1560,0,1,0,7830,52,8,2,2,10,2,-18,259,0,899
204,4,1,4,1,30,3,1620,1560,0,1,0,7830,52,8,2,2,10,2,-18,259,0,900
205,5,1,4,1,30,3,1620,1560,0,1,0,10440,104,8,2,2,10,2,-18,518,0,901
206,1,1,4,1,30,3,1622,1562,0,1,0,8460,64,8,2,2,10,2,-18,691,0,897
207,2,1,4,1,30,3,1622,1562,0,1,0,20430,194,8,2,2,10,2,-18,1728,0,898
208,3,1,4,1,30,3,1622,1562,0,1,0,10170,64,8,2,2,10,2,-18,518,0,899
209,4,1,4,1,30,3,1622,1562,0,1,0,10170,64,8,2,2,10,2,-18,518,0,900
210,5,1,4,1,30,3,1622,1562,0,1,0,13590,129,8,2,2,10,2,-18,1036,0,901
211,1,1,4,1,50,3,1624,1564,0,1,0,10530,75,8,2,2,10,2,-18,1382,0,897
212,2,1,4,1,50,3,1624,1564,0,1,0,25200,230,8,2,2,10,2,-18,3456,0,898
213,3,1,4,1,50,3,1624,1564,0,1,0,12600,75,8,2,2,10,2,-18,1036,0,899
214,4,1,4,1,50,3,1624,1564,0,1,0,12600,75,8,2,2,10,2,-18,1036,0,900
215,5,1,4,1,50,3,1624,1564,0,1,0,16830,152,8,2,2,10,2,-18,2073,0,901
216,1,1,4,1,50,3,1626,1566,0,1,0,12420,88,8,2,2,10,2,-18,2764,0,897
217,2,1,4,1,50,3,1626,1566,0,1,0,29970,266,8,2,2,10,2,-18,6912,0,898
218,3,1,4,1,50,3,1626,1566,0,1,0,14940,88,8,2,2,10,2,-18,2073,0,899
219,4,1,4,1,50,3,1626,1566,0,1,0,14940,88,8,2,2,10,2,-18,2073,0,900
220,5,1,4,1,50,3,1626,1566,0,1,0,19980,177,8,2,2,10,2,-18,4147,0,901
196,1,1,5,1,20,3,1618,1558,163,1,0,4500,39,8,2,2,10,2,-18,172,0,897
197,2,1,5,1,20,3,1618,1558,163,1,0,10980,120,8,2,2,10,2,-18,432,0,898
198,3,1,5,1,20,3,1618,1558,163,1,0,5490,39,8,2,2,10,2,-18,129,0,899
199,4,1,5,1,20,3,1618,1558,163,1,0,5490,39,8,2,2,10,2,-18,129,0,900
200,5,1,5,1,20,3,1618,1558,163,1,0,7290,80,8,2,2,10,2,-18,259,0,901
201,1,1,5,1,30,3,1620,1560,165,1,0,6480,52,8,2,2,10,2,-18,345,0,897
202,2,1,5,1,30,3,1620,1560,165,1,0,15660,156,8,2,2,10,2,-18,864,0,898
203,3,1,5,1,30,3,1620,1560,165,1,0,7830,52,8,2,2,10,2,-18,259,0,899
204,4,1,5,1,30,3,1620,1560,165,1,0,7830,52,8,2,2,10,2,-18,259,0,900
205,5,1,5,1,30,3,1620,1560,165,1,0,10440,104,8,2,2,10,2,-18,518,0,901
206,1,1,5,1,30,3,1622,1562,167,1,0,8460,64,8,2,2,10,2,-18,691,0,897
207,2,1,5,1,30,3,1622,1562,167,1,0,20430,194,8,2,2,10,2,-18,1728,0,898
208,3,1,5,1,30,3,1622,1562,167,1,0,10170,64,8,2,2,10,2,-18,518,0,899
209,4,1,5,1,30,3,1622,1562,167,1,0,10170,64,8,2,2,10,2,-18,518,0,900
210,5,1,5,1,30,3,1622,1562,167,1,0,13590,129,8,2,2,10,2,-18,1036,0,901
211,1,1,5,1,50,3,1624,1564,169,1,0,10530,75,8,2,2,10,2,-18,1382,0,897
212,2,1,5,1,50,3,1624,1564,169,1,0,25200,230,8,2,2,10,2,-18,3456,0,898
213,3,1,5,1,50,3,1624,1564,169,1,0,12600,75,8,2,2,10,2,-18,1036,0,899
214,4,1,5,1,50,3,1624,1564,169,1,0,12600,75,8,2,2,10,2,-18,1036,0,900
215,5,1,5,1,50,3,1624,1564,169,1,0,16830,152,8,2,2,10,2,-18,2073,0,901
216,1,1,5,1,50,3,1626,1566,171,1,0,12420,88,8,2,2,10,2,-18,2764,0,897
217,2,1,5,1,50,3,1626,1566,171,1,0,29970,266,8,2,2,10,2,-18,6912,0,898
218,3,1,5,1,50,3,1626,1566,171,1,0,14940,88,8,2,2,10,2,-18,2073,0,899
219,4,1,5,1,50,3,1626,1566,171,1,0,14940,88,8,2,2,10,2,-18,2073,0,900
220,5,1,5,1,50,3,1626,1566,171,1,0,19980,177,8,2,2,10,2,-18,4147,0,901
221,1,3,1,1,20,3,1598,0,0,1,0,6750,36,8,6,12,2,8,-16,207,0,897
222,2,3,1,1,20,3,1598,0,0,1,0,16470,108,8,6,12,2,8,-16,518,0,898
223,3,3,1,1,20,3,1598,0,0,1,0,8235,36,8,6,12,2,8,-16,155,0,899
224,4,3,1,1,20,3,1598,0,0,1,0,8235,36,8,6,12,2,8,-16,155,0,900
225,5,3,1,1,20,3,1598,0,0,1,0,10935,72,8,6,12,2,8,-16,311,0,901
226,1,3,1,1,30,3,1600,0,0,1,0,9720,46,8,6,12,2,8,-16,414,0,897
227,2,3,1,1,30,3,1600,0,0,1,0,23490,140,8,6,12,2,8,-16,1036,0,898
228,3,3,1,1,30,3,1600,0,0,1,0,11745,46,8,6,12,2,8,-16,311,0,899
229,4,3,1,1,30,3,1600,0,0,1,0,11745,46,8,6,12,2,8,-16,311,0,900
230,5,3,1,1,30,3,1600,0,0,1,0,15660,93,8,6,12,2,8,-16,622,0,901
231,1,3,1,1,30,3,1602,0,0,1,0,12690,57,8,6,12,2,8,-16,829,0,897
232,2,3,1,1,30,3,1602,0,0,1,0,30645,172,8,6,12,2,8,-16,2073,0,898
233,3,3,1,1,30,3,1602,0,0,1,0,15255,57,8,6,12,2,8,-16,622,0,899
234,4,3,1,1,30,3,1602,0,0,1,0,15255,57,8,6,12,2,8,-16,622,0,900
235,5,3,1,1,30,3,1602,0,0,1,0,20385,115,8,6,12,2,8,-16,1244,0,901
236,1,3,1,1,50,3,1604,0,0,1,0,15795,68,8,6,12,2,8,-16,1658,0,897
237,2,3,1,1,50,3,1604,0,0,1,0,37800,204,8,6,12,2,8,-16,4147,0,898
238,3,3,1,1,50,3,1604,0,0,1,0,18900,68,8,6,12,2,8,-16,1244,0,899
239,4,3,1,1,50,3,1604,0,0,1,0,18900,68,8,6,12,2,8,-16,1244,0,900
240,5,3,1,1,50,3,1604,0,0,1,0,25245,136,8,6,12,2,8,-16,2488,0,901
241,1,3,1,1,50,3,1606,0,0,1,0,18630,79,8,6,12,2,8,-16,3317,0,897
242,2,3,1,1,50,3,1606,0,0,1,0,44955,237,8,6,12,2,8,-16,8294,0,898
243,3,3,1,1,50,3,1606,0,0,1,0,22410,79,8,6,12,2,8,-16,2488,0,899
244,4,3,1,1,50,3,1606,0,0,1,0,22410,79,8,6,12,2,8,-16,2488,0,900
245,5,3,1,1,50,3,1606,0,0,1,0,29970,158,8,6,12,2,8,-16,4976,0,901
221,1,3,4,1,20,3,1598,143,0,1,0,6750,36,8,6,12,2,8,-16,207,0,897
222,2,3,4,1,20,3,1598,143,0,1,0,16470,108,8,6,12,2,8,-16,518,0,898
223,3,3,4,1,20,3,1598,143,0,1,0,8235,36,8,6,12,2,8,-16,155,0,899
224,4,3,4,1,20,3,1598,143,0,1,0,8235,36,8,6,12,2,8,-16,155,0,900
225,5,3,4,1,20,3,1598,143,0,1,0,10935,72,8,6,12,2,8,-16,311,0,901
226,1,3,4,1,30,3,1600,145,0,1,0,9720,46,8,6,12,2,8,-16,414,0,897
227,2,3,4,1,30,3,1600,145,0,1,0,23490,140,8,6,12,2,8,-16,1036,0,898
228,3,3,4,1,30,3,1600,145,0,1,0,11745,46,8,6,12,2,8,-16,311,0,899
229,4,3,4,1,30,3,1600,145,0,1,0,11745,46,8,6,12,2,8,-16,311,0,900
230,5,3,4,1,30,3,1600,145,0,1,0,15660,93,8,6,12,2,8,-16,622,0,901
231,1,3,4,1,30,3,1602,147,0,1,0,12690,57,8,6,12,2,8,-16,829,0,897
232,2,3,4,1,30,3,1602,147,0,1,0,30645,172,8,6,12,2,8,-16,2073,0,898
233,3,3,4,1,30,3,1602,147,0,1,0,15255,57,8,6,12,2,8,-16,622,0,899
234,4,3,4,1,30,3,1602,147,0,1,0,15255,57,8,6,12,2,8,-16,622,0,900
235,5,3,4,1,30,3,1602,147,0,1,0,20385,115,8,6,12,2,8,-16,1244,0,901
236,1,3,4,1,50,3,1604,149,0,1,0,15795,68,8,6,12,2,8,-16,1658,0,897
237,2,3,4,1,50,3,1604,149,0,1,0,37800,204,8,6,12,2,8,-16,4147,0,898
238,3,3,4,1,50,3,1604,149,0,1,0,18900,68,8,6,12,2,8,-16,1244,0,899
239,4,3,4,1,50,3,1604,149,0,1,0,18900,68,8,6,12,2,8,-16,1244,0,900
240,5,3,4,1,50,3,1604,149,0,1,0,25245,136,8,6,12,2,8,-16,2488,0,901
241,1,3,4,1,50,3,1606,151,0,1,0,18630,79,8,6,12,2,8,-16,3317,0,897
242,2,3,4,1,50,3,1606,151,0,1,0,44955,237,8,6,12,2,8,-16,8294,0,898
243,3,3,4,1,50,3,1606,151,0,1,0,22410,79,8,6,12,2,8,-16,2488,0,899
244,4,3,4,1,50,3,1606,151,0,1,0,22410,79,8,6,12,2,8,-16,2488,0,900
245,5,3,4,1,50,3,1606,151,0,1,0,29970,158,8,6,12,2,8,-16,4976,0,901
221,1,3,5,1,20,3,1598,143,3044,1,0,6750,36,8,6,12,2,8,-16,207,0,897
222,2,3,5,1,20,3,1598,143,3044,1,0,16470,108,8,6,12,2,8,-16,518,0,898
223,3,3,5,1,20,3,1598,143,3044,1,0,8235,36,8,6,12,2,8,-16,155,0,899
224,4,3,5,1,20,3,1598,143,3044,1,0,8235,36,8,6,12,2,8,-16,155,0,900
225,5,3,5,1,20,3,1598,143,3044,1,0,10935,72,8,6,12,2,8,-16,311,0,901
226,1,3,5,1,30,3,1600,145,3046,1,0,9720,46,8,6,12,2,8,-16,414,0,897
227,2,3,5,1,30,3,1600,145,3046,1,0,23490,140,8,6,12,2,8,-16,1036,0,898
228,3,3,5,1,30,3,1600,145,3046,1,0,11745,46,8,6,12,2,8,-16,311,0,899
229,4,3,5,1,30,3,1600,145,3046,1,0,11745,46,8,6,12,2,8,-16,311,0,900
230,5,3,5,1,30,3,1600,145,3046,1,0,15660,93,8,6,12,2,8,-16,622,0,901
231,1,3,5,1,30,3,1602,147,3048,1,0,12690,57,8,6,12,2,8,-16,829,0,897
232,2,3,5,1,30,3,1602,147,3048,1,0,30645,172,8,6,12,2,8,-16,2073,0,898
233,3,3,5,1,30,3,1602,147,3048,1,0,15255,57,8,6,12,2,8,-16,622,0,899
234,4,3,5,1,30,3,1602,147,3048,1,0,15255,57,8,6,12,2,8,-16,622,0,900
235,5,3,5,1,30,3,1602,147,3048,1,0,20385,115,8,6,12,2,8,-16,1244,0,901
236,1,3,5,1,50,3,1604,149,3050,1,0,15795,68,8,6,12,2,8,-16,1658,0,897
237,2,3,5,1,50,3,1604,149,3050,1,0,37800,204,8,6,12,2,8,-16,4147,0,898
238,3,3,5,1,50,3,1604,149,3050,1,0,18900,68,8,6,12,2,8,-16,1244,0,899
239,4,3,5,1,50,3,1604,149,3050,1,0,18900,68,8,6,12,2,8,-16,1244,0,900
240,5,3,5,1,50,3,1604,149,3050,1,0,25245,136,8,6,12,2,8,-16,2488,0,901
241,1,3,5,1,50,3,1606,151,3052,1,0,18630,79,8,6,12,2,8,-16,3317,0,897
242,2,3,5,1,50,3,1606,151,3052,1,0,44955,237,8,6,12,2,8,-16,8294,0,898
243,3,3,5,1,50,3,1606,151,3052,1,0,22410,79,8,6,12,2,8,-16,2488,0,899
244,4,3,5,1,50,3,1606,151,3052,1,0,22410,79,8,6,12,2,8,-16,2488,0,900
245,5,3,5,1,50,3,1606,151,3052,1,0,29970,158,8,6,12,2,8,-16,4976,0,901
246,1,1,1,1,20,1,0,0,0,5,0,3710,24,4,8,6,4,2,-6,76,0,887
247,2,1,1,1,20,1,0,0,0,5,0,9110,76,4,8,6,4,2,-6,192,0,888
248,3,1,1,1,20,1,0,0,0,5,0,4500,24,4,8,6,4,2,-6,57,0,889
249,4,1,1,1,20,1,0,0,0,5,0,4500,24,4,8,6,4,2,-6,57,0,890
250,5,1,1,1,20,1,0,0,0,5,0,6070,51,4,8,6,4,2,-6,115,0,891
251,1,1,1,1,30,1,0,0,0,5,0,5400,31,4,8,6,4,2,-6,153,0,887
252,2,1,1,1,30,1,0,0,0,5,0,13050,99,4,8,6,4,2,-6,384,0,888
253,3,1,1,1,30,1,0,0,0,5,0,6520,31,4,8,6,4,2,-6,115,0,889
254,4,1,1,1,30,1,0,0,0,5,0,6520,31,4,8,6,4,2,-6,115,0,890
255,5,1,1,1,30,1,0,0,0,5,0,8660,65,4,8,6,4,2,-6,230,0,891
256,1,1,1,1,30,1,0,0,0,5,0,7080,40,4,8,6,4,2,-6,307,0,887
257,2,1,1,1,30,1,0,0,0,5,0,16980,123,4,8,6,4,2,-6,768,0,888
258,3,1,1,1,30,1,0,0,0,5,0,8430,40,4,8,6,4,2,-6,230,0,889
259,4,1,1,1,30,1,0,0,0,5,0,8430,40,4,8,6,4,2,-6,230,0,890
260,5,1,1,1,30,1,0,0,0,5,0,11360,81,4,8,6,4,2,-6,460,0,891
261,1,1,1,1,50,1,0,0,0,5,0,8770,47,4,8,6,4,2,-6,614,0,887
262,2,1,1,1,50,1,0,0,0,5,0,21030,146,4,8,6,4,2,-6,1536,0,888
263,3,1,1,1,50,1,0,0,0,5,0,10460,47,4,8,6,4,2,-6,460,0,889
264,4,1,1,1,50,1,0,0,0,5,0,10460,47,4,8,6,4,2,-6,460,0,890
265,5,1,1,1,50,1,0,0,0,5,0,13950,96,4,8,6,4,2,-6,921,0,891
266,1,1,1,1,50,1,0,0,0,5,0,10350,56,4,8,6,4,2,-6,1228,0,887
267,2,1,1,1,50,1,0,0,0,5,0,24970,168,4,8,6,4,2,-6,3072,0,888
268,3,1,1,1,50,1,0,0,0,5,0,12480,56,4,8,6,4,2,-6,921,0,889
269,4,1,1,1,50,1,0,0,0,5,0,12480,56,4,8,6,4,2,-6,921,0,890
270,5,1,1,1,50,1,0,0,0,5,0,16650,112,4,8,6,4,2,-6,1843,0,891
271,1,2,1,1,20,1,0,0,0,5,0,3030,18,4,12,6,2,6,-8,92,0,887
272,2,2,1,1,20,1,0,0,0,5,0,7530,54,4,12,6,2,6,-8,230,0,888
273,3,2,1,1,20,1,0,0,0,5,0,6070,18,4,12,6,2,6,-8,69,0,889
274,4,2,1,1,20,1,0,0,0,5,0,6070,18,4,12,6,2,6,-8,69,0,890
275,5,2,1,1,20,1,0,0,0,5,0,5280,36,4,12,6,2,6,-8,138,0,891
276,1,2,1,1,30,1,0,0,0,5,0,4270,22,4,12,6,2,6,-8,184,0,887
277,2,2,1,1,30,1,0,0,0,5,0,10910,69,4,12,6,2,6,-8,460,0,888
278,3,2,1,1,30,1,0,0,0,5,0,8660,22,4,12,6,2,6,-8,138,0,889
279,4,2,1,1,30,1,0,0,0,5,0,8660,22,4,12,6,2,6,-8,138,0,890
280,5,2,1,1,30,1,0,0,0,5,0,7650,45,4,12,6,2,6,-8,276,0,891
281,1,2,1,1,30,1,0,0,0,5,0,5620,27,4,12,6,2,6,-8,368,0,887
282,2,2,1,1,30,1,0,0,0,5,0,14170,85,4,12,6,2,6,-8,921,0,888
283,3,2,1,1,30,1,0,0,0,5,0,11360,27,4,12,6,2,6,-8,276,0,889
284,4,2,1,1,30,1,0,0,0,5,0,11360,27,4,12,6,2,6,-8,276,0,890
285,5,2,1,1,30,1,0,0,0,5,0,9900,56,4,12,6,2,6,-8,552,0,891
286,1,2,1,1,50,1,0,0,0,5,0,6970,33,4,12,6,2,6,-8,737,0,887
287,2,2,1,1,50,1,0,0,0,5,0,17550,101,4,12,6,2,6,-8,1843,0,888
288,3,2,1,1,50,1,0,0,0,5,0,13950,33,4,12,6,2,6,-8,552,0,889
289,4,2,1,1,50,1,0,0,0,5,0,13950,33,4,12,6,2,6,-8,552,0,890
290,5,2,1,1,50,1,0,0,0,5,0,12260,67,4,12,6,2,6,-8,1105,0,891
291,1,2,1,1,50,1,0,0,0,5,0,8320,38,4,12,6,2,6,-8,1474,0,887
292,2,2,1,1,50,1,0,0,0,5,0,20810,117,4,12,6,2,6,-8,3686,0,888
293,3,2,1,1,50,1,0,0,0,5,0,16650,38,4,12,6,2,6,-8,1105,0,889
294,4,2,1,1,50,1,0,0,0,5,0,16650,38,4,12,6,2,6,-8,1105,0,890
295,5,2,1,1,50,1,0,0,0,5,0,14510,78,4,12,6,2,6,-8,2211,0,891
296,1,1,1,1,20,2,0,0,0,4,0,8310,40,6,4,4,8,4,-12,115,0,892
297,2,1,1,1,20,2,0,0,0,4,0,21780,121,6,4,4,8,4,-12,288,0,893
298,3,1,1,1,20,2,0,0,0,4,0,19980,40,6,4,4,8,4,-12,86,0,894
299,4,1,1,1,20,2,0,0,0,4,0,19980,40,6,4,4,8,4,-12,86,0,895
300,5,1,1,1,20,2,0,0,0,4,0,16730,81,6,4,4,8,4,-12,172,0,896
301,1,1,1,1,30,2,0,0,0,4,0,11970,51,6,4,4,8,4,-12,230,0,892
302,2,1,1,1,30,2,0,0,0,4,0,31180,157,6,4,4,8,4,-12,576,0,893
303,3,1,1,1,30,2,0,0,0,4,0,28700,51,6,4,4,8,4,-12,172,0,894
304,4,1,1,1,30,2,0,0,0,4,0,28700,51,6,4,4,8,4,-12,172,0,895
305,5,1,1,1,30,2,0,0,0,4,0,24050,103,6,4,4,8,4,-12,345,0,896
306,1,1,1,1,30,2,0,0,0,4,0,15640,63,6,4,4,8,4,-12,460,0,892
307,2,1,1,1,30,2,0,0,0,4,0,40680,193,6,4,4,8,4,-12,1152,0,893
308,3,1,1,1,30,2,0,0,0,4,0,37420,63,6,4,4,8,4,-12,345,0,894
309,4,1,1,1,30,2,0,0,0,4,0,37420,63,6,4,4,8,4,-12,345,0,895
310,5,1,1,1,30,2,0,0,0,4,0,31280,128,6,4,4,8,4,-12,691,0,896
311,1,1,1,1,50,2,0,0,0,4,0,19300,76,6,4,4,8,4,-12,921,0,892
312,2,1,1,1,50,2,0,0,0,4,0,50190,229,6,4,4,8,4,-12,2304,0,893
313,3,1,1,1,50,2,0,0,0,4,0,46320,76,6,4,4,8,4,-12,691,0,894
314,4,1,1,1,50,2,0,0,0,4,0,46320,76,6,4,4,8,4,-12,691,0,895
315,5,1,1,1,50,2,0,0,0,4,0,38610,153,6,4,4,8,4,-12,1382,0,896
316,1,1,1,1,50,2,0,0,0,4,0,22860,87,6,4,4,8,4,-12,1843,0,892
317,2,1,1,1,50,2,0,0,0,4,0,59590,265,6,4,4,8,4,-12,4608,0,893
318,3,1,1,1,50,2,0,0,0,4,0,54840,87,6,4,4,8,4,-12,1382,0,894
319,4,1,1,1,50,2,0,0,0,4,0,54840,87,6,4,4,8,4,-12,1382,0,895
320,5,1,1,1,50,2,0,0,0,4,0,45830,177,6,4,4,8,4,-12,2764,0,896
321,1,1,1,1,20,2,0,0,0,4,0,8310,29,6,6,4,6,10,-10,115,0,892
322,2,1,1,1,20,2,0,0,0,4,0,21780,87,6,6,4,6,10,-10,288,0,893
323,3,1,1,1,20,2,0,0,0,4,0,19980,29,6,6,4,6,10,-10,86,0,894
324,4,1,1,1,20,2,0,0,0,4,0,19980,29,6,6,4,6,10,-10,86,0,895
325,5,1,1,1,20,2,0,0,0,4,0,16730,58,6,6,4,6,10,-10,172,0,896
326,1,1,1,1,30,2,0,0,0,4,0,11970,36,6,6,4,6,10,-10,230,0,892
327,2,1,1,1,30,2,0,0,0,4,0,31180,112,6,6,4,6,10,-10,576,0,893
328,3,1,1,1,30,2,0,0,0,4,0,28700,36,6,6,4,6,10,-10,172,0,894
329,4,1,1,1,30,2,0,0,0,4,0,28700,36,6,6,4,6,10,-10,172,0,895
330,5,1,1,1,30,2,0,0,0,4,0,24050,74,6,6,4,6,10,-10,345,0,896
331,1,1,1,1,30,2,0,0,0,4,0,15640,45,6,6,4,6,10,-10,460,0,892
332,2,1,1,1,30,2,0,0,0,4,0,40680,139,6,6,4,6,10,-10,1152,0,893
333,3,1,1,1,30,2,0,0,0,4,0,18710,45,6,6,4,6,10,-10,345,0,894
334,4,1,1,1,30,2,0,0,0,4,0,18710,45,6,6,4,6,10,-10,345,0,895
335,5,1,1,1,30,2,0,0,0,4,0,31280,92,6,6,4,6,10,-10,691,0,896
336,1,1,1,1,50,2,0,0,0,4,0,19300,54,6,6,4,6,10,-10,921,0,892
337,2,1,1,1,50,2,0,0,0,4,0,50190,166,6,6,4,6,10,-10,2304,0,893
338,3,1,1,1,50,2,0,0,0,4,0,46320,54,6,6,4,6,10,-10,691,0,894
339,4,1,1,1,50,2,0,0,0,4,0,46320,54,6,6,4,6,10,-10,691,0,895
340,5,1,1,1,50,2,0,0,0,4,0,38610,110,6,6,4,6,10,-10,1382,0,896
341,1,1,1,1,50,2,0,0,0,4,0,22860,63,6,6,4,6,10,-10,1843,0,892
342,2,1,1,1,50,2,0,0,0,4,0,59590,191,6,6,4,6,10,-10,4608,0,893
343,3,1,1,1,50,2,0,0,0,4,0,54840,63,6,6,4,6,10,-10,1382,0,894
344,4,1,1,1,50,2,0,0,0,4,0,54840,63,6,6,4,6,10,-10,1382,0,895
345,5,1,1,1,50,2,0,0,0,4,0,45830,128,6,6,4,6,10,-10,2764,0,896
346,1,1,1,1,20,3,0,0,0,3,0,5620,43,8,2,2,16,4,-16,172,0,897
347,2,1,1,1,20,3,0,0,0,3,0,13720,129,8,2,2,16,4,-16,432,0,898
348,3,1,1,1,20,3,0,0,0,3,0,6860,43,8,2,2,16,4,-16,129,0,899
349,4,1,1,1,20,3,0,0,0,3,0,6860,43,8,2,2,16,4,-16,129,0,900
350,5,1,1,1,20,3,0,0,0,3,0,9110,86,8,2,2,16,4,-16,259,0,901
351,1,1,1,1,30,3,0,0,0,3,0,8100,55,8,2,2,16,4,-16,345,0,897
352,2,1,1,1,30,3,0,0,0,3,0,19570,167,8,2,2,16,4,-16,864,0,898
353,3,1,1,1,30,3,0,0,0,3,0,9780,55,8,2,2,16,4,-16,259,0,899
354,4,1,1,1,30,3,0,0,0,3,0,9780,55,8,2,2,16,4,-16,259,0,900
355,5,1,1,1,30,3,0,0,0,3,0,13050,111,8,2,2,16,4,-16,518,0,901
356,1,1,1,1,30,3,0,0,0,3,0,10570,68,8,2,2,16,4,-16,691,0,897
357,2,1,1,1,30,3,0,0,0,3,0,25530,206,8,2,2,16,4,-16,1728,0,898
358,3,1,1,1,30,3,0,0,0,3,0,12710,68,8,2,2,16,4,-16,518,0,899
359,4,1,1,1,30,3,0,0,0,3,0,12710,68,8,2,2,16,4,-16,518,0,900
360,5,1,1,1,30,3,0,0,0,3,0,16980,136,8,2,2,16,4,-16,1036,0,901
361,1,1,1,1,50,3,0,0,0,3,0,13160,80,8,2,2,16,4,-16,1382,0,897
362,2,1,1,1,50,3,0,0,0,3,0,31500,244,8,2,2,16,4,-16,3456,0,898
363,3,1,1,1,50,3,0,0,0,3,0,15750,80,8,2,2,16,4,-16,1036,0,899
364,4,1,1,1,50,3,0,0,0,3,0,15750,80,8,2,2,16,4,-16,1036,0,900
365,5,1,1,1,50,3,0,0,0,3,0,21030,163,8,2,2,16,4,-16,2073,0,901
366,1,1,1,1,50,3,0,0,0,3,0,15520,93,8,2,2,16,4,-16,2764,0,897
367,2,1,1,1,50,3,0,0,0,3,0,37460,284,8,2,2,16,4,-16,6912,0,898
368,3,1,1,1,50,3,0,0,0,3,0,18670,93,8,2,2,16,4,-16,2073,0,899
369,4,1,1,1,50,3,0,0,0,3,0,18670,93,8,2,2,16,4,-16,2073,0,900
370,5,1,1,1,50,3,0,0,0,3,0,24970,188,8,2,2,16,4,-16,4147,0,901
371,1,3,1,1,20,3,0,0,0,3,0,8437,36,8,2,16,2,6,-16,207,0,897
372,2,3,1,1,20,3,0,0,0,3,0,20587,108,8,2,16,2,6,-16,518,0,898
373,3,3,1,1,20,3,0,0,0,3,0,10293,36,8,2,16,2,6,-16,155,0,899
374,4,3,1,1,20,3,0,0,0,3,0,10293,36,8,2,16,2,6,-16,155,0,900
375,5,3,1,1,20,3,0,0,0,3,0,13668,72,8,2,16,2,6,-16,311,0,901
376,1,3,1,1,30,3,0,0,0,3,0,12150,46,8,2,16,2,6,-16,414,0,897
377,2,3,1,1,30,3,0,0,0,3,0,29362,140,8,2,16,2,6,-16,1036,0,898
378,3,3,1,1,30,3,0,0,0,3,0,14681,46,8,2,16,2,6,-16,311,0,899
379,4,3,1,1,30,3,0,0,0,3,0,14681,46,8,2,16,2,6,-16,311,0,900
380,5,3,1,1,30,3,0,0,0,3,0,19575,93,8,2,16,2,6,-16,622,0,901
381,1,3,1,1,30,3,0,0,0,3,0,15862,57,8,2,16,2,6,-16,829,0,897
382,2,3,1,1,30,3,0,0,0,3,0,38306,172,8,2,16,2,6,-16,2073,0,898
383,3,3,1,1,30,3,0,0,0,3,0,19068,57,8,2,16,2,6,-16,622,0,899
384,4,3,1,1,30,3,0,0,0,3,0,19068,57,8,2,16,2,6,-16,622,0,900
385,5,3,1,1,30,3,0,0,0,3,0,25481,115,8,2,16,2,6,-16,1244,0,901
386,1,3,1,1,50,3,0,0,0,3,0,19743,68,8,2,16,2,6,-16,1658,0,897
387,2,3,1,1,50,3,0,0,0,3,0,47250,204,8,2,16,2,6,-16,4147,0,898
388,3,3,1,1,50,3,0,0,0,3,0,23625,68,8,2,16,2,6,-16,1244,0,899
389,4,3,1,1,50,3,0,0,0,3,0,23625,68,8,2,16,2,6,-16,1244,0,900
390,5,3,1,1,50,3,0,0,0,3,0,31556,136,8,2,16,2,6,-16,2488,0,901
391,1,3,1,1,50,3,0,0,0,3,0,23287,79,8,2,16,2,6,-16,3317,0,897
392,2,3,1,1,50,3,0,0,0,3,0,56193,237,8,2,16,2,6,-16,8294,0,898
393,3,3,1,1,50,3,0,0,0,3,0,28012,79,8,2,16,2,6,-16,2488,0,899
394,4,3,1,1,50,3,0,0,0,3,0,28012,79,8,2,16,2,6,-16,2488,0,900
395,5,3,1,1,50,3,0,0,0,3,0,37462,158,8,2,16,2,6,-16,4976,0,901
396,1,1,1,5,60,1,0,0,0,5,1,5520,22,3,3,3,3,3,4,1228,0,887
397,2,1,1,5,60,1,0,0,0,5,1,13320,70,3,3,3,3,3,4,3072,0,888
398,3,1,1,5,60,1,0,0,0,5,1,6660,22,3,3,3,3,3,4,921,0,889
399,4,1,1,5,60,1,0,0,0,5,1,6660,22,3,3,3,3,3,4,921,0,890
400,5,1,1,5,60,1,0,0,0,5,1,8880,46,3,3,3,3,3,4,1843,0,891
401,1,1,1,5,60,1,94,54,74,12,1,19390,170,6,12,6,6,10,12,1228,0,887
402,2,1,1,5,60,1,94,54,74,12,1,46810,510,6,12,6,6,10,12,3072,0,888
403,3,1,1,5,60,1,94,54,74,12,1,23400,170,6,12,6,6,10,12,921,0,889
404,4,1,1,5,60,1,94,54,74,12,1,23400,170,6,12,6,6,10,12,921,0,890
405,5,1,1,5,60,1,94,54,74,12,1,31210,340,6,12,6,6,10,12,1843,0,891
406,1,1,1,5,60,1,0,0,0,5,1,4440,26,0,4,2,4,2,4,1228,0,887
407,2,1,1,5,60,1,0,0,0,5,1,11100,79,0,4,2,4,2,4,3072,0,888
408,3,1,1,5,60,1,0,0,0,5,1,8880,26,0,4,2,4,2,4,921,0,889
409,4,1,1,5,60,1,0,0,0,5,1,8880,26,0,4,2,4,2,4,921,0,890
410,5,1,1,5,60,1,0,0,0,5,1,7740,52,0,4,2,4,2,4,1843,0,891
411,1,1,1,5,60,1,94,114,474,12,1,22620,200,6,10,10,6,8,14,1228,0,887
412,2,1,1,5,60,1,94,114,474,12,1,54610,600,6,10,10,6,8,14,3072,0,888
413,3,1,1,5,60,1,94,114,474,12,1,27300,200,6,10,10,6,8,14,921,0,889
414,4,1,1,5,60,1,94,114,474,12,1,27300,200,6,10,10,6,8,14,921,0,890
415,5,1,1,5,60,1,94,114,474,12,1,36410,400,6,10,10,6,8,14,1843,0,891
416,1,2,1,5,60,1,0,0,0,5,1,5520,20,0,6,0,0,6,4,1474,0,887
417,2,2,1,5,60,1,0,0,0,5,1,13320,62,0,6,0,0,6,4,3686,0,888
418,3,2,1,5,60,1,0,0,0,5,1,6660,20,0,6,0,0,6,4,1105,0,889
419,4,2,1,5,60,1,0,0,0,5,1,6660,20,0,6,0,0,6,4,1105,0,890
420,5,2,1,5,60,1,0,0,0,5,1,8880,42,0,6,0,0,6,4,2211,0,891
421,1,2,1,5,60,1,94,14,0,12,1,12480,210,6,16,6,6,16,10,1474,0,887
422,2,2,1,5,60,1,94,14,0,12,1,31210,650,6,16,6,6,16,10,3686,0,888
423,3,2,1,5,60,1,94,14,0,12,1,24970,210,6,16,6,6,16,10,1105,0,889
424,4,2,1,5,60,1,94,14,0,12,1,24970,210,6,16,6,6,16,10,1105,0,890
425,5,2,1,5,60,1,94,14,0,12,1,21760,430,6,16,6,6,16,10,2211,0,891
426,1,1,1,5,60,2,0,0,0,5,1,10395,39,0,0,0,6,0,2,1843,0,892
427,2,1,1,5,60,2,0,0,0,5,1,24975,118,0,0,0,6,0,2,4608,0,893
428,3,1,1,5,60,2,0,0,0,5,1,24930,39,0,0,0,6,0,2,1382,0,894
429,4,1,1,5,60,2,0,0,0,5,1,24930,39,0,0,0,6,0,2,1382,0,895
430,5,1,1,5,60,2,0,0,0,5,1,16650,79,0,0,0,6,0,2,2764,0,896
431,1,1,1,5,60,2,54,114,1589,12,1,28570,280,10,6,6,10,10,6,1843,0,892
432,2,1,1,5,60,2,54,114,1589,12,1,62560,850,10,6,6,10,10,6,4608,0,893
433,3,1,1,5,60,2,54,114,1589,12,1,60000,280,10,6,6,10,10,6,1382,0,894
434,4,1,1,5,60,2,54,114,1589,12,1,60000,280,10,6,6,10,10,6,1382,0,895
435,5,1,1,5,60,2,54,114,1589,12,1,48120,560,10,6,6,10,10,6,2764,0,896
436,1,1,1,5,60,2,0,0,0,5,1,10395,33,0,2,0,6,2,2,1843,0,892
437,2,1,1,5,60,2,0,0,0,5,1,24975,102,0,2,0,6,2,2,4608,0,893
438,3,1,1,5,60,2,0,0,0,5,1,24930,33,0,2,0,6,2,2,1382,0,894
439,4,1,1,5,60,2,0,0,0,5,1,24930,33,0,2,0,6,2,2,1382,0,895
440,5,1,1,5,60,2,0,0,0,5,1,16650,68,0,2,0,6,2,2,2764,0,896
441,1,1,1,5,60,2,74,2029,0,12,1,28570,230,8,10,12,10,10,8,1843,0,892
442,2,1,1,5,60,2,74,2029,0,12,1,62560,700,8,10,12,10,10,8,4608,0,893
443,3,1,1,5,60,2,74,2029,0,12,1,60000,230,8,10,12,10,10,8,1382,0,894
444,4,1,1,5,60,2,74,2029,0,12,1,60000,230,8,10,12,10,10,8,1382,0,895
445,5,1,1,5,60,2,74,2029,0,12,1,48120,460,8,10,12,10,10,8,2764,0,896
446,1,1,1,5,60,3,0,0,0,5,1,6210,56,0,0,0,8,0,0,2764,0,897
447,2,1,1,5,60,3,0,0,0,5,1,14985,169,0,0,0,8,0,0,6912,0,898
448,3,1,1,5,60,3,0,0,0,5,1,7470,56,0,0,0,8,0,0,2073,0,899
449,4,1,1,5,60,3,0,0,0,5,1,7470,56,0,0,0,8,0,0,2073,0,900
450,5,1,1,5,60,3,0,0,0,5,1,9990,112,0,0,0,8,0,0,4147,0,901
451,1,1,1,5,60,3,1589,1649,3035,12,1,23280,350,12,8,6,16,8,6,2764,0,897
452,2,1,1,5,60,3,1589,1649,3035,12,1,56190,1050,12,8,6,16,8,6,6912,0,898
453,3,1,1,5,60,3,1589,1649,3035,12,1,28000,350,12,8,6,16,8,6,2073,0,899
454,4,1,1,5,60,3,1589,1649,3035,12,1,28000,350,12,8,6,16,8,6,2073,0,900
455,5,1,1,5,60,3,1589,1649,3035,12,1,37450,700,12,8,6,16,8,6,4147,0,901
456,1,1,1,5,60,3,0,0,0,5,1,6210,58,0,2,0,8,0,0,2764,0,897
457,2,1,1,5,60,3,0,0,0,5,1,14985,177,0,2,0,8,0,0,6912,0,898
458,3,1,1,5,60,3,0,0,0,5,1,7470,58,0,2,0,8,0,0,2073,0,899
459,4,1,1,5,60,3,0,0,0,5,1,7470,58,0,2,0,8,0,0,2073,0,900
460,5,1,1,5,60,3,0,0,0,5,1,9990,118,0,2,0,8,0,0,4147,0,901
461,1,1,1,5,60,3,1629,1569,174,12,1,23280,400,16,6,6,12,8,6,2764,0,897
462,2,1,1,5,60,3,1629,1569,174,12,1,56190,1200,16,6,6,12,8,6,6912,0,898
463,3,1,1,5,60,3,1629,1569,174,12,1,28000,400,16,6,6,12,8,6,2073,0,899
464,4,1,1,5,60,3,1629,1569,174,12,1,28000,400,16,6,6,12,8,6,2073,0,900
465,5,1,1,5,60,3,1629,1569,174,12,1,37450,800,16,6,6,12,8,6,4147,0,901
466,1,1,1,5,60,2,0,0,0,5,1,3510,22,6,2,6,2,6,6,2764,0,892
467,2,1,1,5,60,2,0,0,0,5,1,8400,68,6,2,6,2,6,6,6912,0,893
468,3,1,1,5,60,2,0,0,0,5,1,4200,22,6,2,6,2,6,6,2073,0,894
469,4,1,1,5,60,2,0,0,0,5,1,4200,22,6,2,6,2,6,6,2073,0,895
470,5,1,1,5,60,2,0,0,0,5,1,5610,45,6,2,6,2,6,6,4147,0,896
471,1,1,1,5,60,2,154,94,1609,12,1,22856,250,8,4,8,4,8,8,2764,0,892
472,2,1,1,5,60,2,154,94,1609,12,1,50048,750,8,4,8,4,8,8,6912,0,893
473,3,1,1,5,60,2,154,94,1609,12,1,27416,250,8,4,8,4,8,8,2073,0,894
474,4,1,1,5,60,2,154,94,1609,12,1,27416,250,8,4,8,4,8,8,2073,0,895
475,5,1,1,5,60,2,154,94,1609,12,1,38496,500,8,4,8,4,8,8,4147,0,896
476,1,1,1,5,60,2,156,96,1611,12,1,34000,330,8,4,8,4,8,8,2764,0,892
477,2,1,1,5,60,2,156,96,1611,12,1,63000,1000,8,4,8,4,8,8,6912,0,893
478,3,1,1,5,60,2,156,96,1611,12,1,45000,330,8,4,8,4,8,8,2073,0,894
479,4,1,1,5,60,2,156,96,1611,12,1,45000,330,8,4,8,4,8,8,2073,0,895
480,5,1,1,5,60,2,156,96,1611,12,1,55000,660,8,4,8,4,8,8,4147,0,896
481,1,1,1,1,15,1,0,0,0,0,0,990,18,4,8,6,4,4,-6,76,0,892
482,2,1,1,1,15,1,0,0,0,0,0,2430,54,4,8,6,4,4,-6,192,0,893
483,3,1,1,1,15,1,0,0,0,0,0,1200,18,4,8,6,4,4,-6,57,0,894
484,4,1,1,1,15,1,0,0,0,0,0,1200,18,4,8,6,4,4,-6,57,0,895
485,5,1,1,1,15,1,0,0,0,0,0,1620,36,4,8,6,4,4,-6,115,0,896
