ID_int {9},TaskType {1},enemyID1 {2},count1 {1},enemyID2 {2},count2 {1},enemyID3 {2},count3 {1},enemyID4 {2},count4 {1},GimmickType1 {1},MatchingID1 {3},GimmickType2 {1},MatchingID2 {3},GimmickType3 {1},MatchingID3 {3},GimmickType4 {1},MatchingID4 {3},PartsEneID1 {2},PartsName1 {7},PartsCount1 {1},PartsEneID2 {2},PartsName2 {7},PartsCount2 {1},PartsEneID3 {2},PartsName3 {7},PartsCount3 {1},PartsEneID4 {2},PartsName4 {7},PartsCount4 {1},Navi_Type {1},Navi_Title {2}
<40A8B9D5>,0,832,3,0,0,0,0,0,0,0,0,0,0,0,0,0,0,0,,0,0,,0,0,,0,0,,0,3,3
<13ECC34B>,0,836,1,0,0,0,0,0,0,0,0,0,0,0,0,0,0,0,,0,0,,0,0,,0,0,,0,3,3
<C78BE798>,0,837,4,0,0,0,0,0,0,0,0,0,0,0,0,0,0,0,,0,0,,0,0,,0,0,,0,3,3
<20FED82F>,0,838,1,0,0,0,0,0,0,0,0,0,0,0,0,0,0,0,,0,0,,0,0,,0,0,,0,3,3
<0DC6736D>,0,840,1,841,1,842,1,0,0,0,0,0,0,0,0,0,0,0,,0,0,,0,0,,0,0,,0,3,3
<6C7C454E>,0,843,3,0,0,0,0,0,0,0,0,0,0,0,0,0,0,0,,0,0,,0,0,,0,0,,0,3,3
<548E9EB8>,0,845,1,847,1,0,0,0,0,0,0,0,0,0,0,0,0,0,,0,0,,0,0,,0,0,,0,3,3
<F8F11110>,0,848,1,0,0,0,0,0,0,0,0,0,0,0,0,0,0,0,,0,0,,0,0,,0,0,,0,3,3
<663477EC>,1,0,0,0,0,0,0,0,0,2,2004011,0,0,0,0,0,0,0,,0,0,,0,0,,0,0,,0,9,7
<31E51BB4>,0,849,1,850,1,0,0,0,0,0,0,0,0,0,0,0,0,0,,0,0,,0,0,,0,0,,0,3,3
<6F679FB4>,0,851,2,852,2,0,0,0,0,0,0,0,0,0,0,0,0,0,,0,0,,0,0,,0,0,,0,3,3
<302017D2>,0,853,2,0,0,0,0,0,0,0,0,0,0,0,0,0,0,0,,0,0,,0,0,,0,0,,0,3,3
<9BE332CD>,0,855,1,0,0,0,0,0,0,0,0,0,0,0,0,0,0,0,,0,0,,0,0,,0,0,,0,3,3
<FEA2A961>,0,856,1,0,0,0,0,0,0,0,0,0,0,0,0,0,0,0,,0,0,,0,0,,0,0,,0,3,3
<24C3C526>,0,857,4,0,0,0,0,0,0,0,0,0,0,0,0,0,0,0,,0,0,,0,0,,0,0,,0,3,3
<EAE73B73>,0,858,1,0,0,0,0,0,0,0,0,0,0,0,0,0,0,0,,0,0,,0,0,,0,0,,0,3,3
<8120A6AA>,0,859,2,860,1,0,0,0,0,0,0,0,0,0,0,0,0,0,,0,0,,0,0,,0,0,,0,3,3
<8A919191>,0,861,1,862,1,868,1,0,0,0,0,0,0,0,0,0,0,0,,0,0,,0,0,,0,0,,0,3,3
<F44FC139>,0,869,1,0,0,0,0,0,0,0,0,0,0,0,0,0,0,0,,0,0,,0,0,,0,0,,0,3,3
<9744B17E>,0,870,1,871,1,0,0,0,0,0,0,0,0,0,0,0,0,0,,0,0,,0,0,,0,0,,0,3,3
<1985D6A1>,0,872,1,871,1,0,0,0,0,0,0,0,0,0,0,0,0,0,,0,0,,0,0,,0,0,,0,3,3
<287398AB>,0,875,1,0,0,0,0,0,0,0,0,0,0,0,0,0,0,0,,0,0,,0,0,,0,0,,0,3,3
<4F808209>,0,882,2,0,0,0,0,0,0,0,0,0,0,0,0,0,0,0,,0,0,,0,0,,0,0,,0,3,3
<D41E92FD>,1,0,0,0,0,0,0,0,0,2,2010021,0,0,0,0,0,0,0,,0,0,,0,0,,0,0,,0,9,7
<3B4D2CBE>,0,881,1,0,0,0,0,0,0,0,0,0,0,0,0,0,0,0,,0,0,,0,0,,0,0,,0,3,3
<D8924B31>,0,892,1,893,2,0,0,0,0,0,0,0,0,0,0,0,0,0,,0,0,,0,0,,0,0,,0,3,3
<EA71C01F>,0,894,1,895,1,896,1,0,0,0,0,0,0,0,0,0,0,0,,0,0,,0,0,,0,0,,0,3,3
<AF48BBB7>,0,898,2,899,2,0,0,0,0,0,0,0,0,0,0,0,0,0,,0,0,,0,0,,0,0,,0,3,3
<C56C2F57>,0,900,2,901,1,0,0,0,0,0,0,0,0,0,0,0,0,0,,0,0,,0,0,,0,0,,0,3,3
<4C8C05AB>,0,902,1,903,1,0,0,0,0,0,0,0,0,0,0,0,0,0,,0,0,,0,0,,0,0,,0,3,3
<43828942>,0,912,3,913,1,0,0,0,0,0,0,0,0,0,0,0,0,0,,0,0,,0,0,,0,0,,0,3,3
<2A434877>,0,914,1,915,1,916,1,917,1,0,0,0,0,0,0,0,0,0,,0,0,,0,0,,0,0,,0,2,2
<09AF7E5C>,0,918,1,919,1,920,1,0,0,0,0,0,0,0,0,0,0,0,,0,0,,0,0,,0,0,,0,3,3
<936BFC95>,0,929,4,0,0,0,0,0,0,0,0,0,0,0,0,0,0,0,,0,0,,0,0,,0,0,,0,3,3
<1AAF7B59>,0,930,4,0,0,0,0,0,0,0,0,0,0,0,0,0,0,0,,0,0,,0,0,,0,0,,0,3,3
<B658CD81>,0,931,1,932,1,0,0,0,0,0,0,0,0,0,0,0,0,0,,0,0,,0,0,,0,0,,0,3,3
<4086C1D3>,0,941,4,0,0,0,0,0,0,0,0,0,0,0,0,0,0,0,,0,0,,0,0,,0,0,,0,3,3
<F0AB2666>,1,0,0,0,0,0,0,0,0,2,2015021,0,0,0,0,0,0,0,,0,0,,0,0,,0,0,,0,9,7
<40648CCE>,0,945,1,0,0,0,0,0,0,0,0,0,0,0,0,0,0,0,,0,0,,0,0,,0,0,,0,3,3
<66AB0161>,0,954,4,0,0,0,0,0,0,0,0,0,0,0,0,0,0,0,,0,0,,0,0,,0,0,,0,3,3
<C37D605C>,0,955,2,956,2,957,2,0,0,0,0,0,0,0,0,0,0,0,,0,0,,0,0,,0,0,,0,3,3
<EB77D1DD>,0,966,2,0,0,0,0,0,0,0,0,0,0,0,0,0,0,0,,0,0,,0,0,,0,0,,0,3,3
<C8E39E10>,0,967,3,968,1,0,0,0,0,0,0,0,0,0,0,0,0,0,,0,0,,0,0,,0,0,,0,3,3
<1C9B1385>,0,977,4,0,0,0,0,0,0,0,0,0,0,0,0,0,0,0,,0,0,,0,0,,0,0,,0,3,3
<D4C70C4A>,0,978,2,0,0,0,0,0,0,0,0,0,0,0,0,0,0,0,,0,0,,0,0,,0,0,,0,3,3
<FC47A8BC>,0,979,1,980,1,0,0,0,0,0,0,0,0,0,0,0,0,0,,0,0,,0,0,,0,0,,0,3,3
<FAAFC596>,0,989,3,0,0,0,0,0,0,0,0,0,0,0,0,0,0,0,,0,0,,0,0,,0,0,,0,3,3
<E8AC4F69>,0,990,3,0,0,0,0,0,0,0,0,0,0,0,0,0,0,0,,0,0,,0,0,,0,0,,0,3,3
<0902AC5F>,0,993,1,0,0,0,0,0,0,0,0,0,0,0,0,0,0,0,,0,0,,0,0,,0,0,,0,3,3
<04FF2257>,0,1002,3,0,0,0,0,0,0,0,0,0,0,0,0,0,0,0,,0,0,,0,0,,0,0,,0,3,3
<9A3CB747>,0,1003,4,0,0,0,0,0,0,0,0,0,0,0,0,0,0,0,,0,0,,0,0,,0,0,,0,3,3
<CBE4E1A7>,0,1005,1,0,0,0,0,0,0,0,0,0,0,0,0,0,0,0,,0,0,,0,0,,0,0,,0,3,3
<EBA69416>,0,1014,3,0,0,0,0,0,0,0,0,0,0,0,0,0,0,0,,0,0,,0,0,,0,0,,0,3,3
<F856234D>,0,1016,1,1015,1,0,0,0,0,0,0,0,0,0,0,0,0,0,,0,0,,0,0,,0,0,,0,3,3
<86178A4A>,0,1025,4,0,0,0,0,0,0,0,0,0,0,0,0,0,0,0,,0,0,,0,0,,0,0,,0,3,3
<211E39EA>,0,1026,1,0,0,0,0,0,0,0,0,0,0,0,0,0,0,0,,0,0,,0,0,,0,0,,0,3,3
<17FF6B27>,0,1028,1,1029,1,1030,1,0,0,0,0,0,0,0,0,0,0,0,,0,0,,0,0,,0,0,,0,3,3
<5000A14D>,0,1040,4,0,0,0,0,0,0,0,0,0,0,0,0,0,0,0,,0,0,,0,0,,0,0,,0,3,3
<75630BC6>,0,1042,1,0,0,0,0,0,0,0,0,0,0,0,0,0,0,0,,0,0,,0,0,,0,0,,0,3,3
<74609E95>,0,1052,2,0,0,0,0,0,0,0,0,0,0,0,0,0,0,0,,0,0,,0,0,,0,0,,0,3,3
<6E6E53F9>,0,1051,4,0,0,0,0,0,0,0,0,0,0,0,0,0,0,0,,0,0,,0,0,,0,0,,0,3,3
<08FB8CCA>,0,1054,1,0,0,0,0,0,0,0,0,0,0,0,0,0,0,0,,0,0,,0,0,,0,0,,0,3,3
<66DE9607>,0,1064,2,0,0,0,0,0,0,0,0,0,0,0,0,0,0,0,,0,0,,0,0,,0,0,,0,3,3
<8A23E586>,0,1063,1,0,0,0,0,0,0,0,0,0,0,0,0,0,0,0,,0,0,,0,0,,0,0,,0,3,3
<14C6C2EA>,0,1065,1,1066,1,0,0,0,0,0,0,0,0,0,0,0,0,0,,0,0,,0,0,,0,0,,0,3,3
<3F42E20E>,0,1075,4,0,0,0,0,0,0,0,0,0,0,0,0,0,0,0,,0,0,,0,0,,0,0,,0,3,3
<6F0D1045>,1,0,0,0,0,0,0,0,0,1,2026021,0,0,0,0,0,0,0,,0,0,,0,0,,0,0,,0,8,6
<B3497CC6>,0,1080,1,0,0,0,0,0,0,0,0,0,0,0,0,0,0,0,,0,0,,0,0,,0,0,,0,3,3
<5F93A6A9>,0,1089,4,0,0,0,0,0,0,0,0,0,0,0,0,0,0,0,,0,0,,0,0,,0,0,,0,3,3
<98CF93D6>,0,1091,1,0,0,0,0,0,0,0,0,0,0,0,0,0,0,0,,0,0,,0,0,,0,0,,0,3,3
<90DD615C>,0,1100,4,0,0,0,0,0,0,0,0,0,0,0,0,0,0,0,,0,0,,0,0,,0,0,,0,3,3
<3AE59B18>,0,1103,1,0,0,0,0,0,0,0,0,0,0,0,0,0,0,0,,0,0,,0,0,,0,0,,0,3,3
<F33E22C9>,0,1104,2,1105,1,0,0,0,0,0,0,0,0,0,0,0,0,0,,0,0,,0,0,,0,0,,0,3,3
<FA5F4178>,0,1107,2,1108,1,0,0,0,0,0,0,0,0,0,0,0,0,0,,0,0,,0,0,,0,0,,0,3,3
<67456D72>,0,1109,1,1110,1,1111,1,0,0,0,0,0,0,0,0,0,0,0,,0,0,,0,0,,0,0,,0,3,3
<F1DAE813>,0,1112,1,1113,1,1114,1,0,0,0,0,0,0,0,0,0,0,0,,0,0,,0,0,,0,0,,0,3,3
<E16F4A49>,1,0,0,0,0,0,0,0,0,1,2029051,0,0,0,0,0,0,0,,0,0,,0,0,,0,0,,0,9,7
<6C5BB217>,0,1115,1,1116,1,1117,1,0,0,0,0,0,0,0,0,0,0,0,,0,0,,0,0,,0,0,,0,3,3
<FBC66CF3>,0,1118,1,1119,1,1120,1,0,0,0,0,0,0,0,0,0,0,0,,0,0,,0,0,,0,0,,0,3,3
<D447F5C0>,0,1121,1,1122,1,1123,1,0,0,0,0,0,0,0,0,0,0,0,,0,0,,0,0,,0,0,,0,3,3
<1A780EE3>,0,1106,1,0,0,0,0,0,0,0,0,0,0,0,0,0,0,0,,0,0,,0,0,,0,0,,0,0,0
<D5F2E832>,0,1132,3,0,0,0,0,0,0,0,0,0,0,0,0,0,0,0,,0,0,,0,0,,0,0,,0,3,3
<8AE08D94>,0,1133,4,0,0,0,0,0,0,0,0,0,0,0,0,0,0,0,,0,0,,0,0,,0,0,,0,3,3
<EB256D3D>,0,1135,1,1136,1,0,0,0,0,0,0,0,0,0,0,0,0,0,,0,0,,0,0,,0,0,,0,3,3
<F88DBC55>,0,1137,2,0,0,0,0,0,0,0,0,0,0,0,0,0,0,0,,0,0,,0,0,,0,0,,0,3,3
<E7259C61>,0,1138,2,0,0,0,0,0,0,0,0,0,0,0,0,0,0,0,,0,0,,0,0,,0,0,,0,3,3
<18701DAB>,0,1345,2,0,0,0,0,0,0,0,0,0,0,0,0,0,0,0,,0,0,,0,0,,0,0,,0,3,3
<FBE855B9>,0,1346,3,0,0,0,0,0,0,0,0,0,0,0,0,0,0,0,,0,0,,0,0,,0,0,,0,3,3
<652397D8>,0,1347,1,0,0,0,0,0,0,0,0,0,0,0,0,0,0,0,,0,0,,0,0,,0,0,,0,3,3
<D4381E25>,2,0,0,0,0,0,0,0,0,0,0,0,0,0,0,0,0,1347,tail,1,0,,0,0,,0,0,,0,0,0
<1CA477E9>,0,1239,2,0,0,0,0,0,0,0,0,0,0,0,0,0,0,0,,0,0,,0,0,,0,0,,0,3,3
<40BB6C79>,0,1240,3,1241,1,0,0,0,0,0,0,0,0,0,0,0,0,0,,0,0,,0,0,,0,0,,0,3,3
<0374DE1B>,0,1579,2,0,0,0,0,0,0,0,0,0,0,0,0,0,0,0,,0,0,,0,0,,0,0,,0,3,3
<D4D5DA68>,0,1581,2,0,0,0,0,0,0,0,0,0,0,0,0,0,0,0,,0,0,,0,0,,0,0,,0,3,3
<01939B5E>,0,1437,4,0,0,0,0,0,0,0,0,0,0,0,0,0,0,0,,0,0,,0,0,,0,0,,0,3,3
<DA127034>,0,1438,4,0,0,0,0,0,0,0,0,0,0,0,0,0,0,0,,0,0,,0,0,,0,0,,0,3,3
<63B1B6F6>,0,1439,1,1440,3,0,0,0,0,0,0,0,0,0,0,0,0,0,,0,0,,0,0,,0,0,,0,3,3
<DBC2EFC8>,0,1242,1,1243,1,0,0,0,0,0,0,0,0,0,0,0,0,0,,0,0,,0,0,,0,0,,0,3,3
<151604E5>,0,4067,3,0,0,0,0,0,0,0,0,0,0,0,0,0,0,0,,0,0,,0,0,,0,0,,0,3,3
<0FEF54CE>,0,1244,1,0,0,0,0,0,0,0,0,0,0,0,0,0,0,0,,0,0,,0,0,,0,0,,0,3,3
<532B18C3>,0,1245,2,0,0,0,0,0,0,0,0,0,0,0,0,0,0,0,,0,0,,0,0,,0,0,,0,3,3
<6E0DD278>,0,1246,3,0,0,0,0,0,0,0,0,0,0,0,0,0,0,0,,0,0,,0,0,,0,0,,0,3,3
<0CBB0520>,0,1139,3,0,0,0,0,0,0,0,0,0,0,0,0,0,0,0,,0,0,,0,0,,0,0,,0,3,3
<0DA2249A>,0,1140,2,0,0,0,0,0,0,0,0,0,0,0,0,0,0,0,,0,0,,0,0,,0,0,,0,3,3
<4624BC03>,0,1582,4,0,0,0,0,0,0,0,0,0,0,0,0,0,0,0,,0,0,,0,0,,0,0,,0,3,3
<378C1B21>,0,1583,1,0,0,0,0,0,0,0,0,0,0,0,0,0,0,0,,0,0,,0,0,,0,0,,0,3,3
<A1CE8720>,0,1348,2,0,0,0,0,0,0,0,0,0,0,0,0,0,0,0,,0,0,,0,0,,0,0,,0,3,3
<AC48B7B4>,0,1349,2,1350,1,0,0,0,0,0,0,0,0,0,0,0,0,0,,0,0,,0,0,,0,0,,0,3,3
<903F270E>,0,1351,1,0,0,0,0,0,0,0,0,0,0,0,0,0,0,0,,0,0,,0,0,,0,0,,0,0,0
<548B5E88>,0,1441,4,0,0,0,0,0,0,0,0,0,0,0,0,0,0,0,,0,0,,0,0,,0,0,,0,3,3
<7A194FD0>,0,1442,4,0,0,0,0,0,0,0,0,0,0,0,0,0,0,0,,0,0,,0,0,,0,0,,0,3,3
<9504DC44>,2,0,0,0,0,0,0,0,0,0,0,0,0,0,0,0,0,1443,head,1,0,,0,0,,0,0,,0,10,12
<6BCB484D>,1,0,0,0,0,0,0,0,0,2,2042011,0,0,0,0,0,0,0,,0,0,,0,0,,0,0,,0,9,7
<22C614BC>,0,1247,4,0,0,0,0,0,0,0,0,0,0,0,0,0,0,0,,0,0,,0,0,,0,0,,0,3,3
<4DE76534>,0,876,2,0,0,0,0,0,0,0,0,0,0,0,0,0,0,0,,0,0,,0,0,,0,0,,0,3,3
<3E0DCA5E>,0,1352,3,0,0,0,0,0,0,0,0,0,0,0,0,0,0,0,,0,0,,0,0,,0,0,,0,3,3
<4656C194>,0,1353,1,0,0,0,0,0,0,0,0,0,0,0,0,0,0,0,,0,0,,0,0,,0,0,,0,3,3
<1E5824D2>,0,1248,3,0,0,0,0,0,0,0,0,0,0,0,0,0,0,0,,0,0,,0,0,,0,0,,0,3,3
<E9F88085>,0,1249,4,0,0,0,0,0,0,0,0,0,0,0,0,0,0,0,,0,0,,0,0,,0,0,,0,3,3
<DC61B8AE>,0,1141,2,0,0,0,0,0,0,0,0,0,0,0,0,0,0,0,,0,0,,0,0,,0,0,,0,3,3
<E96F0DA8>,0,1142,3,0,0,0,0,0,0,0,0,0,0,0,0,0,0,0,,0,0,,0,0,,0,0,,0,3,3
<61F0D3E6>,0,1143,2,0,0,0,0,0,0,0,0,0,0,0,0,0,0,0,,0,0,,0,0,,0,0,,0,3,3
<E1337398>,0,1144,1,0,0,0,0,0,0,0,0,0,0,0,0,0,0,0,,0,0,,0,0,,0,0,,0,0,0
<C3167961>,1,0,0,0,0,0,0,0,0,2,2046011,0,0,0,0,0,0,0,,0,0,,0,0,,0,0,,0,9,7
<1B22ADC3>,0,0,6,0,0,0,0,0,0,0,0,0,0,0,0,0,0,0,,0,0,,0,0,,0,0,,0,1,1
<D7A0CDE8>,0,1447,1,0,0,0,0,0,0,0,0,0,0,0,0,0,0,0,,0,0,,0,0,,0,0,,0,3,3
<8A30AB64>,0,1355,3,0,0,0,0,0,0,0,0,0,0,0,0,0,0,0,,0,0,,0,0,,0,0,,0,3,3
<E249B036>,0,1354,1,0,0,0,0,0,0,0,0,0,0,0,0,0,0,0,,0,0,,0,0,,0,0,,0,3,3
<1E31F29C>,0,1250,4,0,0,0,0,0,0,0,0,0,0,0,0,0,0,0,,0,0,,0,0,,0,0,,0,3,3
<6F7E45AB>,0,1251,4,0,0,0,0,0,0,0,0,0,0,0,0,0,0,0,,0,0,,0,0,,0,0,,0,3,3
<A3CA25C3>,0,1448,2,1449,2,0,0,0,0,0,0,0,0,0,0,0,0,0,,0,0,,0,0,,0,0,,0,3,3
<54529841>,1,0,0,0,0,0,0,0,0,2,2049021,0,0,0,0,0,0,0,,0,0,,0,0,,0,0,,0,9,7
<F77C8AF0>,0,877,3,878,3,0,0,0,0,0,0,0,0,0,0,0,0,0,,0,0,,0,0,,0,0,,0,3,3
<6B5B6843>,0,1252,1,0,0,0,0,0,0,0,0,0,0,0,0,0,0,0,,0,0,,0,0,,0,0,,0,3,3
<E2182581>,0,1356,3,0,0,0,0,0,0,0,0,0,0,0,0,0,0,0,,0,0,,0,0,,0,0,,0,3,3
<3D1E77FC>,0,1357,4,0,0,0,0,0,0,0,0,0,0,0,0,0,0,0,,0,0,,0,0,,0,0,,0,3,3
<15E87F62>,0,1584,3,0,0,0,0,0,0,0,0,0,0,0,0,0,0,0,,0,0,,0,0,,0,0,,0,3,3
<257C264D>,0,1585,5,0,0,0,0,0,0,0,0,0,0,0,0,0,0,0,,0,0,,0,0,,0,0,,0,3,3
<BE816B92>,0,1586,2,0,0,0,0,0,0,0,0,0,0,0,0,0,0,0,,0,0,,0,0,,0,0,,0,3,3
<A1051ECA>,1,0,0,0,0,0,0,0,0,2,2052021,0,0,0,0,0,0,0,,0,0,,0,0,,0,0,,0,0,0
<16E7049E>,0,1452,6,0,0,0,0,0,0,0,0,0,0,0,0,0,0,0,,0,0,,0,0,,0,0,,0,3,3
<38CA3F2A>,0,1453,2,1454,1,1455,1,0,0,0,0,0,0,0,0,0,0,0,,0,0,,0,0,,0,0,,0,3,3
<A6BC5E83>,1,0,0,0,0,0,0,0,0,2,2053031,0,0,0,0,0,0,0,,0,0,,0,0,,0,0,,0,9,7
<7ACF6691>,0,1145,2,0,0,0,0,0,0,0,0,0,0,0,0,0,0,0,,0,0,,0,0,,0,0,,0,3,3
<064FBFBF>,0,1146,3,0,0,0,0,0,0,0,0,0,0,0,0,0,0,0,,0,0,,0,0,,0,0,,0,3,3
<1CBACCA7>,2,0,0,0,0,0,0,0,0,0,0,0,0,0,0,0,0,1146,Acid_Pouch,1,0,,0,0,,0,0,,0,0,0
<B268B6F6>,0,1262,4,0,0,0,0,0,0,0,0,0,0,0,0,0,0,0,,0,0,,0,0,,0,0,,0,3,3
<551130BA>,1,0,0,0,0,0,0,0,0,2,2055021,0,0,0,0,0,0,0,,0,0,,0,0,,0,0,,0,9,7
<B80451EA>,0,1263,3,0,0,0,0,0,0,0,0,0,0,0,0,0,0,0,,0,0,,0,0,,0,0,,0,3,3
<14286CC2>,0,1147,1,0,0,0,0,0,0,0,0,0,0,0,0,0,0,0,,0,0,,0,0,,0,0,,0,3,3
<2A4AA329>,0,1358,3,0,0,0,0,0,0,0,0,0,0,0,0,0,0,0,,0,0,,0,0,,0,0,,0,3,3
<E6676ECF>,1,0,0,0,0,0,0,0,0,2,2057021,0,0,0,0,0,0,0,,0,0,,0,0,,0,0,,0,9,7
<E433C6DE>,0,1359,3,0,0,0,0,0,0,0,0,0,0,0,0,0,0,0,,0,0,,0,0,,0,0,,0,3,3
<2A4BC14F>,0,1360,2,1361,2,0,0,0,0,0,0,0,0,0,0,0,0,0,,0,0,,0,0,,0,0,,0,3,3
<62023ECE>,0,1148,1,0,0,0,0,0,0,0,0,0,0,0,0,0,0,0,,0,0,,0,0,,0,0,,0,3,3
<595831CC>,0,1264,4,0,0,0,0,0,0,0,0,0,0,0,0,0,0,0,,0,0,,0,0,,0,0,,0,3,3
<AB3D0FCE>,0,1265,4,0,0,0,0,0,0,0,0,0,0,0,0,0,0,0,,0,0,,0,0,,0,0,,0,3,3
<A8B3C48C>,0,1266,3,1267,1,0,0,0,0,0,0,0,0,0,0,0,0,0,,0,0,,0,0,,0,0,,0,3,3
<6B50B0BC>,0,1149,2,0,0,0,0,0,0,0,0,0,0,0,0,0,0,0,,0,0,,0,0,,0,0,,0,3,3
<D61EC28C>,0,1150,3,0,0,0,0,0,0,0,0,0,0,0,0,0,0,0,,0,0,,0,0,,0,0,,0,3,3
<5D553FBF>,0,1151,2,0,0,0,0,0,0,0,0,0,0,0,0,0,0,0,,0,0,,0,0,,0,0,,0,3,3
<609363E8>,0,1362,1,0,0,0,0,0,0,0,0,0,0,0,0,0,0,0,,0,0,,0,0,,0,0,,0,3,3
<26BE8940>,1,0,0,0,0,0,0,0,0,2,2062011,0,0,0,0,0,0,0,,0,0,,0,0,,0,0,,0,9,7
<E44A4F3E>,0,1268,1,0,0,0,0,0,0,0,0,0,0,0,0,0,0,0,,0,0,,0,0,,0,0,,0,3,3
<966394C6>,0,1588,3,0,0,0,0,0,0,0,0,0,0,0,0,0,0,0,,0,0,,0,0,,0,0,,0,3,3
<F8B864F7>,1,0,0,0,0,0,0,0,0,1,2063021,0,0,0,0,0,0,0,,0,0,,0,0,,0,0,,0,8,6
<B1BA488A>,0,1589,1,0,0,0,0,0,0,0,0,0,0,0,0,0,0,0,,0,0,,0,0,,0,0,,0,3,3
<23AF1FD3>,0,1270,1,0,0,0,0,0,0,0,0,0,0,0,0,0,0,0,,0,0,,0,0,,0,0,,0,3,3
<B7525CE8>,0,1364,3,0,0,0,0,0,0,0,0,0,0,0,0,0,0,0,,0,0,,0,0,,0,0,,0,3,3
<89366389>,0,1365,2,0,0,0,0,0,0,0,0,0,0,0,0,0,0,0,,0,0,,0,0,,0,0,,0,3,3
<FC895300>,0,1272,3,0,0,0,0,0,0,0,0,0,0,0,0,0,0,0,,0,0,,0,0,,0,0,,0,3,3
<D5BDCCA5>,0,4068,2,1272,2,0,0,0,0,0,0,0,0,0,0,0,0,0,,0,0,,0,0,,0,0,,0,3,3
<AC5E398E>,0,1273,3,1274,1,0,0,0,0,0,0,0,0,0,0,0,0,0,,0,0,,0,0,,0,0,,0,3,3
<5E000FD3>,0,1590,2,0,0,0,0,0,0,0,0,0,0,0,0,0,0,0,,0,0,,0,0,,0,0,,0,3,3
<FFC5DC6E>,0,1592,1,0,0,0,0,0,0,0,0,0,0,0,0,0,0,0,,0,0,,0,0,,0,0,,0,3,3
<C56C9370>,0,1591,1,879,2,0,0,0,0,0,0,0,0,0,0,0,0,0,,0,0,,0,0,,0,0,,0,3,3
<C41FDED4>,0,1366,4,0,0,0,0,0,0,0,0,0,0,0,0,0,0,0,,0,0,,0,0,,0,0,,0,3,3
<91A8D1E8>,0,1367,4,0,0,0,0,0,0,0,0,0,0,0,0,0,0,0,,0,0,,0,0,,0,0,,0,3,3
<AB1CD201>,0,1593,2,0,0,0,0,0,0,0,0,0,0,0,0,0,0,0,,0,0,,0,0,,0,0,,0,3,3
<C926737E>,0,1594,2,0,0,0,0,0,0,0,0,0,0,0,0,0,0,0,,0,0,,0,0,,0,0,,0,3,3
<23194D82>,0,884,2,885,2,0,0,0,0,0,0,0,0,0,0,0,0,0,,0,0,,0,0,,0,0,,0,3,3
<F77C8B9F>,0,1152,1,0,0,0,0,0,0,0,0,0,0,0,0,0,0,0,,0,0,,0,0,,0,0,,0,3,3
<0B2F7798>,0,1275,2,0,0,0,0,0,0,0,0,0,0,0,0,0,0,0,,0,0,,0,0,,0,0,,0,3,3
<4D6A6FED>,0,1276,3,0,0,0,0,0,0,0,0,0,0,0,0,0,0,0,,0,0,,0,0,,0,0,,0,3,3
<E644512F>,0,1277,4,0,0,0,0,0,0,0,0,0,0,0,0,0,0,0,,0,0,,0,0,,0,0,,0,3,3
<540EBAFA>,0,1368,4,0,0,0,0,0,0,0,0,0,0,0,0,0,0,0,,0,0,,0,0,,0,0,,0,3,3
<8E3A8737>,0,1369,4,0,0,0,0,0,0,0,0,0,0,0,0,0,0,0,,0,0,,0,0,,0,0,,0,3,3
<553FE134>,0,1370,2,0,0,0,0,0,0,0,0,0,0,0,0,0,0,0,,0,0,,0,0,,0,0,,0,3,3
<7C579B35>,0,1153,3,0,0,0,0,0,0,0,0,0,0,0,0,0,0,0,,0,0,,0,0,,0,0,,0,3,3
<241FE2E8>,0,1154,4,0,0,0,0,0,0,0,0,0,0,0,0,0,0,0,,0,0,,0,0,,0,0,,0,3,3
<792E532F>,2,0,0,0,0,0,0,0,0,0,0,0,0,0,0,0,0,1155,Acid_Pouch,1,0,,0,0,,0,0,,0,10,13
<9B1ADF7B>,0,1280,1,0,0,0,0,0,0,0,0,0,0,0,0,0,0,0,,0,0,,0,0,,0,0,,0,3,3
<B9062F73>,2,0,0,0,0,0,0,0,0,0,0,0,0,0,0,0,0,1278,foot_R,1,0,,0,0,,0,0,,0,10,14
<3BFD98B5>,2,0,0,0,0,0,0,0,0,0,0,0,0,0,0,0,0,1278,weak,1,0,,0,0,,0,0,,0,0,0
<D89BB192>,0,1595,1,1596,1,1597,1,0,0,0,0,0,0,0,0,0,0,0,,0,0,,0,0,,0,0,,0,3,3
<A51D91C8>,0,1599,1,1596,1,1598,1,0,0,0,0,0,0,0,0,0,0,0,,0,0,,0,0,,0,0,,0,3,3
<CE5C20C9>,0,1600,1,1601,1,0,0,0,0,0,0,0,0,0,0,0,0,0,,0,0,,0,0,,0,0,,0,3,3
<1BB483B6>,0,1158,1,0,0,0,0,0,0,0,0,0,0,0,0,0,0,0,,0,0,,0,0,,0,0,,0,3,3
<8902FF09>,1,0,0,0,0,0,0,0,0,0,2076021,0,0,0,0,0,0,0,,0,0,,0,0,,0,0,,0,7,5
<8D92DD88>,0,1159,2,0,0,0,0,0,0,0,0,0,0,0,0,0,0,0,,0,0,,0,0,,0,0,,0,3,3
<4B9C30FC>,0,1160,1,0,0,0,0,0,0,0,0,0,0,0,0,0,0,0,,0,0,,0,0,,0,0,,0,3,3
<973171BB>,0,1161,1,1162,2,0,0,0,0,0,0,0,0,0,0,0,0,0,,0,0,,0,0,,0,0,,0,3,3
<B1A5B090>,1,0,0,0,0,0,0,0,0,0,2078011,0,2078012,0,2078013,0,2078014,0,,0,0,,0,0,,0,0,,0,7,5
<7195E3E4>,0,1603,3,0,0,0,0,0,0,0,0,0,0,0,0,0,0,0,,0,0,,0,0,,0,0,,0,3,3
<A6FE4BF8>,0,1371,3,0,0,0,0,0,0,0,0,0,0,0,0,0,0,0,,0,0,,0,0,,0,0,,0,3,3
<7EFAAD6E>,0,1372,2,1373,2,0,0,0,0,0,0,0,0,0,0,0,0,0,,0,0,,0,0,,0,0,,0,3,3
<43553226>,0,1374,1,1375,1,0,0,0,0,0,0,0,0,0,0,0,0,0,,0,0,,0,0,,0,0,,0,3,3
<CDAD3280>,0,1165,2,0,0,0,0,0,0,0,0,0,0,0,0,0,0,0,,0,0,,0,0,,0,0,,0,3,3
<B692FD64>,0,1163,1,0,0,0,0,0,0,0,0,0,0,0,0,0,0,0,,0,0,,0,0,,0,0,,0,3,3
<CA5334C9>,2,0,0,0,0,0,0,0,0,0,0,0,0,0,0,0,0,1163,head,1,0,,0,0,,0,0,,0,0,0
<BEAC0321>,0,1456,4,0,0,0,0,0,0,0,0,0,0,0,0,0,0,0,,0,0,,0,0,,0,0,,0,3,3
<0BDA0529>,0,1457,3,0,0,0,0,0,0,0,0,0,0,0,0,0,0,0,,0,0,,0,0,,0,0,,0,3,3
<C2EA41DB>,0,1458,1,1459,2,0,0,0,0,0,0,0,0,0,0,0,0,0,,0,0,,0,0,,0,0,,0,3,3
<3425E6FE>,0,1376,3,0,0,0,0,0,0,0,0,0,0,0,0,0,0,0,,0,0,,0,0,,0,0,,0,3,3
<30AD41BA>,0,1377,3,0,0,0,0,0,0,0,0,0,0,0,0,0,0,0,,0,0,,0,0,,0,0,,0,3,3
<3CE45D58>,0,1378,1,0,0,0,0,0,0,0,0,0,0,0,0,0,0,0,,0,0,,0,0,,0,0,,0,3,3
<A957E6CD>,0,1604,2,0,0,0,0,0,0,0,0,0,0,0,0,0,0,0,,0,0,,0,0,,0,0,,0,3,3
<F630880C>,0,1605,1,0,0,0,0,0,0,0,0,0,0,0,0,0,0,0,,0,0,,0,0,,0,0,,0,3,3
<2BC5CBDF>,1,0,0,0,0,0,0,0,0,2,2083031,0,0,0,0,0,0,0,,0,0,,0,0,,0,0,,0,9,7
<89006660>,0,1606,3,0,0,0,0,0,0,0,0,0,0,0,0,0,0,0,,0,0,,0,0,,0,0,,0,3,3
<F8EE947E>,0,1379,2,0,0,0,0,0,0,0,0,0,0,0,0,0,0,0,,0,0,,0,0,,0,0,,0,3,3
<81B09722>,0,1380,2,0,0,0,0,0,0,0,0,0,0,0,0,0,0,0,,0,0,,0,0,,0,0,,0,3,3
<10525781>,0,1381,1,0,0,0,0,0,0,0,0,0,0,0,0,0,0,0,,0,0,,0,0,,0,0,,0,3,3
<48F157B5>,0,1460,3,0,0,0,0,0,0,0,0,0,0,0,0,0,0,0,,0,0,,0,0,,0,0,,0,3,3
<BBB239ED>,0,1461,1,1462,1,1463,1,0,0,0,0,0,0,0,0,0,0,0,,0,0,,0,0,,0,0,,0,3,3
<88279161>,0,1281,1,0,0,0,0,0,0,0,0,0,0,0,0,0,0,0,,0,0,,0,0,,0,0,,0,3,3
<63419C7F>,0,1382,2,0,0,0,0,0,0,0,0,0,0,0,0,0,0,0,,0,0,,0,0,,0,0,,0,3,3
<507DE9FF>,0,1383,3,0,0,0,0,0,0,0,0,0,0,0,0,0,0,0,,0,0,,0,0,,0,0,,0,3,3
<AB45DC91>,0,1384,2,0,0,0,0,0,0,0,0,0,0,0,0,0,0,0,,0,0,,0,0,,0,0,,0,3,3
<F53D98E1>,1,0,0,0,0,0,0,0,0,2,2087021,0,0,0,0,0,0,0,,0,0,,0,0,,0,0,,0,0,0
<685BB495>,0,1167,4,0,0,0,0,0,0,0,0,0,0,0,0,0,0,0,,0,0,,0,0,,0,0,,0,3,3
<4317FF62>,0,1168,1,0,0,0,0,0,0,0,0,0,0,0,0,0,0,0,,0,0,,0,0,,0,0,,0,3,3
<7C7A596C>,0,1170,2,0,0,0,0,0,0,0,0,0,0,0,0,0,0,0,,0,0,,0,0,,0,0,,0,3,3
<1A976683>,0,1171,4,0,0,0,0,0,0,0,0,0,0,0,0,0,0,0,,0,0,,0,0,,0,0,,0,3,3
<D49C2B5B>,0,1607,4,0,0,0,0,0,0,0,0,0,0,0,0,0,0,0,,0,0,,0,0,,0,0,,0,3,3
<CC6A75A7>,0,1609,1,0,0,0,0,0,0,0,0,0,0,0,0,0,0,0,,0,0,,0,0,,0,0,,0,3,3
<46520558>,0,1283,1,0,0,0,0,0,0,0,0,0,0,0,0,0,0,0,,0,0,,0,0,,0,0,,0,3,3
<5D3837A1>,0,1284,1,0,0,0,0,0,0,0,0,0,0,0,0,0,0,0,,0,0,,0,0,,0,0,,0,3,3
<380C6CC0>,0,1285,1,0,0,0,0,0,0,0,0,0,0,0,0,0,0,0,,0,0,,0,0,,0,0,,0,3,3
<C5E835CB>,0,1286,2,0,0,0,0,0,0,0,0,0,0,0,0,0,0,0,,0,0,,0,0,,0,0,,0,0,0
<256E50F2>,0,0,6,0,0,0,0,0,0,0,0,0,0,0,0,0,0,0,,0,0,,0,0,,0,0,,0,1,1
<F2E3D54D>,0,1467,1,0,0,0,0,0,0,0,0,0,0,0,0,0,0,0,,0,0,,0,0,,0,0,,0,3,3
<31FAB757>,0,1172,3,0,0,0,0,0,0,0,0,0,0,0,0,0,0,0,,0,0,,0,0,,0,0,,0,3,3
<8558B680>,0,1173,3,0,0,0,0,0,0,0,0,0,0,0,0,0,0,0,,0,0,,0,0,,0,0,,0,3,3
<68D7B5A0>,0,1174,1,0,0,0,0,0,0,0,0,0,0,0,0,0,0,0,,0,0,,0,0,,0,0,,0,3,3
<ACE92086>,1,0,0,0,0,0,0,0,0,2,2093021,0,0,0,0,0,0,0,,0,0,,0,0,,0,0,,0,0,0
<E5DD5285>,0,1611,1,0,0,0,0,0,0,0,0,0,0,0,0,0,0,0,,0,0,,0,0,,0,0,,0,3,3
<42654791>,0,1385,3,0,0,0,0,0,0,0,0,0,0,0,0,0,0,0,,0,0,,0,0,,0,0,,0,3,3
<576CA8BC>,0,1386,3,0,0,0,0,0,0,0,0,0,0,0,0,0,0,0,,0,0,,0,0,,0,0,,0,3,3
<E7471CE2>,0,1387,1,1388,2,0,0,0,0,0,0,0,0,0,0,0,0,0,,0,0,,0,0,,0,0,,0,3,3
<D1A27A65>,0,1389,3,0,0,0,0,0,0,0,0,0,0,0,0,0,0,0,,0,0,,0,0,,0,0,,0,3,3
<16ADC61F>,0,1390,4,0,0,0,0,0,0,0,0,0,0,0,0,0,0,0,,0,0,,0,0,,0,0,,0,3,3
<51496B72>,0,1391,1,0,0,0,0,0,0,0,0,0,0,0,0,0,0,0,,0,0,,0,0,,0,0,,0,3,3
<4CB553F5>,0,1175,2,0,0,0,0,0,0,0,0,0,0,0,0,0,0,0,,0,0,,0,0,,0,0,,0,3,3
<963AEBDD>,0,1176,1,1177,2,0,0,0,0,0,0,0,0,0,0,0,0,0,,0,0,,0,0,,0,0,,0,3,3
<B4E6CBC7>,0,1178,1,1179,3,0,0,0,0,0,0,0,0,0,0,0,0,0,,0,0,,0,0,,0,0,,0,3,3
<94885BFE>,1,0,0,0,0,0,0,0,0,2,2098011,0,0,0,0,0,0,0,,0,0,,0,0,,0,0,,0,9,7
<7C58BA44>,2,0,0,0,0,0,0,0,0,0,0,0,0,0,0,0,0,1471,Horn,1,0,,0,0,,0,0,,0,10,17
<990FAA80>,0,1613,1,0,0,0,0,0,0,0,0,0,0,0,0,0,0,0,,0,0,,0,0,,0,0,,0,3,3
<D989B884>,0,1392,3,0,0,0,0,0,0,0,0,0,0,0,0,0,0,0,,0,0,,0,0,,0,0,,0,3,3
<396D3133>,0,1393,2,0,0,0,0,0,0,0,0,0,0,0,0,0,0,0,,0,0,,0,0,,0,0,,0,3,3
<931B3CC6>,0,1394,3,0,0,0,0,0,0,0,0,0,0,0,0,0,0,0,,0,0,,0,0,,0,0,,0,3,3
<22BD6093>,0,1289,3,0,0,0,0,0,0,0,0,0,0,0,0,0,0,0,,0,0,,0,0,,0,0,,0,3,3
<9BA69B53>,0,1288,1,0,0,0,0,0,0,0,0,0,0,0,0,0,0,0,,0,0,,0,0,,0,0,,0,3,3
<659FA9D2>,2,0,0,0,0,0,0,0,0,0,0,0,0,0,0,0,0,1288,lantern,1,0,,0,0,,0,0,,0,0,0
<8DFCA7D8>,0,1472,4,0,0,0,0,0,0,0,0,0,0,0,0,0,0,0,,0,0,,0,0,,0,0,,0,3,3
<AB27FB34>,0,1473,1,1474,3,0,0,0,0,0,0,0,0,0,0,0,0,0,,0,0,,0,0,,0,0,,0,3,3
<E6613A24>,2,0,0,0,0,0,0,0,0,0,0,0,0,0,0,0,0,1473,tail,1,0,,0,0,,0,0,,0,0,0
<57EF96FF>,0,1290,1,0,0,0,0,0,0,0,0,0,0,0,0,0,0,0,,0,0,,0,0,,0,0,,0,3,3
<91D970DB>,0,1614,1,1615,1,0,0,0,0,0,0,0,0,0,0,0,0,0,,0,0,,0,0,,0,0,,0,3,3
<7476FF7B>,0,1616,1,1617,1,0,0,0,0,0,0,0,0,0,0,0,0,0,,0,0,,0,0,,0,0,,0,3,3
<23820C73>,0,1618,1,0,0,0,0,0,0,0,0,0,0,0,0,0,0,0,,0,0,,0,0,,0,0,,0,3,3
<67D9F695>,0,1291,1,1292,1,0,0,0,0,0,0,0,0,0,0,0,0,0,,0,0,,0,0,,0,0,,0,3,3
<007BB7D3>,0,1475,4,0,0,0,0,0,0,0,0,0,0,0,0,0,0,0,,0,0,,0,0,,0,0,,0,3,3
<ACFAE8B6>,0,1476,4,0,0,0,0,0,0,0,0,0,0,0,0,0,0,0,,0,0,,0,0,,0,0,,0,3,3
<448B749D>,0,1477,1,0,0,0,0,0,0,0,0,0,0,0,0,0,0,0,,0,0,,0,0,,0,0,,0,3,3
<B6CC9AB4>,0,1180,3,0,0,0,0,0,0,0,0,0,0,0,0,0,0,0,,0,0,,0,0,,0,0,,0,3,3
<74831545>,0,1181,4,0,0,0,0,0,0,0,0,0,0,0,0,0,0,0,,0,0,,0,0,,0,0,,0,3,3
<ABB57188>,0,1619,1,1620,1,1621,1,1622,1,0,0,0,0,0,0,0,0,0,,0,0,,0,0,,0,0,,0,2,2
<60F85165>,0,1623,4,0,0,0,0,0,0,0,0,0,0,0,0,0,0,0,,0,0,,0,0,,0,0,,0,3,3
<810A028A>,0,1624,1,0,0,0,0,0,0,0,0,0,0,0,0,0,0,0,,0,0,,0,0,,0,0,,0,3,3
<15FB14EC>,0,1395,2,0,0,0,0,0,0,0,0,0,0,0,0,0,0,0,,0,0,,0,0,,0,0,,0,3,3
<7853A7A9>,0,1396,2,0,0,0,0,0,0,0,0,0,0,0,0,0,0,0,,0,0,,0,0,,0,0,,0,3,3
<AA3FB56A>,0,1182,4,0,0,0,0,0,0,0,0,0,0,0,0,0,0,0,,0,0,,0,0,,0,0,,0,3,3
<39DDE72E>,0,1183,3,0,0,0,0,0,0,0,0,0,0,0,0,0,0,0,,0,0,,0,0,,0,0,,0,3,3
<86435F3A>,0,1184,1,1185,3,0,0,0,0,0,0,0,0,0,0,0,0,0,,0,0,,0,0,,0,0,,0,3,3
<BF08CBA3>,0,1478,1,0,0,0,0,0,0,0,0,0,0,0,0,0,0,0,,0,0,,0,0,,0,0,,0,3,3
<14AC179D>,1,0,0,0,0,0,0,0,0,2,2112021,0,0,0,0,0,0,0,,0,0,,0,0,,0,0,,0,9,7
<A9E4BB10>,0,1397,4,0,0,0,0,0,0,0,0,0,0,0,0,0,0,0,,0,0,,0,0,,0,0,,0,3,3
<805BD97F>,0,1398,4,0,0,0,0,0,0,0,0,0,0,0,0,0,0,0,,0,0,,0,0,,0,0,,0,3,3
<D8D33B44>,0,0,4,0,0,0,0,0,0,0,0,0,0,0,0,0,0,0,,0,0,,0,0,,0,0,,0,1,1
<EFE4523B>,0,1485,1,1486,1,0,0,0,0,0,0,0,0,0,0,0,0,0,,0,0,,0,0,,0,0,,0,3,3
<3614B29E>,0,4070,2,1483,2,0,0,0,0,0,0,0,0,0,0,0,0,0,,0,0,,0,0,,0,0,,0,3,3
<7A1761F4>,0,1487,2,0,0,0,0,0,0,0,0,0,0,0,0,0,0,0,,0,0,,0,0,,0,0,,0,0,0
<AFE46AFD>,1,0,0,0,0,0,0,0,0,2,2115011,0,0,0,0,0,0,0,,0,0,,0,0,,0,0,,0,9,7
<776DE599>,0,1626,4,0,0,0,0,0,0,0,0,0,0,0,0,0,0,0,,0,0,,0,0,,0,0,,0,3,3
<6EF44CA0>,0,1627,1,1628,1,0,0,0,0,0,0,0,0,0,0,0,0,0,,0,0,,0,0,,0,0,,0,3,3
<16CEB593>,0,1488,6,0,0,0,0,0,0,0,0,0,0,0,0,0,0,0,,0,0,,0,0,,0,0,,0,1,1
<701BC0B4>,0,1488,6,0,0,0,0,0,0,0,0,0,0,0,0,0,0,0,,0,0,,0,0,,0,0,,0,1,1
<D079A8C4>,0,1489,1,0,0,0,0,0,0,0,0,0,0,0,0,0,0,0,,0,0,,0,0,,0,0,,0,3,3
<D25ED1AF>,0,1490,2,0,0,0,0,0,0,0,0,0,0,0,0,0,0,0,,0,0,,0,0,,0,0,,0,3,3
<1A16EE36>,0,1186,1,0,0,0,0,0,0,0,0,0,0,0,0,0,0,0,,0,0,,0,0,,0,0,,0,3,3
<E3F23294>,0,1293,3,0,0,0,0,0,0,0,0,0,0,0,0,0,0,0,,0,0,,0,0,,0,0,,0,3,3
<AE1B4D63>,0,1294,3,0,0,0,0,0,0,0,0,0,0,0,0,0,0,0,,0,0,,0,0,,0,0,,0,3,3
<CBF1DB17>,1,0,0,0,0,0,0,0,0,2,2118031,0,0,0,0,0,0,0,,0,0,,0,0,,0,0,,0,9,7
<F0E8D249>,0,1295,4,0,0,0,0,0,0,0,0,0,0,0,0,0,0,0,,0,0,,0,0,,0,0,,0,3,3
<C33A77AD>,0,1296,1,0,0,0,0,0,0,0,0,0,0,0,0,0,0,0,,0,0,,0,0,,0,0,,0,3,3
<3A9E343A>,0,1296,1,0,0,0,0,0,0,0,0,0,0,0,0,0,0,0,,0,0,,0,0,,0,0,,0,3,3
<86D7B593>,0,1297,1,0,0,0,0,0,0,0,0,0,0,0,0,0,0,0,,0,0,,0,0,,0,0,,0,3,3
<9400ED75>,0,1188,3,0,0,0,0,0,0,0,0,0,0,0,0,0,0,0,,0,0,,0,0,,0,0,,0,3,3
<DBD7BDBB>,0,1189,2,0,0,0,0,0,0,0,0,0,0,0,0,0,0,0,,0,0,,0,0,,0,0,,0,3,3
<7B85F6C2>,0,1190,4,0,0,0,0,0,0,0,0,0,0,0,0,0,0,0,,0,0,,0,0,,0,0,,0,3,3
<27BA06CC>,1,0,0,0,0,0,0,0,0,2,2120021,0,0,0,0,0,0,0,,0,0,,0,0,,0,0,,0,0,0
<FA5BF76E>,0,1399,2,0,0,0,0,0,0,0,0,0,0,0,0,0,0,0,,0,0,,0,0,,0,0,,0,3,3
<25F9BC43>,0,1400,2,0,0,0,0,0,0,0,0,0,0,0,0,0,0,0,,0,0,,0,0,,0,0,,0,3,3
<EA4F4BE8>,0,1401,1,0,0,0,0,0,0,0,0,0,0,0,0,0,0,0,,0,0,,0,0,,0,0,,0,3,3
<246EE052>,0,1629,1,0,0,0,0,0,0,0,0,0,0,0,0,0,0,0,,0,0,,0,0,,0,0,,0,3,3
<B6E3606B>,0,1630,1,0,0,0,0,0,0,0,0,0,0,0,0,0,0,0,,0,0,,0,0,,0,0,,0,3,3
<287E0C12>,0,1631,1,0,0,0,0,0,0,0,0,0,0,0,0,0,0,0,,0,0,,0,0,,0,0,,0,3,3
<0CDB8FBB>,0,1632,1,0,0,0,0,0,0,0,0,0,0,0,0,0,0,0,,0,0,,0,0,,0,0,,0,3,3
<426CD041>,0,1633,1,0,0,0,0,0,0,0,0,0,0,0,0,0,0,0,,0,0,,0,0,,0,0,,0,0,0
<20D0F0F9>,0,1298,1,0,0,0,0,0,0,0,0,0,0,0,0,0,0,0,,0,0,,0,0,,0,0,,0,3,3
<8759265E>,0,1491,4,0,0,0,0,0,0,0,0,0,0,0,0,0,0,0,,0,0,,0,0,,0,0,,0,3,3
<9C15BDB9>,0,888,2,1492,1,1493,1,0,0,0,0,0,0,0,0,0,0,0,,0,0,,0,0,,0,0,,0,3,3
<ED00CC13>,0,1191,4,0,0,0,0,0,0,0,0,0,0,0,0,0,0,0,,0,0,,0,0,,0,0,,0,3,3
<BC9A04AD>,0,1192,1,0,0,0,0,0,0,0,0,0,0,0,0,0,0,0,,0,0,,0,0,,0,0,,0,3,3
<2C394FDA>,0,1194,1,0,0,0,0,0,0,0,0,0,0,0,0,0,0,0,,0,0,,0,0,,0,0,,0,3,3
<F4451BA1>,0,1634,4,0,0,0,0,0,0,0,0,0,0,0,0,0,0,0,,0,0,,0,0,,0,0,,0,3,3
<2E0376AD>,0,1637,3,0,0,0,0,0,0,0,0,0,0,0,0,0,0,0,,0,0,,0,0,,0,0,,0,3,3
<42396997>,0,1635,2,1636,1,0,0,0,0,0,0,0,0,0,0,0,0,0,,0,0,,0,0,,0,0,,0,3,3
<1F0F1627>,0,1303,1,1301,1,1302,1,0,0,0,0,0,0,0,0,0,0,0,,0,0,,0,0,,0,0,,0,3,3
<5FAB10B4>,0,1304,1,0,0,0,0,0,0,0,0,0,0,0,0,0,0,0,,0,0,,0,0,,0,0,,0,3,3
<D52EBFFA>,0,1402,3,0,0,0,0,0,0,0,0,0,0,0,0,0,0,0,,0,0,,0,0,,0,0,,0,3,3
<273D1D1D>,0,1403,3,0,0,0,0,0,0,0,0,0,0,0,0,0,0,0,,0,0,,0,0,,0,0,,0,3,3
<E59DB85B>,0,1404,4,0,0,0,0,0,0,0,0,0,0,0,0,0,0,0,,0,0,,0,0,,0,0,,0,3,3
<53807417>,1,0,0,0,0,0,0,0,0,2,2128021,0,0,0,0,0,0,0,,0,0,,0,0,,0,0,,0,0,0
<DFE5405B>,0,1496,2,1497,2,0,0,0,0,0,0,0,0,0,0,0,0,0,,0,0,,0,0,,0,0,,0,3,3
<7D7AF07E>,0,1498,2,1499,2,0,0,0,0,0,0,0,0,0,0,0,0,0,,0,0,,0,0,,0,0,,0,3,3
<164DFCB7>,0,1494,1,1495,1,0,0,0,0,0,0,0,0,0,0,0,0,0,,0,0,,0,0,,0,0,,0,3,3
<825AA2CF>,1,0,0,0,0,0,0,0,0,2,2129021,2,2129022,0,0,0,0,0,,0,0,,0,0,,0,0,,0,0,0
<9E40E720>,1,0,0,0,0,0,0,0,0,2,2130011,0,0,0,0,0,0,0,,0,0,,0,0,,0,0,,0,9,7
<47AB0079>,0,1500,1,1501,1,1506,1,1507,1,0,0,0,0,0,0,0,0,0,,0,0,,0,0,,0,0,,0,2,2
<F705F17C>,0,1502,1,1503,1,1508,1,1509,1,0,0,0,0,0,0,0,0,0,,0,0,,0,0,,0,0,,0,2,2
<915977AA>,0,1504,1,1505,1,1510,1,1509,1,0,0,0,0,0,0,0,0,0,,0,0,,0,0,,0,0,,0,2,2
<2C73CBA3>,0,1405,3,0,0,0,0,0,0,0,0,0,0,0,0,0,0,0,,0,0,,0,0,,0,0,,0,3,3
<7EC87F5A>,0,1406,4,0,0,0,0,0,0,0,0,0,0,0,0,0,0,0,,0,0,,0,0,,0,0,,0,3,3
<50A48DC1>,0,1407,1,0,0,0,0,0,0,0,0,0,0,0,0,0,0,0,,0,0,,0,0,,0,0,,0,3,3
<CB275E66>,1,0,0,0,0,0,0,0,0,2,2131021,0,0,0,0,0,0,0,,0,0,,0,0,,0,0,,0,0,0
<D1931689>,0,1195,4,0,0,0,0,0,0,0,0,0,0,0,0,0,0,0,,0,0,,0,0,,0,0,,0,3,3
<6B0ADB26>,0,1196,3,0,0,0,0,0,0,0,0,0,0,0,0,0,0,0,,0,0,,0,0,,0,0,,0,3,3
<0CA5BAB7>,0,1198,2,1199,2,0,0,0,0,0,0,0,0,0,0,0,0,0,,0,0,,0,0,,0,0,,0,3,3
<E70AF891>,0,1638,2,0,0,0,0,0,0,0,0,0,0,0,0,0,0,0,,0,0,,0,0,,0,0,,0,3,3
<058460CD>,1,0,0,0,0,0,0,0,0,1,2133021,0,0,0,0,0,0,0,,0,0,,0,0,,0,0,,0,8,6
<EE60BACD>,0,1639,2,0,0,0,0,0,0,0,0,0,0,0,0,0,0,0,,0,0,,0,0,,0,0,,0,3,3
<F7F1CB9E>,1,0,0,0,0,0,0,0,0,1,2133041,0,0,0,0,0,0,0,,0,0,,0,0,,0,0,,0,8,6
<07B80C66>,0,1640,1,1641,1,0,0,0,0,0,0,0,0,0,0,0,0,0,,0,0,,0,0,,0,0,,0,3,3
<523EE84B>,1,0,0,0,0,0,0,0,0,1,2133061,0,0,0,0,0,0,0,,0,0,,0,0,,0,0,,0,8,6
<DE19E020>,0,1642,1,0,0,0,0,0,0,0,0,0,0,0,0,0,0,0,,0,0,,0,0,,0,0,,0,3,3
<39A70644>,1,0,0,0,0,0,0,0,0,2,2133022,0,0,0,0,0,0,0,,0,0,,0,0,,0,0,,0,0,0
<A9CA288B>,0,1512,4,0,0,0,0,0,0,0,0,0,0,0,0,0,0,0,,0,0,,0,0,,0,0,,0,3,3
<5CE16B24>,0,1513,4,0,0,0,0,0,0,0,0,0,0,0,0,0,0,0,,0,0,,0,0,,0,0,,0,3,3
<56CFA7F1>,0,1514,4,0,0,0,0,0,0,0,0,0,0,0,0,0,0,0,,0,0,,0,0,,0,0,,0,3,3
<0169E8AE>,0,1515,4,0,0,0,0,0,0,0,0,0,0,0,0,0,0,0,,0,0,,0,0,,0,0,,0,3,3
<B7D3A7FE>,0,1306,3,0,0,0,0,0,0,0,0,0,0,0,0,0,0,0,,0,0,,0,0,,0,0,,0,3,3
<AFB61A5E>,2,0,0,0,0,0,0,0,0,0,0,0,0,0,0,0,0,1305,tail,1,0,,0,0,,0,0,,0,10,20
<C14974B4>,1,0,0,0,0,0,0,0,0,0,2135011,0,0,0,0,0,0,0,,0,0,,0,0,,0,0,,0,0,0
<B03A08A9>,0,1643,6,0,0,0,0,0,0,0,0,0,0,0,0,0,0,0,,0,0,,0,0,,0,0,,0,3,3
<2CA9F076>,1,0,0,0,0,0,0,0,0,0,2136021,0,0,0,0,0,0,0,,0,0,,0,0,,0,0,,0,9,7
<F4406589>,0,1644,3,0,0,0,0,0,0,0,0,0,0,0,0,0,0,0,,0,0,,0,0,,0,0,,0,3,3
<D12E30B5>,0,1200,2,0,0,0,0,0,0,0,0,0,0,0,0,0,0,0,,0,0,,0,0,,0,0,,0,3,3
<5FB3C644>,0,1201,1,0,0,0,0,0,0,0,0,0,0,0,0,0,0,0,,0,0,,0,0,,0,0,,0,3,3
<5E3A542B>,0,1645,4,0,0,0,0,0,0,0,0,0,0,0,0,0,0,0,,0,0,,0,0,,0,0,,0,3,3
<BE8CABD8>,0,1648,1,1646,1,1647,1,0,0,0,0,0,0,0,0,0,0,0,,0,0,,0,0,,0,0,,0,3,3
<229F46B0>,0,1307,4,0,0,0,0,0,0,0,0,0,0,0,0,0,0,0,,0,0,,0,0,,0,0,,0,3,3
<C2E0BF54>,0,1308,1,0,0,0,0,0,0,0,0,0,0,0,0,0,0,0,,0,0,,0,0,,0,0,,0,3,3
<C0DF9A56>,0,1205,2,0,0,0,0,0,0,0,0,0,0,0,0,0,0,0,,0,0,,0,0,,0,0,,0,3,3
<7B0BDDC4>,2,0,0,0,0,0,0,0,0,0,0,0,0,0,0,0,0,1203,head,1,0,,0,0,,0,0,,0,10,21
<DA5624B9>,2,0,0,0,0,0,0,0,0,0,0,0,0,0,0,0,0,1203,arm_L,1,0,,0,0,,0,0,,0,0,0
<A21D964C>,0,1207,4,0,0,0,0,0,0,0,0,0,0,0,0,0,0,0,,0,0,,0,0,,0,0,,0,3,3
<9F57C578>,0,1208,3,0,0,0,0,0,0,0,0,0,0,0,0,0,0,0,,0,0,,0,0,,0,0,,0,3,3
<35C55080>,0,1209,1,0,0,0,0,0,0,0,0,0,0,0,0,0,0,0,,0,0,,0,0,,0,0,,0,3,3
<32419FA2>,0,1210,4,0,0,0,0,0,0,0,0,0,0,0,0,0,0,0,,0,0,,0,0,,0,0,,0,3,3
<6ED1CF4E>,0,1211,1,0,0,0,0,0,0,0,0,0,0,0,0,0,0,0,,0,0,,0,0,,0,0,,0,3,3
<34F82F80>,0,1212,1,0,0,0,0,0,0,0,0,0,0,0,0,0,0,0,,0,0,,0,0,,0,0,,0,3,3
<F6AC8F4F>,0,1213,2,0,0,0,0,0,0,0,0,0,0,0,0,0,0,0,,0,0,,0,0,,0,0,,0,3,3
<4B049321>,0,1214,4,0,0,0,0,0,0,0,0,0,0,0,0,0,0,0,,0,0,,0,0,,0,0,,0,3,3
<514F53E9>,0,1408,3,0,0,0,0,0,0,0,0,0,0,0,0,0,0,0,,0,0,,0,0,,0,0,,0,3,3
<144DCE5B>,0,1409,3,0,0,0,0,0,0,0,0,0,0,0,0,0,0,0,,0,0,,0,0,,0,0,,0,3,3
<D0383F93>,0,1410,1,0,0,0,0,0,0,0,0,0,0,0,0,0,0,0,,0,0,,0,0,,0,0,,0,0,0
<E635BA5D>,0,1649,10,0,0,0,0,0,0,0,0,0,0,0,0,0,0,0,,0,0,,0,0,,0,0,,0,3,3
<46B0D7BD>,0,1650,2,1651,1,0,0,0,0,0,0,0,0,0,0,0,0,0,,0,0,,0,0,,0,0,,0,3,3
<E394AA35>,0,1516,6,0,0,0,0,0,0,0,0,0,0,0,0,0,0,0,,0,0,,0,0,,0,0,,0,3,3
<6C451A1A>,0,1516,6,0,0,0,0,0,0,0,0,0,0,0,0,0,0,0,,0,0,,0,0,,0,0,,0,3,3
<E97B2DC4>,0,1518,1,0,0,0,0,0,0,0,0,0,0,0,0,0,0,0,,0,0,,0,0,,0,0,,0,3,3
<A68EE9FB>,1,0,0,0,0,0,0,0,0,2,2146021,0,0,0,0,0,0,0,,0,0,,0,0,,0,0,,0,0,0
<CFC0E1C4>,0,1411,1,0,0,0,0,0,0,0,0,0,0,0,0,0,0,0,,0,0,,0,0,,0,0,,0,3,3
<357652FB>,0,1413,4,0,0,0,0,0,0,0,0,0,0,0,0,0,0,0,,0,0,,0,0,,0,0,,0,3,3
<F2C12C20>,0,1414,2,1415,2,0,0,0,0,0,0,0,0,0,0,0,0,0,,0,0,,0,0,,0,0,,0,3,3
<ABB2EE6F>,0,1416,3,1417,1,0,0,0,0,0,0,0,0,0,0,0,0,0,,0,0,,0,0,,0,0,,0,3,3
<832AEF31>,0,1215,1,1216,2,0,0,0,0,0,0,0,0,0,0,0,0,0,,0,0,,0,0,,0,0,,0,3,3
<3C759C5C>,2,0,0,0,0,0,0,0,0,0,0,0,0,0,0,0,0,1418,horn_R,1,0,,0,0,,0,0,,0,10,22
<689143AD>,0,1309,4,0,0,0,0,0,0,0,0,0,0,0,0,0,0,0,,0,0,,0,0,,0,0,,0,3,3
<31748221>,0,1310,3,0,0,0,0,0,0,0,0,0,0,0,0,0,0,0,,0,0,,0,0,,0,0,,0,3,3
<2E4902DE>,0,1311,1,1312,3,0,0,0,0,0,0,0,0,0,0,0,0,0,,0,0,,0,0,,0,0,,0,3,3
<22FA22ED>,0,1313,1,0,0,0,0,0,0,0,0,0,0,0,0,0,0,0,,0,0,,0,0,,0,0,,0,0,0
<859B47E2>,0,1652,4,0,0,0,0,0,0,0,0,0,0,0,0,0,0,0,,0,0,,0,0,,0,0,,0,3,3
<17B58809>,0,1653,1,1654,1,1655,1,0,0,0,0,0,0,0,0,0,0,0,,0,0,,0,0,,0,0,,0,3,3
<1853FB19>,1,0,0,0,0,0,0,0,0,2,2152031,0,0,0,0,0,0,0,,0,0,,0,0,,0,0,,0,9,7
<89290A2B>,0,1658,2,0,0,0,0,0,0,0,0,0,0,0,0,0,0,0,,0,0,,0,0,,0,0,,0,3,3
<E977ADFE>,0,1519,1,0,0,0,0,0,0,0,0,0,0,0,0,0,0,0,,0,0,,0,0,,0,0,,0,3,3
<D3D69720>,0,1419,2,0,0,0,0,0,0,0,0,0,0,0,0,0,0,0,,0,0,,0,0,,0,0,,0,3,3
<B94F1E5F>,0,1420,1,0,0,0,0,0,0,0,0,0,0,0,0,0,0,0,,0,0,,0,0,,0,0,,0,3,3
<D1796695>,0,1523,1,1524,1,1525,1,0,0,0,0,0,0,0,0,0,0,0,,0,0,,0,0,,0,0,,0,3,3
<B094D7C8>,0,1659,4,0,0,0,0,0,0,0,0,0,0,0,0,0,0,0,,0,0,,0,0,,0,0,,0,3,3
<EEB3CEB7>,0,1660,1,0,0,0,0,0,0,0,0,0,0,0,0,0,0,0,,0,0,,0,0,,0,0,,0,3,3
<E7438187>,0,1661,1,0,0,0,0,0,0,0,0,0,0,0,0,0,0,0,,0,0,,0,0,,0,0,,0,3,3
<40C7D173>,0,1314,2,0,0,0,0,0,0,0,0,0,0,0,0,0,0,0,,0,0,,0,0,,0,0,,0,3,3
<D5C6DB15>,0,1315,3,0,0,0,0,0,0,0,0,0,0,0,0,0,0,0,,0,0,,0,0,,0,0,,0,3,3
<4EFDA8F7>,0,1316,1,0,0,0,0,0,0,0,0,0,0,0,0,0,0,0,,0,0,,0,0,,0,0,,0,3,3
<F3D0E9C7>,0,1217,1,0,0,0,0,0,0,0,0,0,0,0,0,0,0,0,,0,0,,0,0,,0,0,,0,3,3
<269991F1>,0,1317,4,0,0,0,0,0,0,0,0,0,0,0,0,0,0,0,,0,0,,0,0,,0,0,,0,3,3
<EC503D5C>,0,1318,4,0,0,0,0,0,0,0,0,0,0,0,0,0,0,0,,0,0,,0,0,,0,0,,0,3,3
<E7B11A13>,0,1319,3,0,0,0,0,0,0,0,0,0,0,0,0,0,0,0,,0,0,,0,0,,0,0,,0,3,3
<F22DC42A>,0,1662,4,0,0,0,0,0,0,0,0,0,0,0,0,0,0,0,,0,0,,0,0,,0,0,,0,3,3
<8D187B6F>,0,1663,6,0,0,0,0,0,0,0,0,0,0,0,0,0,0,0,,0,0,,0,0,,0,0,,0,3,3
<4231C28F>,0,1664,2,0,0,0,0,0,0,0,0,0,0,0,0,0,0,0,,0,0,,0,0,,0,0,,0,3,3
<CE0A2201>,2,0,0,0,0,0,0,0,0,0,0,0,0,0,0,0,0,1664,back,1,0,,0,0,,0,0,,0,0,0
<821443BE>,0,1526,3,0,0,0,0,0,0,0,0,0,0,0,0,0,0,0,,0,0,,0,0,,0,0,,0,3,3
<AE296E81>,0,1527,4,0,0,0,0,0,0,0,0,0,0,0,0,0,0,0,,0,0,,0,0,,0,0,,0,3,3
<91458CD6>,0,1528,1,0,0,0,0,0,0,0,0,0,0,0,0,0,0,0,,0,0,,0,0,,0,0,,0,3,3
<7AE2E49D>,0,1529,2,1530,2,0,0,0,0,0,0,0,0,0,0,0,0,0,,0,0,,0,0,,0,0,,0,3,3
<D4446E94>,0,1529,2,1531,2,0,0,0,0,0,0,0,0,0,0,0,0,0,,0,0,,0,0,,0,0,,0,3,3
<D488E24D>,0,889,1,1532,1,1533,1,0,0,0,0,0,0,0,0,0,0,0,,0,0,,0,0,,0,0,,0,3,3
<A266CA81>,0,1665,1,0,0,0,0,0,0,0,0,0,0,0,0,0,0,0,,0,0,,0,0,,0,0,,0,3,3
<6D927A13>,0,1421,1,0,0,0,0,0,0,0,0,0,0,0,0,0,0,0,,0,0,,0,0,,0,0,,0,3,3
<7D1B87C9>,0,0,4,0,0,0,0,0,0,0,0,0,0,0,0,0,0,0,,0,0,,0,0,,0,0,,0,1,1
<82BDCF8E>,0,0,8,0,0,0,0,0,0,0,0,0,0,0,0,0,0,0,,0,0,,0,0,,0,0,,0,1,1
<EC40A859>,0,890,12,0,0,0,0,0,0,0,0,0,0,0,0,0,0,0,,0,0,,0,0,,0,0,,0,3,3
<204735C3>,1,0,0,0,0,0,0,0,0,2,2165041,0,0,0,0,0,0,0,,0,0,,0,0,,0,0,,0,9,7
<142668AC>,0,1320,4,0,0,0,0,0,0,0,0,0,0,0,0,0,0,0,,0,0,,0,0,,0,0,,0,3,3
<7B100E5D>,0,1321,3,0,0,0,0,0,0,0,0,0,0,0,0,0,0,0,,0,0,,0,0,,0,0,,0,3,3
<70524526>,0,1219,4,0,0,0,0,0,0,0,0,0,0,0,0,0,0,0,,0,0,,0,0,,0,0,,0,3,3
<5CAA76A6>,0,1220,4,0,0,0,0,0,0,0,0,0,0,0,0,0,0,0,,0,0,,0,0,,0,0,,0,3,3
<ACEA6C91>,0,1222,2,1223,2,0,0,0,0,0,0,0,0,0,0,0,0,0,,0,0,,0,0,,0,0,,0,3,3
<4D3E53AE>,2,0,0,0,0,0,0,0,0,0,0,0,0,0,0,0,0,1223,head,1,0,,0,0,,0,0,,0,0,0
<13946915>,0,1667,3,0,0,0,0,0,0,0,0,0,0,0,0,0,0,0,,0,0,,0,0,,0,0,,0,3,3
<BDD5FBC1>,1,0,0,0,0,0,0,0,0,2,2168021,0,0,0,0,0,0,0,,0,0,,0,0,,0,0,,0,9,7
<51866C1B>,2,0,0,0,0,0,0,0,0,0,0,0,0,0,0,0,0,1668,tail,1,0,,0,0,,0,0,,0,10,23
<02EDF501>,0,1423,2,0,0,0,0,0,0,0,0,0,0,0,0,0,0,0,,0,0,,0,0,,0,0,,0,3,3
<40F7CB6F>,0,1424,4,0,0,0,0,0,0,0,0,0,0,0,0,0,0,0,,0,0,,0,0,,0,0,,0,3,3
<9420AD3F>,1,0,0,0,0,0,0,0,0,2,2169021,0,0,0,0,0,0,0,,0,0,,0,0,,0,0,,0,0,0
<0FB2C442>,0,1669,4,0,0,0,0,0,0,0,0,0,0,0,0,0,0,0,,0,0,,0,0,,0,0,,0,3,3
<4F2FEAD4>,0,1671,1,0,0,0,0,0,0,0,0,0,0,0,0,0,0,0,,0,0,,0,0,,0,0,,0,3,3
<1D1FCEE0>,0,1538,3,1539,3,1540,3,0,0,0,0,0,0,0,0,0,0,0,,0,0,,0,0,,0,0,,0,3,3
<7881309D>,0,1541,1,1542,1,1543,1,0,0,0,0,0,0,0,0,0,0,0,,0,0,,0,0,,0,0,,0,3,3
<77144F33>,0,1425,1,0,0,0,0,0,0,0,0,0,0,0,0,0,0,0,,0,0,,0,0,,0,0,,0,3,3
<B6BB4C38>,0,1322,4,0,0,0,0,0,0,0,0,0,0,0,0,0,0,0,,0,0,,0,0,,0,0,,0,3,3
<019A0B0C>,0,1323,4,0,0,0,0,0,0,0,0,0,0,0,0,0,0,0,,0,0,,0,0,,0,0,,0,3,3
<26D89149>,0,891,2,904,1,1324,1,0,0,0,0,0,0,0,0,0,0,0,,0,0,,0,0,,0,0,,0,3,3
<D5AEC9DB>,0,1427,1,0,0,0,0,0,0,0,0,0,0,0,0,0,0,0,,0,0,,0,0,,0,0,,0,3,3
<EB10ACC4>,0,1544,1,0,0,0,0,0,0,0,0,0,0,0,0,0,0,0,,0,0,,0,0,,0,0,,0,3,3
<9920E90A>,0,1545,1,0,0,0,0,0,0,0,0,0,0,0,0,0,0,0,,0,0,,0,0,,0,0,,0,3,3
<9F4F62ED>,0,1547,1,0,0,0,0,0,0,0,0,0,0,0,0,0,0,0,,0,0,,0,0,,0,0,,0,0,0
<7081B0BE>,0,1549,4,0,0,0,0,0,0,0,0,0,0,0,0,0,0,0,,0,0,,0,0,,0,0,,0,3,3
<D6A14BB1>,0,1551,4,0,0,0,0,0,0,0,0,0,0,0,0,0,0,0,,0,0,,0,0,,0,0,,0,3,3
<DBEA3237>,0,1552,2,0,0,0,0,0,0,0,0,0,0,0,0,0,0,0,,0,0,,0,0,,0,0,,0,3,3
<3BF72804>,0,1224,1,0,0,0,0,0,0,0,0,0,0,0,0,0,0,0,,0,0,,0,0,,0,0,,0,3,3
<2BE1AB43>,0,1225,3,0,0,0,0,0,0,0,0,0,0,0,0,0,0,0,,0,0,,0,0,,0,0,,0,3,3
<65A52495>,0,1226,3,0,0,0,0,0,0,0,0,0,0,0,0,0,0,0,,0,0,,0,0,,0,0,,0,3,3
<E808EB60>,0,1325,3,0,0,0,0,0,0,0,0,0,0,0,0,0,0,0,,0,0,,0,0,,0,0,,0,3,3
<0E4A4560>,0,1326,4,0,0,0,0,0,0,0,0,0,0,0,0,0,0,0,,0,0,,0,0,,0,0,,0,3,3
<88E12A02>,0,1327,1,907,3,0,0,0,0,0,0,0,0,0,0,0,0,0,,0,0,,0,0,,0,0,,0,3,3
<092DBB1B>,0,1553,4,0,0,0,0,0,0,0,0,0,0,0,0,0,0,0,,0,0,,0,0,,0,0,,0,3,3
<EF5D7F3C>,1,0,0,0,0,0,0,0,0,0,2179021,0,0,0,0,0,0,0,,0,0,,0,0,,0,0,,0,9,7
<FAC62CA8>,0,1555,2,0,0,0,0,0,0,0,0,0,0,0,0,0,0,0,,0,0,,0,0,,0,0,,0,3,3
<E19D7741>,2,0,0,0,0,0,0,0,0,0,0,0,0,0,0,0,0,1555,body,1,0,,0,0,,0,0,,0,0,0
<98414670>,0,1227,4,0,0,0,0,0,0,0,0,0,0,0,0,0,0,0,,0,0,,0,0,,0,0,,0,3,3
<CA0A8F6F>,0,1228,2,0,0,0,0,0,0,0,0,0,0,0,0,0,0,0,,0,0,,0,0,,0,0,,0,3,3
<2F995DE0>,0,1229,1,1230,1,1231,1,0,0,0,0,0,0,0,0,0,0,0,,0,0,,0,0,,0,0,,0,3,3
<58B1938B>,0,1328,3,0,0,0,0,0,0,0,0,0,0,0,0,0,0,0,,0,0,,0,0,,0,0,,0,3,3
<40DEF1C6>,0,1329,2,1330,2,0,0,0,0,0,0,0,0,0,0,0,0,0,,0,0,,0,0,,0,0,,0,3,3
<28F57D4A>,0,1331,1,1332,2,1333,1,0,0,0,0,0,0,0,0,0,0,0,,0,0,,0,0,,0,0,,0,3,3
<CCA115D8>,1,0,0,0,0,0,0,0,0,2,2181021,0,0,0,0,0,0,0,,0,0,,0,0,,0,0,,0,0,0
<39B2AFA7>,0,1672,1,0,0,0,0,0,0,0,0,0,0,0,0,0,0,0,,0,0,,0,0,,0,0,,0,3,3
<CAA01FDA>,0,1673,1,0,0,0,0,0,0,0,0,0,0,0,0,0,0,0,,0,0,,0,0,,0,0,,0,3,3
<012EA6AD>,1,0,0,0,0,0,0,0,0,2,2182021,2,2182022,0,0,0,0,0,,0,0,,0,0,,0,0,,0,0,0
<7F395BE5>,0,1556,1,0,0,0,0,0,0,0,0,0,0,0,0,0,0,0,,0,0,,0,0,,0,0,,0,3,3
<9C6C5729>,0,1563,1,0,0,0,0,0,0,0,0,0,0,0,0,0,0,0,,0,0,,0,0,,0,0,,0,3,3
<16094448>,0,1334,2,1335,2,0,0,0,0,0,0,0,0,0,0,0,0,0,,0,0,,0,0,,0,0,,0,3,3
<EFC43FB4>,0,1336,2,1335,1,0,0,0,0,0,0,0,0,0,0,0,0,0,,0,0,,0,0,,0,0,,0,3,3
<7E800F58>,0,905,2,1337,1,0,0,0,0,0,0,0,0,0,0,0,0,0,,0,0,,0,0,,0,0,,0,3,3
<347D8223>,0,1429,1,0,0,0,0,0,0,0,0,0,0,0,0,0,0,0,,0,0,,0,0,,0,0,,0,3,3
<9BFAEA71>,0,1338,3,0,0,0,0,0,0,0,0,0,0,0,0,0,0,0,,0,0,,0,0,,0,0,,0,3,3
<72379A7B>,0,1339,3,0,0,0,0,0,0,0,0,0,0,0,0,0,0,0,,0,0,,0,0,,0,0,,0,3,3
<ECF98238>,0,1340,1,0,0,0,0,0,0,0,0,0,0,0,0,0,0,0,,0,0,,0,0,,0,0,,0,3,3
<B23DA115>,0,1564,4,0,0,0,0,0,0,0,0,0,0,0,0,0,0,0,,0,0,,0,0,,0,0,,0,3,3
<126E2F6F>,0,1565,3,0,0,0,0,0,0,0,0,0,0,0,0,0,0,0,,0,0,,0,0,,0,0,,0,3,3
<1393D658>,0,1566,1,0,0,0,0,0,0,0,0,0,0,0,0,0,0,0,,0,0,,0,0,,0,0,,0,3,3
<2981632A>,0,1430,1,1431,1,0,0,0,0,0,0,0,0,0,0,0,0,0,,0,0,,0,0,,0,0,,0,3,3
<A222B891>,0,0,1,0,0,0,0,0,0,0,0,0,0,0,0,0,0,0,,0,0,,0,0,,0,0,,0,0,0
<AC8D3136>,0,0,1,0,0,0,0,0,0,0,0,0,0,0,0,0,0,0,,0,0,,0,0,,0,0,,0,0,0
<A02DD5CF>,0,0,1,0,0,0,0,0,0,0,0,0,0,0,0,0,0,0,,0,0,,0,0,,0,0,,0,0,0
<BA8A6A7D>,0,0,1,0,0,0,0,0,0,0,0,0,0,0,0,0,0,0,,0,0,,0,0,,0,0,,0,0,0
<5BDF7C25>,0,1567,4,0,0,0,0,0,0,0,0,0,0,0,0,0,0,0,,0,0,,0,0,,0,0,,0,3,3
<5F29C415>,0,1569,1,1568,3,0,0,0,0,0,0,0,0,0,0,0,0,0,,0,0,,0,0,,0,0,,0,3,3
<91D6DE32>,2,0,0,0,0,0,0,0,0,0,0,0,0,0,0,0,0,1569,head,1,0,,0,0,,0,0,,0,0,0
<79A3E949>,0,1432,4,0,0,0,0,0,0,0,0,0,0,0,0,0,0,0,,0,0,,0,0,,0,0,,0,3,3
<0AD7655A>,0,1433,2,1434,2,0,0,0,0,0,0,0,0,0,0,0,0,0,,0,0,,0,0,,0,0,,0,3,3
<41126FCC>,0,1435,1,1436,3,0,0,0,0,0,0,0,0,0,0,0,0,0,,0,0,,0,0,,0,0,,0,3,3
<5B44A831>,0,1232,1,1234,3,0,0,0,0,0,0,0,0,0,0,0,0,0,,0,0,,0,0,,0,0,,0,3,3
<567CE855>,0,1570,4,0,0,0,0,0,0,0,0,0,0,0,0,0,0,0,,0,0,,0,0,,0,0,,0,3,3
<9BDB8060>,0,1571,3,0,0,0,0,0,0,0,0,0,0,0,0,0,0,0,,0,0,,0,0,,0,0,,0,3,3
<55BEC990>,0,1572,3,0,0,0,0,0,0,0,0,0,0,0,0,0,0,0,,0,0,,0,0,,0,0,,0,3,3
<4984DA6B>,0,0,1,0,0,0,0,0,0,0,0,0,0,0,0,0,0,0,,0,0,,0,0,,0,0,,0,0,0
<38EEAEF5>,0,0,1,0,0,0,0,0,0,0,0,0,0,0,0,0,0,0,,0,0,,0,0,,0,0,,0,0,0
<4B7AFDDD>,0,0,1,0,0,0,0,0,0,0,0,0,0,0,0,0,0,0,,0,0,,0,0,,0,0,,0,0,0
<180B9B01>,0,0,1,0,0,0,0,0,0,0,0,0,0,0,0,0,0,0,,0,0,,0,0,,0,0,,0,0,0
<8C1CB331>,0,1235,2,0,0,0,0,0,0,0,0,0,0,0,0,0,0,0,,0,0,,0,0,,0,0,,0,3,3
<D6BB97E2>,0,1237,2,0,0,0,0,0,0,0,0,0,0,0,0,0,0,0,,0,0,,0,0,,0,0,,0,3,3
<B6EBF77B>,0,1238,1,1236,2,0,0,0,0,0,0,0,0,0,0,0,0,0,,0,0,,0,0,,0,0,,0,3,3
<0D0635D5>,2,0,0,0,0,0,0,0,0,0,0,0,0,0,0,0,0,1238,head,1,0,,0,0,,0,0,,0,0,0
<1A698D0C>,0,1342,4,0,0,0,0,0,0,0,0,0,0,0,0,0,0,0,,0,0,,0,0,,0,0,,0,3,3
<F31322D2>,0,1343,3,0,0,0,0,0,0,0,0,0,0,0,0,0,0,0,,0,0,,0,0,,0,0,,0,3,3
<2B7CCD8C>,0,1344,3,0,0,0,0,0,0,0,0,0,0,0,0,0,0,0,,0,0,,0,0,,0,0,,0,3,3
<7D3156EB>,0,0,1,0,0,0,0,0,0,0,0,0,0,0,0,0,0,0,,0,0,,0,0,,0,0,,0,0,0
<99B7284D>,0,0,1,0,0,0,0,0,0,0,0,0,0,0,0,0,0,0,,0,0,,0,0,,0,0,,0,0,0
<C58156BE>,0,0,1,0,0,0,0,0,0,0,0,0,0,0,0,0,0,0,,0,0,,0,0,,0,0,,0,0,0
<0E52B48B>,0,0,1,0,0,0,0,0,0,0,0,0,0,0,0,0,0,0,,0,0,,0,0,,0,0,,0,0,0
<A827AE92>,0,1573,4,0,0,0,0,0,0,0,0,0,0,0,0,0,0,0,,0,0,,0,0,,0,0,,0,3,3
<4F60A13A>,0,1574,6,0,0,0,0,0,0,0,0,0,0,0,0,0,0,0,,0,0,,0,0,,0,0,,0,3,3
<1FAB120F>,0,1575,1,0,0,0,0,0,0,0,0,0,0,0,0,0,0,0,,0,0,,0,0,,0,0,,0,3,3
<54B9AF9F>,0,1576,4,0,0,0,0,0,0,0,0,0,0,0,0,0,0,0,,0,0,,0,0,,0,0,,0,3,3
<CEB95ECA>,0,1577,3,1578,1,0,0,0,0,0,0,0,0,0,0,0,0,0,,0,0,,0,0,,0,0,,0,3,3
<B1BBB7F8>,0,1697,1,0,0,0,0,0,0,0,0,0,0,0,0,0,0,0,,0,0,,0,0,,0,0,,0,3,3
<77D6C330>,0,0,1,0,0,0,0,0,0,0,0,0,0,0,0,0,0,0,,0,0,,0,0,,0,0,,0,3,3
<660E0F89>,0,1699,1,0,0,0,0,0,0,0,0,0,0,0,0,0,0,0,,0,0,,0,0,,0,0,,0,3,3
<BD3EFD29>,0,1689,1,0,0,0,0,0,0,0,0,0,0,0,0,0,0,0,,0,0,,0,0,,0,0,,0,3,3
<100F920D>,0,1690,1,0,0,0,0,0,0,0,0,0,0,0,0,0,0,0,,0,0,,0,0,,0,0,,0,3,3
<DA7838F2>,0,1691,1,1692,1,0,0,0,0,0,0,0,0,0,0,0,0,0,,0,0,,0,0,,0,0,,0,3,3
<873BEFA1>,0,1693,1,1694,1,0,0,0,0,0,0,0,0,0,0,0,0,0,,0,0,,0,0,,0,0,,0,3,3
<947305CC>,0,1695,1,0,0,0,0,0,0,0,0,0,0,0,0,0,0,0,,0,0,,0,0,,0,0,,0,3,3
<E086DB1C>,0,1696,1,0,0,0,0,0,0,0,0,0,0,0,0,0,0,0,,0,0,,0,0,,0,0,,0,3,3
<DE17EA89>,0,1124,1,0,0,0,0,0,0,0,0,0,0,0,0,0,0,0,,0,0,,0,0,,0,0,,0,3,3
<055464A3>,0,1125,1,1126,1,0,0,0,0,0,0,0,0,0,0,0,0,0,,0,0,,0,0,,0,0,,0,3,3
<F6CAE881>,0,0,1,0,0,0,0,0,0,0,0,0,0,0,0,0,0,0,,0,0,,0,0,,0,0,,0,3,3
<C8BC247D>,0,0,1,0,0,0,0,0,0,0,0,0,0,0,0,0,0,0,,0,0,,0,0,,0,0,,0,3,3
