ID_int {9},QuestType {1},title {2},reward {2},limit_time {1},summary {2},task {2},PurposeTxt {2},number {1},respawn {1},LvMin {1},LvMax {1},inner_only {1},start_hour {1},start_minutes {1},weather {1},wtr_continue {1},custom_zone {2},zone_id {1},multi_quest_flg {2},formationID {2},AcceptCond {2},BtlLockType {1},LodID {3},MatchingID {3},unionID {2},Difficulty {1},Caption {2},Title_replace_ms {1},Title_replace_id {2},Summary_replace_ms1 {1},Summary_replace_id1 {2},Summary_replace_ms2 {1},Summary_replace_id2 {2},Summary_replace_ms3 {1},Summary_replace_id3 {2},StatsID {2},Purpose_replace_ms1 {1},Purpose_replace_id1 {2},Purpose_replace_ms2 {1},Purpose_replace_id2 {2}
11B09947,1,8,1,17,1,1,1,4,3,14,19,1,17,0,11,1,1702,5,0,618,0,2,0,1300001,198,0,0,0,1,1,221,4,70,4,91,0,4,70,0,0
EBC59F93,1,9,2,17,2,2,2,4,3,60,60,1,7,0,9,1,1702,5,0,619,0,2,0,1300002,198,0,0,0,1,4,75,0,1,0,1,0,4,75,0,0
4D08FDCF,1,10,3,21,3,3,3,4,3,43,48,1,5,0,1,0,1602,4,0,620,0,2,0,1300003,198,0,0,0,1,1,47,4,84,0,1,0,4,84,0,0
8FEF3FF1,1,11,4,17,4,4,4,4,3,16,21,1,12,0,3,1,2202,7,0,621,0,2,0,1300004,198,0,0,0,1,1,360,0,1,0,1,0,0,1,0,0
30AA331E,1,12,5,12,5,5,5,4,3,39,44,1,17,0,1,0,2002,6,0,622,0,2,0,1300005,198,0,0,0,1,4,58,4,53,0,1,0,4,5,0,0
5A722C7A,1,13,6,21,6,6,6,4,3,57,60,1,19,0,12,1,2202,7,0,623,0,2,0,1300006,198,0,0,0,1,0,1,0,1,0,1,0,4,89,0,0
EF5D53BE,1,14,7,21,7,7,7,4,3,60,60,1,7,0,3,1,2202,7,0,624,0,2,0,1300007,198,0,0,0,1,4,43,4,88,0,1,0,4,88,0,0
3811D419,1,15,8,17,8,8,8,4,3,41,46,1,19,0,1,1,1502,2,0,625,0,2,0,1300008,198,0,0,0,1,0,1,0,1,0,1,0,4,4,0,0
776C5C20,1,16,9,17,9,9,9,4,3,48,53,1,5,0,11,1,2002,6,0,626,0,2,0,1300009,198,0,0,0,1,4,15,0,1,0,1,0,4,7,0,0
D8214CA9,1,17,10,17,10,10,10,4,3,37,42,1,12,0,3,1,2202,7,0,627,0,2,0,1300010,198,0,0,0,1,4,47,4,12,4,47,0,4,47,0,0
95FB4ECE,1,18,11,17,11,11,11,4,3,60,60,1,0,0,16,1,1702,5,0,628,0,2,0,1300011,198,0,0,0,1,1,190,0,1,0,1,0,4,10,0,0
56AAE0D4,1,19,12,21,12,12,12,4,3,14,19,1,5,0,8,1,1702,5,0,629,0,2,0,1300012,198,0,0,0,1,4,39,0,1,0,1,0,4,13,0,0
364A25CD,1,20,13,17,13,13,13,4,3,55,60,1,12,0,14,1,2002,6,0,630,0,1,622,1300013,198,0,0,0,1,4,18,0,1,0,1,0,4,15,0,0
43850F5F,1,21,14,17,14,14,14,4,3,60,60,1,0,0,14,1,2002,6,0,631,0,2,0,1300014,198,0,0,0,1,4,70,4,18,0,1,0,4,18,0,0
913317E0,1,22,15,21,15,15,15,4,3,60,60,1,0,0,14,1,2002,6,0,632,0,2,0,1300015,198,0,0,4,20,0,1,0,1,0,1,0,4,20,0,0
EE60AF4E,1,23,16,21,16,16,16,4,3,21,26,0,5,0,10,1,1502,2,0,633,0,2,0,1300016,198,0,0,0,1,1,132,4,23,0,1,0,4,23,0,0
0C8346FB,1,24,17,17,17,17,17,4,3,53,58,0,0,0,17,1,2202,7,0,634,0,2,0,1300017,198,0,0,0,1,1,389,0,1,0,1,0,4,24,0,0
6564BE3F,1,25,18,17,18,18,18,4,3,34,39,1,7,0,1,1,1602,4,0,635,0,2,0,1300018,198,0,0,0,1,4,25,1,17,1,51,0,4,25,0,0
4DD56EC3,1,26,19,17,19,19,19,4,3,60,60,1,0,0,13,1,1602,4,0,636,0,2,0,1300019,198,0,0,0,1,4,95,4,36,0,1,0,4,37,0,0
1EA1D06A,1,27,20,21,20,20,20,4,3,7,12,0,7,0,1,1,1502,2,0,637,0,2,0,1300020,198,0,0,0,1,4,44,0,1,0,1,0,4,50,0,0
986608D7,1,28,21,17,21,21,21,4,3,30,35,1,19,0,18,0,1702,5,0,638,0,2,0,1300021,198,0,0,0,1,4,23,4,56,4,53,0,4,56,4,53
48DB9238,1,29,22,17,22,22,22,4,3,36,41,1,0,0,16,1,1502,2,0,639,0,2,0,1300022,198,0,0,0,1,4,60,0,1,0,1,0,4,60,0,0
E9F35365,1,30,23,17,23,23,23,4,3,15,20,1,19,0,1,0,1602,4,0,640,0,2,0,1300023,198,0,0,0,1,4,25,1,58,0,1,0,4,64,0,0
42437ED9,1,31,24,17,24,24,24,4,3,44,49,1,5,0,3,1,2202,7,0,641,0,2,0,1300024,198,0,0,0,1,4,87,4,67,0,1,0,4,67,0,0
3D4450F1,1,32,25,17,25,25,25,4,3,34,39,1,19,0,17,1,2202,7,0,642,0,2,0,1300025,198,0,0,0,1,0,1,0,1,0,1,0,4,71,0,0
6B128FBA,1,33,26,21,26,26,26,4,3,23,28,1,12,0,1,0,1602,4,0,643,0,2,0,1300026,198,0,0,0,1,1,294,4,81,4,95,0,4,81,0,0
BFAA491B,1,34,27,17,27,27,27,4,3,27,32,1,7,0,5,1,1502,2,0,644,0,2,0,1300027,198,0,0,0,1,4,92,4,83,0,1,0,4,83,0,0
893AE54F,1,35,28,17,28,28,28,4,3,39,44,1,5,0,1,1,1702,5,0,645,0,2,0,1300028,198,0,0,4,85,1,195,4,13,4,85,0,4,85,0,0
B1912614,1,36,29,30,29,29,29,4,3,60,60,1,17,0,3,1,2202,7,0,646,0,2,0,1300029,198,0,0,0,1,1,355,4,16,0,1,0,0,1,0,0
C8D1575B,1,37,30,17,30,30,30,4,3,18,23,1,0,0,18,1,1502,2,0,647,0,2,0,1300030,198,0,0,0,1,4,36,4,48,4,48,0,4,48,0,0
C122DAA6,1,38,31,12,31,31,31,4,3,4,14,1,5,0,7,1,1502,2,0,648,0,2,0,1300031,198,0,0,4,58,1,99,4,58,0,1,0,0,1,0,0
A9ED93F6,1,39,32,17,32,32,32,4,3,14,24,0,5,0,5,1,1702,5,0,649,0,2,0,1300032,198,0,0,4,91,1,229,4,91,0,1,0,4,91,0,0
00604D89,1,40,33,12,33,33,33,4,3,20,30,1,7,0,5,1,1602,4,0,650,0,2,0,1300033,198,0,0,0,1,4,49,0,1,0,1,0,4,49,0,0
0710E1DD,1,41,34,17,34,34,34,4,3,29,39,1,12,0,15,1,2202,7,0,651,0,2,0,1300034,198,0,0,0,1,0,1,0,1,0,1,0,4,65,0,0
044B24DB,1,42,35,21,35,35,35,4,3,37,47,1,12,0,1,1,2002,6,0,652,0,2,0,1300035,198,0,0,0,1,1,282,0,1,0,1,0,0,1,0,0
50F892CC,1,43,36,17,36,36,36,4,3,29,39,0,17,0,1,1,1602,4,0,653,0,2,0,1300036,198,0,0,0,1,4,45,4,63,4,63,0,4,63,0,0
919654A4,1,44,37,17,37,37,37,4,3,6,16,1,7,0,4,1,1602,4,0,654,0,2,0,1300037,198,0,0,0,1,1,1,0,1,0,1,0,0,1,0,0
71F5FFF1,1,45,38,17,38,38,38,4,3,13,23,1,7,0,5,1,1502,2,0,655,0,2,0,1300038,198,0,0,0,1,0,1,0,1,0,1,0,0,1,0,0
73A3C2BD,1,46,39,17,39,39,39,4,3,22,32,1,12,0,3,1,2202,7,0,656,0,2,0,1300039,198,0,0,0,1,0,1,0,1,0,1,0,0,1,0,0
12EADAE4,1,47,40,17,40,40,40,4,3,30,40,1,19,0,8,1,1702,5,0,657,0,2,0,1300040,198,0,0,0,1,1,190,4,23,0,1,0,0,1,0,0
0A66BF9C,1,48,41,17,41,41,41,4,3,37,47,1,19,0,3,1,2002,6,0,658,0,2,0,1300041,198,0,0,0,1,0,1,0,1,0,1,0,0,1,0,0
013EC504,1,49,42,17,42,42,42,4,3,13,23,0,12,0,10,1,1602,4,0,659,0,2,0,1300042,198,0,0,0,1,1,1,0,1,0,1,0,1,1,0,0
FD598CE1,1,50,43,12,43,43,43,4,3,3,13,0,12,0,9,0,1702,5,0,660,0,2,0,1300043,198,0,0,0,1,0,1,0,1,0,1,0,0,1,0,0
C9251EA8,1,51,44,17,44,44,44,4,3,10,20,1,12,0,1,1,1602,4,0,661,0,2,0,1300044,198,0,0,0,1,1,1,0,1,0,1,0,0,1,0,0
7637D753,1,52,45,17,45,45,45,4,3,18,28,1,17,0,1,1,1502,2,0,662,0,2,0,1300045,198,0,0,0,1,4,36,0,1,0,1,0,4,36,0,0
974A9045,1,53,46,17,46,46,46,4,3,28,38,1,0,0,3,1,2002,6,0,663,0,2,0,1300046,198,0,0,0,1,0,1,0,1,0,1,0,1,300,0,0
EE8811C0,1,54,47,17,47,47,47,4,3,35,45,1,17,0,8,1,1702,5,0,664,0,2,0,1300047,198,0,0,0,1,1,217,1,459,0,1,0,0,1,0,0
528BAA78,1,55,48,17,48,48,48,4,3,3,13,0,17,0,1,1,1602,4,0,665,0,2,0,1300048,198,0,0,0,1,1,1,0,1,0,1,0,0,1,0,0
93459974,1,56,49,17,49,49,49,4,3,35,45,0,0,0,3,1,2002,6,0,666,0,2,0,1300049,198,0,0,0,1,1,282,1,323,0,1,0,0,1,0,0
27711D7C,1,57,50,12,50,50,50,4,3,9,19,0,19,0,5,1,1602,4,0,667,0,2,0,1300050,198,0,0,0,1,4,68,1,1,4,68,0,4,68,0,0
74DC12C4,1,58,51,17,51,51,51,4,3,16,26,1,17,0,9,1,1702,5,0,668,0,2,0,1300051,198,0,0,0,1,1,459,0,1,0,1,0,0,1,0,0
70986276,1,59,52,17,52,52,52,4,3,24,34,1,17,0,3,1,2202,7,0,669,0,2,0,1300052,198,0,0,0,1,1,360,0,1,0,1,0,0,1,0,0
EE0888D0,1,60,53,21,53,53,53,4,3,32,42,1,5,0,14,1,2002,6,0,670,0,2,0,1300053,198,0,0,4,8,1,282,4,8,0,1,0,4,8,0,0
C3D1A147,1,61,54,17,54,54,54,4,3,39,49,1,5,0,5,1,1502,2,0,671,0,2,0,1300054,198,0,0,4,33,4,33,0,1,0,1,0,4,33,0,0
B715C41F,1,62,55,17,55,55,55,4,3,9,19,1,19,0,10,1,1602,4,0,672,0,2,0,1300055,198,0,0,0,1,4,46,1,1,0,1,0,5,41,0,0
74DD24D1,1,63,56,12,56,56,56,4,3,32,42,1,12,0,7,1,1502,2,0,673,0,2,0,1300056,198,0,0,0,1,4,33,1,133,4,56,0,4,56,0,0
5D886445,1,64,57,21,57,57,57,4,3,1,11,1,0,0,8,0,1702,5,0,674,0,2,0,1300057,198,0,0,0,1,4,72,0,1,0,1,0,5,42,0,0
60285C06,1,65,58,12,58,58,58,4,3,11,21,1,0,0,18,1,1502,2,0,675,0,2,0,1300058,198,0,0,0,1,1,190,0,1,0,1,0,4,36,0,0
2E030181,1,66,59,21,59,59,59,4,3,19,29,1,19,0,13,1,1602,4,0,676,0,2,0,1300059,198,0,0,0,1,4,68,4,68,0,1,0,0,1,0,0
81E14FF2,1,67,60,17,60,60,60,4,3,26,36,1,12,0,1,1,1502,2,0,677,0,2,0,1300060,198,0,0,0,1,4,34,0,1,0,1,0,0,1,0,0
1FB92CD6,1,68,61,12,61,61,61,4,3,34,44,1,7,0,1,1,1702,5,0,678,0,2,0,1300061,198,0,0,0,1,4,66,0,1,0,1,0,4,81,0,0
E39A4162,1,69,62,17,62,62,62,4,3,11,21,0,5,0,1,1,1602,4,0,679,0,2,0,1300062,198,0,0,0,1,1,1,0,1,0,1,0,1,1,0,0
16527FDC,1,70,63,17,63,63,63,4,3,26,36,0,7,0,3,1,2202,7,0,680,0,2,0,1300063,198,0,0,0,1,4,23,4,63,0,1,0,0,1,0,0
F1D7B084,1,71,64,12,64,64,64,4,3,15,25,0,12,0,1,1,1602,4,0,681,0,2,0,1300064,198,0,0,0,1,4,93,4,95,0,1,0,4,95,0,0
6D44A45B,1,72,65,17,65,65,65,4,3,21,31,1,0,0,16,1,1702,5,0,682,0,2,0,1300065,198,0,0,0,1,4,74,0,1,0,1,0,0,1,0,0
7D695234,1,73,66,21,66,66,66,4,3,31,41,0,17,0,10,1,1602,4,0,683,0,2,0,1300066,198,0,0,0,1,1,1,0,1,0,1,0,0,1,0,0
25E852ED,1,74,67,17,67,67,67,4,3,36,46,1,19,0,3,1,2202,7,0,684,0,2,0,1300067,198,0,0,0,1,1,355,4,62,4,37,0,4,62,0,0
D4212A7C,1,75,68,17,68,68,68,4,3,7,17,1,17,0,8,1,1702,5,0,685,0,2,0,1300068,198,0,0,0,1,4,72,0,1,0,1,0,4,72,0,0
C8EC0F5A,1,76,69,17,69,69,69,4,3,21,31,1,19,0,12,1,2202,7,0,686,0,2,0,1300069,198,0,0,0,1,1,355,4,82,0,1,0,4,82,0,0
59B6FF64,1,77,70,12,70,70,70,4,3,36,46,1,19,0,5,1,1502,2,0,687,0,2,0,1300070,198,0,0,0,1,1,355,3,23,1,99,0,4,33,0,0
D6EA680C,1,78,71,17,71,71,71,4,3,10,20,1,7,0,5,1,1602,4,0,688,0,2,0,1300071,198,0,0,4,79,4,79,1,24,0,1,0,4,79,0,0
65140C75,1,79,72,17,72,72,72,4,3,18,28,1,7,0,11,1,1702,5,0,689,0,2,0,1300072,198,0,0,0,1,1,190,1,223,0,1,0,4,35,0,0
DF84A736,1,80,73,17,73,73,73,4,3,26,36,1,19,0,7,1,1502,2,0,690,0,2,0,1300073,198,0,0,0,1,1,459,4,33,0,1,0,4,33,0,0
8A5EAD93,1,81,74,17,74,74,74,4,3,34,44,1,12,0,4,1,1602,4,0,691,0,2,0,1300074,198,0,0,0,1,4,64,4,25,0,1,0,4,25,0,0
7D9FB70F,1,82,75,17,75,75,75,4,3,42,52,0,12,0,3,1,2202,7,0,692,0,2,0,1300075,198,0,0,0,1,4,23,0,1,0,1,0,0,1,0,0
8AC745AD,1,83,76,17,76,76,76,4,3,18,28,1,12,0,1,1,1502,2,0,693,0,2,0,1300076,198,0,0,0,1,4,52,4,50,1,459,0,0,1,0,0
48B1E2F3,1,84,77,12,77,77,77,4,3,13,23,1,12,0,5,1,1502,2,0,694,0,2,0,1300077,198,0,0,4,97,4,97,0,1,0,1,0,0,1,0,0
DB7B4C0A,1,85,78,17,78,78,78,4,3,19,29,1,12,0,15,1,2202,7,0,695,0,2,0,1300078,198,0,0,0,1,4,48,0,1,0,1,0,4,48,0,0
BE7E4965,1,86,79,17,79,79,79,4,3,28,38,1,5,0,5,1,1702,5,0,696,0,2,0,1300079,198,0,0,0,1,4,23,0,1,0,1,0,0,1,0,0
3E4E3DA3,1,87,80,17,80,80,80,4,3,36,46,1,7,0,1,1,1502,2,0,697,0,2,0,1300080,198,0,0,0,1,1,459,0,1,0,1,0,4,13,0,0
BE00B215,1,88,81,17,81,81,81,4,3,43,53,1,17,0,3,1,2002,6,0,698,0,2,0,1300081,198,0,0,0,1,0,1,0,1,0,1,0,4,26,0,0
3729A68E,1,89,82,17,82,82,82,4,3,19,29,1,19,0,1,1,1702,5,0,699,0,2,0,1300082,198,0,0,0,1,1,221,4,39,4,44,0,0,1,0,0
AD1617A6,1,90,83,17,83,83,83,4,3,43,53,1,19,0,3,1,2202,7,0,700,0,2,0,1300083,198,0,0,0,1,1,355,0,1,0,1,0,5,44,0,0
909BD571,1,91,84,17,84,84,84,4,3,12,22,1,17,0,8,1,1702,5,0,701,0,2,0,1300084,198,0,0,4,58,4,58,0,1,0,1,0,4,58,0,0
3864C0D3,1,92,85,17,85,85,85,4,3,18,28,0,17,0,14,1,2002,6,0,702,0,2,0,1300085,198,0,0,0,1,4,23,0,1,0,1,0,4,23,0,0
85D2D4CA,1,93,86,17,86,86,86,4,3,26,36,1,12,0,5,1,1602,4,0,703,0,2,0,1300086,198,0,0,0,1,4,98,4,98,0,1,0,4,98,0,0
71D3CFB6,1,94,87,17,87,87,87,4,3,34,44,0,17,0,11,1,1702,5,0,704,0,2,0,1300087,198,0,0,0,1,4,11,0,1,0,1,0,0,1,0,0
FC36F91C,1,95,88,17,88,88,88,4,3,42,52,0,12,0,10,1,1502,2,0,705,0,2,0,1300088,198,0,0,0,1,0,1,0,1,0,1,0,4,22,0,0
DCDDD0A5,1,96,89,17,89,89,89,4,3,12,22,0,19,0,16,1,1502,2,0,706,0,2,0,1300089,198,0,0,0,1,1,99,1,459,0,1,0,4,33,0,0
C3E50C16,1,97,90,17,90,90,90,4,3,26,36,0,7,0,3,1,2202,7,0,707,0,2,0,1300090,198,0,0,4,43,4,51,4,43,4,86,0,4,43,0,0
5C580ACE,1,98,91,17,91,91,91,4,3,15,25,1,19,0,1,1,1602,4,0,708,0,2,0,1300091,198,0,0,0,1,4,25,1,58,4,64,0,4,25,0,0
B512A0FD,1,99,92,17,92,92,92,4,3,20,30,0,19,0,1,1,2002,6,0,709,0,2,0,1300092,198,0,0,0,1,4,23,0,1,0,1,0,4,23,0,0
B532B63B,1,100,93,17,93,93,93,4,3,30,40,0,17,0,5,1,1502,2,0,710,0,2,0,1300093,198,0,0,0,1,1,122,4,81,4,52,0,4,52,0,0
CC2E8EDC,1,101,94,12,94,94,94,4,3,36,46,1,19,0,12,1,2202,7,0,711,0,2,0,1300094,198,0,0,0,1,4,33,4,41,0,1,0,4,41,0,0
68D03A78,1,102,95,17,95,95,95,4,3,45,55,0,7,0,8,1,1702,5,0,712,0,2,0,1300095,198,0,0,0,1,1,209,0,1,0,1,0,0,1,0,0
3D89D572,1,103,96,17,96,96,96,4,3,20,30,1,0,0,11,1,1702,5,0,713,0,2,0,1300096,198,0,0,0,1,4,35,1,190,0,1,0,0,1,0,0
9FC62EDB,1,104,97,17,97,97,97,4,3,30,40,1,19,0,1,1,1502,2,0,714,0,2,0,1300097,198,0,0,0,1,1,122,1,459,4,34,0,4,34,0,0
66542BEC,1,105,98,12,98,98,98,4,3,36,46,0,12,0,1,1,2002,6,0,715,0,2,0,1300098,198,0,0,4,82,1,321,4,82,0,1,0,4,82,0,0
61FC6473,1,106,99,12,99,99,99,4,3,45,55,1,19,0,12,1,2202,7,0,716,0,2,0,1300099,198,0,0,0,1,1,355,0,1,0,1,0,4,92,0,0
5DFF48EC,1,107,100,17,100,100,100,4,3,17,27,1,0,0,18,1,1702,5,0,717,0,2,0,1300100,198,0,0,0,1,0,1,0,1,0,1,0,4,54,0,0
1350DC39,1,108,101,17,101,101,101,4,3,22,32,0,12,0,1,1,1602,4,0,718,0,2,0,1300101,198,0,0,0,1,4,59,1,1,4,51,0,4,51,0,0
FA9FD357,1,109,102,17,102,102,102,4,3,39,49,1,0,0,3,1,2002,6,0,719,0,2,0,1300102,198,0,0,0,1,4,58,4,53,0,1,0,4,53,0,0
16B7636E,1,110,103,12,103,103,103,4,3,31,41,1,5,0,5,1,1602,4,0,720,0,2,0,1300103,198,0,0,0,1,4,61,0,1,0,1,0,4,61,0,0
2BDC9B51,1,111,104,17,104,104,104,4,3,46,56,0,5,0,3,1,2202,7,0,721,0,2,0,1300104,198,0,0,0,1,1,355,0,1,0,1,0,4,24,0,0
5C8D7DDF,1,112,105,12,105,105,105,4,3,22,32,1,5,0,1,1,1602,4,0,722,0,2,0,1300105,198,0,0,0,1,4,51,4,63,4,63,0,4,63,0,0
478DB7FE,1,113,106,17,106,106,106,4,3,46,56,0,0,0,14,1,2002,6,0,723,0,1,621,1300106,198,0,0,0,1,0,1,0,1,0,1,0,4,43,0,0
6F444CB5,1,114,107,17,107,107,107,4,3,11,21,0,5,0,1,1,1502,2,0,724,0,2,0,1300107,198,0,0,0,1,4,34,1,459,0,1,0,4,34,0,0
B1E79595,1,115,108,17,108,108,108,4,3,38,48,0,7,0,3,1,2202,7,0,725,0,2,0,1300108,198,0,0,0,1,0,20,0,1,0,1,0,4,31,0,0
861B4204,1,116,109,17,109,109,109,4,3,21,31,1,7,0,3,1,2202,7,0,726,0,2,0,1300109,198,0,0,4,65,4,65,0,1,0,1,0,4,65,0,0
5FB592BA,1,117,110,17,110,110,110,4,3,45,55,0,12,0,8,1,1702,5,0,727,0,2,0,1300110,198,0,0,0,1,4,83,4,23,0,1,0,4,23,0,0
83C2F834,1,118,111,17,111,111,111,4,3,38,48,1,7,0,7,1,1502,2,0,728,0,2,0,1300111,198,0,0,0,1,1,459,4,64,0,1,0,4,64,0,0
BF9F651C,1,119,112,17,112,112,112,4,3,21,31,0,5,0,3,1,2002,6,0,729,0,2,0,1300112,198,0,0,0,1,4,23,0,1,0,1,0,5,48,0,0
76BAEFB8,1,120,113,17,113,113,113,4,3,16,26,0,7,0,5,1,1702,5,0,730,0,2,0,1300113,198,0,0,0,1,1,190,0,1,0,1,0,4,91,0,0
901B0E81,1,121,114,17,114,114,114,4,3,23,33,1,19,0,11,1,2002,6,0,731,0,2,0,1300114,198,0,0,0,1,1,294,4,59,0,1,0,0,1,0,0
7B847635,1,122,115,17,115,115,115,4,3,40,50,1,12,0,3,1,2202,7,0,732,0,2,0,1300115,198,0,0,0,1,0,1,0,1,0,1,0,4,31,0,0
E6883AC1,1,123,116,21,116,116,116,4,3,33,43,1,12,0,14,1,2002,6,0,733,0,2,0,1300116,198,0,0,0,1,1,282,0,1,0,1,0,0,1,0,0
5C277A86,1,124,117,12,117,117,117,4,3,47,57,0,5,0,10,1,1502,2,0,734,0,2,0,1300117,198,0,0,0,1,4,68,0,0,0,1,0,0,1,0,0
F71EE868,1,125,118,21,118,118,118,4,3,33,43,1,12,0,4,1,1602,4,0,735,0,2,0,1300118,198,0,0,0,1,1,6,0,1,0,1,0,5,50,0,0
AAE101F5,1,126,119,12,119,119,119,4,3,12,22,0,7,0,5,1,1602,4,0,736,0,2,0,1300119,198,0,0,0,1,4,74,0,1,0,1,0,4,74,0,0
8F9D1E0A,1,127,120,17,120,120,120,4,3,21,31,0,0,0,16,1,1502,2,0,737,0,2,0,1300120,198,0,0,4,23,1,459,4,23,1,132,0,1,132,0,0
7224F381,1,128,121,17,121,121,121,4,3,27,37,1,19,0,1,1,1702,5,0,738,0,2,0,1300121,198,0,0,0,1,4,81,0,1,0,1,0,4,81,0,0
BD3211A4,1,129,122,17,122,122,122,4,3,37,47,1,17,0,3,1,2202,7,0,739,0,2,0,1300122,198,0,0,0,1,3,109,4,12,4,12,0,0,1,0,0
17959D16,1,130,123,12,123,123,123,4,3,44,54,1,17,0,1,1,1602,4,0,740,0,2,0,1300123,198,0,0,0,1,4,98,4,34,0,1,0,4,34,0,0
ECD781D9,1,131,124,17,124,124,124,4,3,44,54,0,19,0,14,1,2002,6,0,741,0,2,0,1300124,198,0,0,0,1,1,1,1,282,0,1,0,4,30,0,0
F115FD46,1,132,125,17,125,125,125,4,3,15,25,1,12,0,5,1,1502,2,0,742,0,2,0,1300125,198,0,0,4,36,1,99,4,36,0,1,0,4,36,0,0
671A6DD2,1,133,126,17,126,126,126,4,3,25,35,1,17,0,3,1,2202,7,0,743,0,2,0,1300126,198,0,0,4,38,4,38,0,1,0,1,0,4,38,0,0
BF07769B,1,134,127,17,127,127,127,4,3,31,41,0,5,0,10,1,1602,4,0,744,0,2,0,1300127,198,0,0,4,63,1,1,0,1,0,1,0,4,63,0,0
698C6040,1,135,128,17,128,128,128,4,3,39,49,1,19,0,1,1,1702,5,0,745,0,2,0,1300128,198,0,0,0,1,0,1,0,1,0,1,0,0,1,0,0
67B2F9E2,1,136,129,17,129,129,129,4,3,48,58,1,5,0,1,1,2002,6,0,746,0,2,0,1300129,198,0,0,0,1,4,33,4,15,0,1,0,4,15,0,0
882D7F4C,1,137,130,21,130,130,130,4,3,25,35,1,12,0,1,1,2002,6,0,747,0,2,0,1300130,198,0,0,0,1,1,282,0,1,0,1,0,5,56,0,0
9DE57879,1,138,131,17,131,131,131,4,3,14,24,1,12,0,9,1,1702,5,0,748,0,2,0,1300131,198,0,0,0,1,1,190,0,1,0,1,0,0,1,0,0
22165C77,1,139,132,17,132,132,132,4,3,20,30,1,5,0,10,1,1502,2,0,749,0,2,0,1300132,198,0,0,0,1,1,459,4,68,0,1,0,0,1,0,0
D7E1B91B,1,140,133,17,133,133,133,4,3,29,39,1,0,0,17,1,2202,7,0,750,0,2,0,1300133,198,0,0,0,1,0,1,0,1,0,1,0,0,1,0,0
A6CA1E0E,1,141,134,21,134,134,134,4,3,35,45,1,0,0,3,1,2002,6,0,751,0,2,0,1300134,198,0,0,0,1,3,83,4,73,0,1,0,0,1,0,0
BB449424,1,142,135,17,135,135,135,4,3,43,53,0,19,0,5,1,1602,4,0,752,0,2,0,1300135,198,0,0,0,1,3,247,4,83,1,47,0,4,83,0,0
92EFCF6C,1,143,136,17,136,136,136,4,3,29,39,1,17,0,15,1,2202,7,0,753,0,2,0,1300136,198,0,0,0,1,0,1,0,1,0,1,0,4,96,0,0
76AF5D42,1,144,137,17,137,137,137,4,3,60,60,0,17,0,1,1,1502,2,0,754,0,2,0,1300137,198,0,0,0,1,4,78,4,58,0,1,0,4,58,0,0
447621BD,1,145,138,17,138,138,138,4,3,60,60,1,7,0,3,1,2202,7,0,755,0,2,0,1300138,198,0,0,4,69,1,355,4,69,4,69,0,4,69,0,0
073C0031,1,146,139,17,139,139,139,4,3,60,60,1,7,0,4,1,1602,4,0,756,0,2,0,1300139,198,0,0,0,1,3,130,4,83,1,1,0,4,83,0,0
47B10CEC,1,147,140,17,140,140,140,4,3,60,60,1,12,0,1,1,1502,2,0,757,0,2,0,1300140,198,0,0,4,1,4,20,1,127,4,1,0,4,22,0,0
65D4C846,1,148,141,17,141,141,141,4,3,60,60,1,0,0,10,1,1502,2,0,758,0,2,0,1300141,198,0,0,0,1,4,36,0,1,0,1,0,4,36,0,0
21F8D69E,1,149,142,17,142,142,142,4,3,60,60,1,19,0,5,1,1502,2,0,759,0,2,0,1300142,198,0,0,0,1,0,1,0,1,0,1,0,0,1,0,0
54A99066,1,150,143,17,143,143,143,4,3,60,60,1,19,0,5,1,1502,2,0,760,0,2,0,1300143,198,0,0,0,1,1,99,1,459,0,1,0,4,93,0,0
B2F403D0,1,151,144,17,144,144,144,4,3,60,60,1,19,0,9,1,1702,5,0,761,0,2,0,1300144,198,0,0,0,1,4,81,0,1,0,1,0,0,1,0,0
18F6B885,1,152,145,17,145,145,145,4,3,60,60,1,5,0,3,1,2202,7,0,762,0,2,0,1300145,198,0,0,0,1,4,43,1,355,0,1,0,4,43,0,0
E84EC00D,1,153,146,17,146,146,146,4,3,60,60,0,17,0,14,1,2002,6,0,763,0,2,0,1300146,198,0,0,0,1,1,329,4,50,0,1,0,4,50,0,0
847D1407,1,154,147,12,147,147,147,4,3,60,60,0,12,0,5,1,1702,5,0,764,0,2,0,1300147,198,0,0,0,1,1,190,0,1,0,1,0,4,23,0,0
3CA37C8F,1,155,148,21,148,148,148,4,3,60,60,1,17,0,11,1,1702,5,0,765,0,2,0,1300148,198,0,0,0,1,4,81,4,58,0,1,0,0,1,0,0
238D6AA0,1,156,149,12,149,149,149,4,3,60,60,1,0,0,18,1,1502,2,0,766,0,2,0,1300149,198,0,0,0,1,4,52,4,68,0,1,0,4,52,0,0
3FE1CBF3,1,157,150,12,150,150,150,4,3,60,60,1,12,0,1,1,1702,5,0,767,0,2,0,1300150,198,0,0,0,1,4,66,0,1,0,1,0,4,66,0,0
A39B58AD,1,158,151,21,151,151,151,4,3,60,60,1,12,0,10,1,1602,4,0,768,0,2,0,1300151,198,0,0,0,1,4,95,4,34,4,98,0,4,95,0,0
AD521241,1,159,152,17,152,152,152,4,3,60,60,0,12,0,3,1,2202,7,0,769,0,2,0,1300152,198,0,0,0,1,0,1,0,1,0,1,0,5,60,0,0
94E54DA0,1,160,153,12,153,153,153,4,3,60,60,1,7,0,3,1,2002,6,0,770,0,2,0,1300153,198,0,0,0,1,0,1,0,1,0,1,0,4,24,0,0
8D48B791,1,161,154,12,154,154,154,4,3,60,60,1,12,0,8,1,1702,5,0,771,0,2,0,1300154,198,0,0,0,1,1,200,4,60,4,68,0,4,60,0,0
6E713DA0,1,162,155,17,155,155,155,4,3,60,60,1,7,0,11,1,2002,6,0,772,0,2,0,1300155,198,0,0,0,1,4,16,0,1,0,1,0,4,16,0,0
7CD90A27,1,163,156,17,156,156,156,4,3,60,60,1,0,0,12,1,2202,7,0,773,0,1,807,1300156,198,0,0,4,18,4,77,1,355,4,18,0,4,18,0,0
B65B664E,1,164,157,17,157,157,157,4,3,19,29,0,5,0,1,1,1602,4,0,774,0,2,0,1300157,198,0,0,0,1,4,63,0,1,0,1,0,4,63,0,0
324939B5,1,165,158,12,158,158,158,4,3,28,38,1,17,0,5,1,1502,2,0,775,0,2,0,1300158,198,0,0,0,1,4,42,0,1,0,1,0,4,42,0,0
478ECBC6,1,166,159,17,159,159,159,4,3,38,48,1,19,0,13,1,1602,4,0,776,0,2,0,1300159,198,0,0,0,1,1,1,4,61,0,1,0,4,61,0,0
BF0C2527,1,167,160,17,160,160,160,4,3,44,54,1,12,0,3,1,2202,7,0,777,0,2,0,1300160,198,0,0,0,1,4,87,4,67,0,1,0,4,67,0,0
9A4AE40D,1,168,161,17,161,161,161,4,3,51,60,1,19,0,11,1,2002,6,0,778,0,2,0,1300161,198,0,0,0,1,4,29,0,1,0,1,0,4,15,0,0
83A556D3,1,169,162,17,162,162,162,4,3,28,38,1,7,0,14,1,2002,6,0,779,0,2,0,1300162,198,0,0,0,1,3,26,1,294,0,1,0,4,17,0,0
DAFA5BA9,1,170,163,12,163,163,163,4,3,38,48,1,17,0,3,1,2202,7,0,780,0,2,0,1300163,198,0,0,0,1,4,63,4,61,4,61,0,4,61,0,0
A804A2E0,1,171,164,12,164,164,164,4,3,51,60,1,17,0,1,1,1702,5,0,781,0,2,0,1300164,198,0,0,0,1,4,60,1,190,0,1,0,4,60,0,0
A9B08ED1,1,172,165,21,165,165,165,4,3,22,32,1,7,0,1,1,2002,6,0,782,0,2,0,1300165,198,0,0,0,1,4,80,1,295,0,1,0,0,1,0,0
309D1365,1,173,166,17,166,166,166,4,3,30,40,0,5,0,5,1,1602,4,0,783,0,2,0,1300166,198,0,0,0,1,1,31,4,61,4,61,0,4,61,0,0
CB0BF0D8,1,174,167,17,167,167,167,4,3,41,51,1,0,0,16,1,1502,2,0,784,0,2,0,1300167,198,0,0,0,1,0,1,0,1,0,1,0,0,1,0,0
B652F5C7,1,175,168,17,168,168,168,4,3,47,57,1,7,0,3,1,2202,7,0,785,0,2,0,1300168,198,0,0,0,1,1,355,4,49,0,1,0,5,62,0,0
A1F2D397,1,176,169,17,169,169,169,4,3,53,60,1,0,0,16,1,1702,5,0,786,0,2,0,1300169,198,0,0,0,1,1,190,0,1,0,1,0,0,1,0,0
53479AE3,1,177,170,17,170,170,170,4,3,30,40,1,17,0,15,1,2202,7,0,787,0,2,0,1300170,198,0,0,0,1,4,61,4,55,4,55,0,4,55,0,0
C2B03992,1,178,171,17,171,171,171,4,3,47,57,1,19,0,3,1,2002,6,0,788,0,2,0,1300171,198,0,0,0,1,1,282,1,309,0,1,0,4,17,0,0
7402897C,1,179,172,12,172,172,172,4,3,29,39,1,19,0,9,1,1702,5,0,789,0,2,0,1300172,198,0,0,0,1,1,230,4,66,0,1,0,4,20,0,0
1588D791,1,180,173,17,173,173,173,4,3,37,47,1,19,0,13,1,1602,4,0,790,0,2,0,1300173,198,0,0,0,1,4,25,0,1,0,1,0,4,25,0,0
E840D69A,1,181,174,12,174,174,174,4,3,46,56,1,17,0,5,1,1702,5,0,791,0,2,0,1300174,198,0,0,0,1,4,40,4,75,0,1,0,4,75,0,0
5CFEF36C,1,182,175,17,175,175,175,4,3,55,60,1,12,0,11,1,2002,6,0,792,0,2,0,1300175,198,0,0,4,88,4,18,4,88,0,1,0,4,88,0,0
D45052F3,1,183,176,17,176,176,176,4,3,58,60,1,0,0,14,1,2002,6,0,793,0,2,0,1300176,198,0,0,0,1,0,1,0,1,0,1,0,0,1,0,0
6502DF9D,1,184,177,17,177,177,177,4,3,29,39,1,0,0,7,1,1502,2,0,794,0,2,0,1300177,198,0,0,0,1,4,66,1,459,0,1,0,0,1,0,0
AB527218,1,185,178,17,178,178,178,4,3,46,56,1,0,0,13,1,1602,4,0,795,0,2,0,1300178,198,0,0,0,1,1,1,4,61,0,1,0,4,61,0,0
666C97F9,1,186,179,17,179,179,179,4,3,32,42,1,7,0,1,1,2002,6,0,796,0,2,0,1300179,198,0,0,0,1,4,26,0,1,0,1,0,4,26,0,0
8096089E,1,187,180,17,180,180,180,4,3,35,45,1,12,0,10,1,1502,2,0,797,0,2,0,1300180,198,0,0,0,1,1,459,4,60,0,1,0,0,1,0,0
ED0CF46D,1,188,181,17,181,181,181,4,3,49,60,1,12,0,1,1,1602,4,0,798,0,2,0,1300181,198,0,0,0,1,0,1,0,1,0,1,0,0,1,0,0
88AB6BD1,1,189,182,17,182,182,182,4,3,57,60,1,5,0,3,1,2202,7,0,799,0,2,0,1300182,198,0,0,0,1,0,1,0,1,0,1,0,0,1,0,0
E117605F,1,190,183,12,183,183,183,4,3,58,60,0,5,0,14,1,2002,6,0,800,0,1,623,1300183,198,0,0,0,1,4,84,1,321,0,1,0,4,84,0,0
D63D4103,1,191,184,12,184,184,184,4,3,32,44,1,12,0,11,1,2002,6,0,801,0,1,623,1300184,198,0,0,4,17,4,26,0,1,0,1,0,0,1,0,0
DA4A424E,1,192,185,17,185,185,185,4,3,49,60,1,19,0,10,1,1602,4,0,802,0,2,0,1300185,198,0,0,0,1,0,1,0,1,0,1,0,4,10,0,0
DE3DE78C,1,193,186,12,186,186,186,4,3,58,60,1,12,0,9,1,1702,5,0,803,0,2,0,1300186,198,0,0,0,1,3,75,4,47,0,1,0,4,47,0,0
B4C2F925,1,194,187,17,187,187,187,4,3,60,60,1,7,0,4,1,1602,4,0,804,0,2,0,1300187,198,0,0,0,1,1,1,0,1,0,1,0,4,25,0,0
F5314B90,1,195,188,17,188,188,188,4,3,60,60,1,7,0,1,1,2002,6,0,805,0,2,0,1300188,198,0,0,0,1,4,53,1,314,4,26,0,4,26,0,0
BAEE1033,1,196,189,12,189,189,189,4,3,60,60,1,7,0,8,1,1702,5,0,806,0,2,0,1300189,198,0,0,0,1,4,70,0,1,0,1,0,0,1,0,0
9B5C0003,1,197,190,100,190,190,190,4,3,60,60,0,19,0,3,1,2202,7,0,807,0,2,0,1300190,198,0,0,0,1,4,29,4,18,0,1,0,4,18,0,0
521C2BA9,1,198,191,17,191,191,191,4,3,60,60,0,12,0,14,1,2002,6,0,808,0,2,0,1300191,198,0,0,0,1,1,301,0,1,0,1,0,0,1,0,0
E50EFEC8,1,199,192,17,192,192,192,4,3,60,60,1,5,0,11,1,1702,5,0,809,0,2,0,1300192,198,0,0,0,1,4,37,0,1,0,1,0,0,1,0,0
69E1A222,1,200,193,12,193,193,193,4,3,60,60,1,12,0,5,1,1502,2,0,810,0,2,0,1300193,198,0,0,0,1,1,459,4,70,0,1,0,4,70,0,0
45F47B3F,1,201,194,17,194,194,194,4,3,60,60,0,17,0,11,1,2002,6,0,811,0,2,0,1300194,198,0,0,0,1,4,26,4,99,0,1,0,4,99,0,0
9452C17B,1,202,195,100,195,195,195,4,3,60,60,1,19,0,12,1,2202,7,0,812,0,1,806,1300195,198,0,0,0,1,1,355,0,1,0,1,0,0,1,0,0
F2E87861,1,203,196,17,196,196,196,4,3,60,60,1,17,0,7,1,1502,2,0,813,0,2,0,1300196,198,0,0,4,95,1,459,4,95,4,95,0,4,95,0,0
4FC86AF2,1,204,197,17,197,197,197,4,3,60,60,0,0,0,13,1,1602,4,0,814,0,2,0,1300197,198,0,0,4,83,4,98,4,83,4,83,0,4,83,0,0
5C55C7A4,1,205,198,100,198,198,198,4,3,60,60,1,19,0,17,1,2202,7,0,815,0,1,805,1300198,198,0,0,0,1,1,355,4,16,0,1,0,0,1,0,0
E8B0D62E,1,206,199,21,199,199,199,4,3,60,60,0,7,0,3,1,2002,6,0,816,0,2,0,1300199,198,0,0,4,88,1,282,4,88,0,1,0,4,88,0,0
ECD4B927,1,207,200,17,200,200,200,4,3,60,60,1,5,0,14,1,2002,6,0,817,0,2,0,1300200,198,0,0,0,1,4,98,4,99,1,282,0,4,30,0,0
DB07EB43,3,208,201,8,201,201,201,4,3,1,35,1,15,0,10,1,1602,4,0,828,5726,2,0,1301201,198,0,0,0,1,0,1,0,1,0,1,0,0,1,0,0
B15D8A76,3,208,201,8,201,201,201,4,3,1,35,1,0,0,13,1,1602,4,0,828,5726,2,0,1301201,198,0,0,0,1,0,1,0,1,0,1,0,0,1,0,0
E5C1161E,3,209,202,8,202,202,202,4,3,1,60,1,15,0,1,1,1602,4,0,829,0,2,0,1301202,198,0,0,0,1,0,1,0,1,0,1,0,0,1,0,0
BA556433,3,209,202,8,202,202,202,4,3,1,60,1,10,0,4,1,1602,4,0,829,0,2,0,1301202,198,0,0,0,1,0,1,0,1,0,1,0,0,1,0,0
03A638E6,3,209,202,8,202,202,202,4,3,1,60,1,19,0,1,1,1602,4,0,829,0,2,0,1301202,198,0,0,0,1,0,1,0,1,0,1,0,0,1,0,0
C7FCA42A,4,210,203,8,203,203,203,4,3,1,60,1,4,0,1,0,2002,6,0,858,5728,2,0,1302201,198,0,0,0,1,4,89,0,1,0,1,0,0,1,0,0
859C2C8A,2,211,204,15,204,204,204,4,3,20,25,0,10,0,10,1,1602,4,0,838,5538,2,0,1303201,198,0,0,0,1,0,1,0,1,0,1,772,0,26,0,0
60798EA9,2,212,205,15,205,205,205,4,3,30,35,0,20,0,18,1,1702,5,0,839,5539,2,0,1303202,198,0,0,0,1,4,75,0,1,0,1,773,4,75,0,0
2A5A9A4F,2,213,206,15,206,206,206,4,3,35,40,0,18,0,7,1,1502,2,0,840,5540,2,0,1303203,198,0,0,0,1,0,1,0,1,0,1,774,0,27,0,28
C1B83227,2,214,207,15,207,207,207,4,3,40,45,0,0,0,17,1,2202,7,0,841,5541,2,0,1303204,198,0,0,0,1,0,1,0,1,0,1,775,4,5,4,14
7FE3AB90,2,215,208,15,208,208,208,4,3,50,55,0,5,0,11,1,2002,6,0,842,5542,2,0,1303205,198,0,0,0,1,0,1,0,1,0,1,776,4,22,0,0
39BD8740,2,219,211,15,212,211,212,4,3,50,55,0,15,0,3,1,2202,7,0,845,5543,2,0,1303208,198,0,0,0,1,0,1,0,1,0,1,780,4,21,0,0
74178FD8,2,220,210,15,213,210,213,4,3,55,60,0,15,0,1,1,1502,2,0,844,424,2,0,1303207,198,0,0,0,1,0,1,0,1,0,1,781,4,4,0,0
5B3230F2,2,216,209,15,209,209,209,4,3,55,60,0,2,0,14,1,2002,6,0,843,5543,2,0,1303206,198,0,0,0,1,4,2,0,1,0,1,777,4,2,0,0
58BFE546,2,219,212,15,212,212,212,4,3,1,60,1,15,0,1,1,2202,7,0,846,0,2,0,1303209,198,0,0,0,1,0,1,0,1,0,1,780,4,21,0,0
E953F586,2,220,213,15,213,213,213,4,3,1,60,1,15,0,1,1,1502,2,0,847,0,2,0,1303210,198,0,0,0,1,0,1,0,1,0,1,781,4,4,0,0
5860E999,5,221,214,20,214,138,214,4,3,1,10,1,7,0,3,1,2202,7,0,755,0,0,0,1300138,198,0,1,4,69,1,355,4,69,4,69,0,4,69,0,0
4EAF53B0,5,222,215,20,215,153,215,4,3,10,20,1,7,0,3,1,2002,6,0,770,0,0,0,1300153,198,1,1,0,1,0,1,0,1,0,1,0,4,24,0,0
46AEFC0A,5,223,216,20,216,144,216,4,3,20,30,1,19,0,9,1,1702,5,0,761,0,0,0,1300144,198,2,1,0,1,4,81,0,1,0,1,0,0,1,0,0
A65BA27A,5,224,217,20,217,142,217,4,3,30,40,1,19,0,5,1,1502,2,0,759,0,0,0,1300142,198,3,1,0,1,0,1,0,1,0,1,0,0,1,0,0
562D43AB,5,225,218,20,218,139,218,4,3,40,50,1,7,0,4,1,1602,4,0,756,0,0,0,1300139,198,4,1,0,1,3,130,4,83,1,1,0,4,83,0,0
CF616328,5,226,219,20,219,145,219,4,3,50,60,1,5,0,3,1,2202,7,0,762,0,0,0,1300145,198,5,1,0,1,4,43,1,355,0,1,0,4,43,0,0
1BA64A55,5,231,220,20,224,152,224,4,3,1,10,1,12,0,3,1,2202,7,0,769,0,0,0,1300152,198,0,2,0,1,0,1,0,1,0,1,0,5,60,0,0
AB5FD012,5,228,221,20,221,143,221,4,3,10,20,1,19,0,5,1,1502,2,0,760,0,0,0,1300143,198,1,2,0,1,1,99,1,459,0,1,0,4,93,0,0
C7AFD6DA,5,229,222,20,222,147,222,4,3,20,30,1,12,0,5,1,1702,5,0,764,0,0,0,1300147,198,2,2,0,1,1,190,0,1,0,1,0,4,23,0,0
DB70E70F,5,230,223,20,223,151,223,4,3,30,40,1,12,0,10,1,1602,4,0,768,0,0,0,1300151,198,3,2,0,1,4,95,4,34,4,98,0,4,95,0,0
E06B996C,5,227,224,20,220,188,220,4,3,40,50,1,7,0,1,1,2002,6,0,805,0,0,0,1300188,198,4,2,0,1,4,53,1,314,4,26,0,4,26,0,0
67BB8331,5,232,225,20,225,191,225,4,3,50,60,1,12,0,14,1,2002,6,0,808,0,0,0,1300191,198,5,2,0,1,1,301,0,1,0,1,0,0,1,0,0
D71D8328,5,233,226,20,226,196,226,4,3,1,10,1,17,0,7,1,1502,2,0,813,0,0,0,1300196,198,0,3,4,95,1,459,4,95,4,95,0,4,95,0,0
939B74A3,5,234,227,20,227,187,227,4,3,10,20,1,7,0,4,1,1602,4,0,804,0,0,0,1300187,198,1,3,0,1,1,1,0,1,0,1,0,4,25,0,0
CD1D4859,5,235,228,20,228,154,228,4,3,20,30,1,12,0,8,1,1702,5,0,771,0,0,0,1300154,198,2,3,0,1,1,200,4,60,4,68,0,4,60,0,0
CD18991F,5,236,229,20,229,200,229,4,3,30,40,1,5,0,14,1,2002,6,0,817,0,0,0,1300200,198,3,3,0,1,4,98,4,99,1,282,0,4,30,0,0
95CA169D,5,237,230,20,230,156,230,4,3,40,50,1,0,0,12,1,2202,7,0,773,0,1,807,1300156,198,4,3,4,18,4,77,1,355,4,18,0,4,18,0,0
07C92260,5,238,231,20,231,192,231,4,3,50,60,1,5,0,11,1,1702,5,0,809,0,0,0,1300192,198,5,3,0,1,4,37,0,1,0,1,0,0,1,0,0
