hashID {9},QuestCondition1 {2},QuestID1 {2},QuestCondition2 {2},QuestID2 {2},QuestCondition3 {2},QuestID3 {2},QuestCondition4 {2},QuestID4 {2},QuestCondition5 {2},QuestID5 {2},QuestCondition6 {2},QuestID6 {2},QuestCondition7 {2},QuestID7 {2},QuestCondition8 {2},QuestID8 {2},QuestCondition9 {2},QuestID9 {2},QuestCondition10 {2},QuestID10 {2},OrderCondition {2},LimitType {1}
<6E45FF7A>,0,20030,0,20031,0,20032,0,20033,0,20034,5310,20000,0,20035,0,0,0,0,0,0,0,60
<2238A96A>,0,20036,0,20037,0,20038,0,20039,0,20040,0,20041,5312,20020,0,0,0,0,0,0,0,60
<A1B5E790>,0,20042,0,20043,0,20044,0,20045,0,20046,0,20047,5311,20029,0,20048,0,0,0,0,0,60
<EB7858DD>,0,20049,0,20050,0,20051,0,20052,0,20053,0,20054,5311,20003,5313,20055,0,0,0,0,0,60
<4C67492E>,0,20056,0,20057,0,20058,0,20059,0,20060,0,20061,0,20062,0,0,0,0,0,0,0,60
<74FE6B03>,0,20019,0,20063,0,20064,0,20065,0,20066,0,20067,0,20068,0,20069,0,0,0,0,0,60
<7757AF3E>,0,20070,0,20071,0,20072,0,20073,0,20074,0,20075,5312,20017,0,0,0,0,0,0,0,60
<A5D904DA>,0,20076,0,20077,0,20078,0,20079,0,20080,0,20081,5312,20021,0,20082,0,0,0,0,0,60
<1DEDAC2B>,0,20083,0,20084,0,20085,0,20086,0,20087,0,20088,0,20089,5312,20024,0,0,0,0,0,60
<45ED0C22>,0,20090,0,20091,0,20092,0,20093,0,20094,5309,20022,0,20095,5311,20096,0,20097,0,20098,0,60
<98346AAF>,0,20099,0,20100,0,20102,0,20101,0,20103,5310,20104,5312,20004,0,20105,0,0,0,0,0,60
<CA92F30A>,0,20106,0,20108,0,20026,0,20107,0,20109,0,20111,0,20110,0,0,0,0,0,0,0,60
<54F175BB>,0,20112,0,20113,0,20115,0,20114,0,20116,5310,20025,0,20117,0,0,0,0,0,0,0,60
<4AE24267>,0,20118,0,20119,0,20120,0,20121,0,20122,5310,20015,5312,20009,0,20123,0,0,0,0,0,60
<EE376D61>,0,20124,0,20125,0,20126,0,20127,0,20128,0,20129,5312,20027,5313,20008,0,0,0,0,0,60
<F87F6CE7>,0,20130,0,20131,0,20132,0,20133,0,20134,5309,20011,5311,20135,5313,20002,0,0,0,0,0,60
<AC57068E>,0,20136,0,20137,0,20138,0,20139,0,20010,0,20140,5312,20141,0,0,0,0,0,0,5809,60
<30079229>,0,20142,0,20143,0,20144,0,20145,0,20146,5310,20147,0,20006,5312,20014,0,0,0,0,5809,60
<2BBE6EF2>,0,20148,0,20149,0,20150,0,20151,0,20152,0,20153,5311,20018,0,20154,0,20155,0,0,5809,60
<34E9039F>,0,20156,0,20157,0,20158,0,20159,0,20160,0,20161,0,20162,5312,20023,0,20163,0,0,0,60
<7D901D37>,0,20164,0,20165,0,20166,0,20167,0,20168,0,20169,5311,20007,0,20170,5313,20016,0,0,0,60
<A7B3F8DC>,0,20171,0,20172,0,20173,0,20174,0,20175,0,20176,0,20177,5312,20012,0,0,0,0,0,60
<65FF2BB4>,0,20178,0,20179,0,20180,0,20181,0,20182,5309,20183,5311,20184,5312,20005,0,20185,0,0,0,60
<FBD46DEB>,0,20186,0,20187,0,20188,0,20189,0,20190,0,20191,0,20192,5313,20001,0,0,0,0,5809,60
<9D8FD25A>,0,20193,0,20194,0,20195,0,20196,0,20028,0,20198,5311,20013,0,20199,5313,20197,0,0,5809,60
