questNo1 {2},Q_FLG_MIN1 {1},Q_FLG_MAX1 {1},questNo2 {2},Q_FLG_MIN2 {1},Q_FLG_MAX2 {1},questNo3 {2},Q_FLG_MIN3 {1},Q_FLG_MAX3 {1},questNo4 {2},Q_FLG_MIN4 {1},Q_FLG_MAX4 {1}
1116,2,3,0,0,0,0,0,0,0,0,0
1133,2,3,0,0,0,0,0,0,0,0,0
863,2,3,0,0,0,0,0,0,0,0,0
1364,2,3,0,0,0,0,0,0,0,0,0
1290,2,3,0,0,0,0,0,0,0,0,0
1127,2,3,0,0,0,0,0,0,0,0,0
997,2,3,0,0,0,0,0,0,0,0,0
1116,0,1,0,0,0,0,0,0,0,0,0
1133,0,1,0,0,0,0,0,0,0,0,0
863,0,1,0,0,0,0,0,0,0,0,0
1364,0,1,0,0,0,0,0,0,0,0,0
1290,0,1,0,0,0,0,0,0,0,0,0
1127,0,1,0,0,0,0,0,0,0,0,0
997,0,1,0,0,0,0,0,0,0,0,0
56,1,1,0,0,0,0,0,0,0,0,0
57,1,1,0,0,0,0,0,0,0,0,0
58,1,1,0,0,0,0,0,0,0,0,0
101,0,0,0,0,0,0,0,0,0,0,0
101,0,1,0,0,0,0,0,0,0,0,0
101,2,3,0,0,0,0,0,0,0,0,0
112,0,0,0,0,0,0,0,0,0,0,0
112,1,1,0,0,0,0,0,0,0,0,0
112,0,1,0,0,0,0,0,0,0,0,0
112,2,3,0,0,0,0,0,0,0,0,0
104,0,0,0,0,0,0,0,0,0,0,0
104,0,1,0,0,0,0,0,0,0,0,0
104,2,3,0,0,0,0,0,0,0,0,0
112,1,3,0,0,0,104,2,3,0,0,0
106,0,0,0,0,0,0,0,0,0,0,0
106,0,1,0,0,0,0,0,0,0,0,0
106,2,3,0,0,0,0,0,0,0,0,0
107,0,3,0,0,0,108,2,3,0,0,0
109,1,3,0,0,0,111,2,3,0,0,0
116,0,0,0,0,0,0,0,0,0,0,0
116,0,1,0,0,0,0,0,0,0,0,0
116,2,3,0,0,0,0,0,0,0,0,0
117,1,1,0,0,0,0,0,0,0,0,0
117,1,3,0,0,0,118,2,3,0,0,0
118,1,1,0,0,0,0,0,0,0,0,0
119,1,1,0,0,0,0,0,0,0,0,0
116,3,3,0,0,0,0,0,0,0,0,0
121,0,0,0,0,0,0,0,0,0,0,0
121,0,1,0,0,0,0,0,0,0,0,0
121,2,3,0,0,0,0,0,0,0,0,0
121,0,1,0,0,0,123,2,3,0,0,0
122,1,1,0,0,0,0,0,0,0,0,0
123,1,1,0,0,0,0,0,0,0,0,0
124,1,1,0,0,0,0,0,0,0,0,0
145,0,0,0,0,0,0,0,0,0,0,0
145,0,1,0,0,0,0,0,0,0,0,0
145,2,3,0,0,0,0,0,0,0,0,0
179,0,0,0,0,0,0,0,0,0,0,0
142,0,0,0,0,0,0,0,0,0,0,0
142,0,1,0,0,0,0,0,0,0,0,0
179,0,1,0,0,0,0,0,0,0,0,0
179,2,3,0,0,0,0,0,0,0,0,0
181,1,3,0,0,0,184,2,3,0,0,0
181,1,3,0,0,0,184,2,3,0,0,0
182,1,1,0,0,0,0,0,0,0,0,0
184,1,1,0,0,0,0,0,0,0,0,0
185,1,1,0,0,0,0,0,0,0,0,0
187,1,1,0,0,0,0,0,0,0,0,0
188,1,1,0,0,0,0,0,0,0,0,0
189,1,1,0,0,0,0,0,0,0,0,0
190,1,1,0,0,0,0,0,0,0,0,0
213,0,0,0,0,0,0,0,0,0,0,0
213,0,1,0,0,0,0,0,0,0,0,0
213,0,0,0,0,0,0,0,0,0,0,0
213,2,3,0,0,0,0,0,0,0,0,0
214,1,3,0,0,0,216,2,3,0,0,0
216,1,1,0,0,0,0,0,0,0,0,0
217,1,3,0,0,0,219,2,3,0,0,0
218,1,1,0,0,0,0,0,0,0,0,0
220,1,1,0,0,0,0,0,0,0,0,0
221,1,1,0,0,0,0,0,0,0,0,0
221,1,3,0,0,0,222,2,3,0,0,0
223,0,0,0,0,0,0,0,0,0,0,0
223,0,1,0,0,0,0,0,0,0,0,0
223,2,3,0,0,0,0,0,0,0,0,0
224,0,3,0,0,0,225,2,3,0,0,0
224,0,3,0,0,0,224,2,3,0,0,0
225,1,1,0,0,0,0,0,0,0,0,0
226,1,1,0,0,0,0,0,0,0,0,0
226,1,3,0,0,0,217,2,3,0,0,0
228,1,1,0,0,0,0,0,0,0,0,0
250,0,0,0,0,0,0,0,0,0,0,0
250,0,1,0,0,0,0,0,0,0,0,0
250,2,3,0,0,0,0,0,0,0,0,0
251,1,1,0,0,0,0,0,0,0,0,0
252,1,1,0,0,0,0,0,0,0,0,0
253,1,1,0,0,0,0,0,0,0,0,0
254,1,1,0,0,0,0,0,0,0,0,0
255,1,1,0,0,0,0,0,0,0,0,0
256,1,1,0,0,0,0,0,0,0,0,0
257,1,1,0,0,0,0,0,0,0,0,0
258,1,1,0,0,0,0,0,0,0,0,0
258,1,3,0,0,0,260,2,3,262,1,3
259,1,1,0,0,0,0,0,0,0,0,0
262,1,1,0,0,0,0,0,0,0,0,0
263,1,1,0,0,0,0,0,0,0,0,0
265,1,1,0,0,0,0,0,0,0,0,0
255,1,3,0,0,0,257,2,3,0,0,0
288,2,3,0,0,0,0,0,0,0,0,0
318,2,3,0,0,0,0,0,0,0,0,0
320,2,3,0,0,0,0,0,0,0,0,0
322,2,3,0,0,0,0,0,0,0,0,0
322,1,1,0,0,0,0,0,0,0,0,0
327,2,3,0,0,0,0,0,0,0,0,0
329,2,3,0,0,0,0,0,0,0,0,0
331,2,3,0,0,0,0,0,0,0,0,0
336,2,3,0,0,0,0,0,0,0,0,0
338,2,3,0,0,0,0,0,0,0,0,0
340,2,3,0,0,0,0,0,0,0,0,0
345,2,3,0,0,0,0,0,0,0,0,0
347,2,3,0,0,0,0,0,0,0,0,0
349,2,3,0,0,0,0,0,0,0,0,0
354,2,3,0,0,0,0,0,0,0,0,0
356,2,3,0,0,0,0,0,0,0,0,0
358,2,3,0,0,0,0,0,0,0,0,0
439,0,1,0,0,0,0,0,0,0,0,0
439,0,0,0,0,0,0,0,0,0,0,0
439,2,3,0,0,0,0,0,0,0,0,0
440,0,3,0,0,0,441,2,3,0,0,0
442,1,3,0,0,0,443,2,3,0,0,0
454,0,1,0,0,0,0,0,0,0,0,0
454,2,3,0,0,0,0,0,0,0,0,0
460,0,0,0,0,0,0,0,0,0,0,0
460,0,1,0,0,0,0,0,0,0,0,0
460,2,3,0,0,0,0,0,0,0,0,0
461,0,1,0,0,0,461,2,3,0,0,0
462,1,1,0,0,0,0,0,0,0,0,0
463,1,1,0,0,0,0,0,0,0,0,0
464,1,1,0,0,0,0,0,0,0,0,0
465,1,1,0,0,0,0,0,0,0,0,0
466,1,1,0,0,0,0,0,0,0,0,0
465,1,3,0,0,0,466,2,3,0,0,0
704,0,1,0,0,0,0,0,0,0,0,0
704,2,3,0,0,0,0,0,0,0,0,0
704,0,0,0,0,0,0,0,0,0,0,0
705,0,3,0,0,0,705,2,3,0,0,0
705,1,3,0,0,0,706,2,3,0,0,0
705,0,3,0,0,0,706,2,3,0,0,0
706,1,1,0,0,0,0,0,0,0,0,0
707,1,3,0,0,0,709,2,3,0,0,0
707,1,3,0,0,0,704,2,3,0,0,0
705,0,3,0,0,0,710,2,3,0,0,0
710,1,1,0,0,0,0,0,0,0,0,0
711,1,1,0,0,0,0,0,0,0,0,0
704,1,3,0,0,0,0,0,0,0,0,0
679,0,1,0,0,0,0,0,0,0,0,0
679,2,3,0,0,0,0,0,0,0,0,0
769,0,1,0,0,0,0,0,0,0,0,0
769,2,3,0,0,0,0,0,0,0,0,0
770,0,3,0,0,0,772,2,3,0,0,0
770,1,1,0,0,0,0,0,0,0,0,0
771,1,1,0,0,0,0,0,0,0,0,0
772,1,1,0,0,0,0,0,0,0,0,0
773,1,1,0,0,0,0,0,0,0,0,0
774,1,1,0,0,0,0,0,0,0,0,0
775,1,1,0,0,0,0,0,0,0,0,0
776,1,1,0,0,0,0,0,0,0,0,0
650,0,1,0,0,0,0,0,0,0,0,0
650,2,3,0,0,0,0,0,0,0,0,0
650,2,2,0,0,0,0,0,0,0,0,0
650,3,3,0,0,0,0,0,0,0,0,0
266,0,0,0,0,0,0,0,0,0,0,0
0,0,0,0,0,0,266,1,1,0,0,0
266,0,1,0,0,0,0,0,0,0,0,0
266,2,3,0,0,0,0,0,0,0,0,0
267,0,3,0,0,0,267,2,3,0,0,0
267,1,1,0,0,0,0,0,0,0,0,0
268,1,1,0,0,0,0,0,0,0,0,0
268,2,2,0,0,0,0,0,0,0,0,0
269,1,1,0,0,0,0,0,0,0,0,0
268,1,3,0,0,0,270,2,3,268,3,3
270,1,1,0,0,0,0,0,0,0,0,0
271,1,1,0,0,0,0,0,0,0,0,0
272,1,1,0,0,0,0,0,0,0,0,0
270,1,3,0,0,0,271,2,3,0,0,0
273,1,1,0,0,0,0,0,0,0,0,0
274,1,1,0,0,0,0,0,0,0,0,0
0,0,0,0,0,0,1667,1,1,0,0,0
276,1,1,0,0,0,0,0,0,0,0,0
277,1,1,0,0,0,0,0,0,0,0,0
278,1,1,0,0,0,0,0,0,0,0,0
279,1,1,0,0,0,0,0,0,0,0,0
1669,1,1,0,0,0,0,0,0,0,0,0
1670,1,1,0,0,0,0,0,0,0,0,0
1671,1,1,0,0,0,0,0,0,0,0,0
275,1,3,0,0,0,266,2,3,0,0,0
275,1,3,0,0,0,277,2,3,0,0,0
1668,1,3,0,0,0,1670,2,3,0,0,0
274,1,3,0,0,0,266,2,3,0,0,0
1667,1,3,0,0,0,266,2,3,0,0,0
275,1,3,0,0,0,266,2,3,0,0,0
266,0,1,0,0,0,274,1,3,0,0,0
757,2,3,0,0,0,0,0,0,0,0,0
527,0,0,0,0,0,0,0,0,0,0,0
527,0,1,0,0,0,0,0,0,0,0,0
527,2,3,0,0,0,0,0,0,0,0,0
528,1,3,0,0,0,531,2,3,0,0,0
528,0,3,0,0,0,528,2,3,0,0,0
529,1,3,0,0,0,537,2,3,0,0,0
538,1,3,0,0,0,546,2,3,0,0,0
529,1,3,0,0,0,530,2,3,0,0,0
530,1,3,0,0,0,531,2,3,0,0,0
529,1,1,0,0,0,0,0,0,0,0,0
530,1,1,0,0,0,0,0,0,0,0,0
531,1,1,0,0,0,0,0,0,0,0,0
532,1,1,0,0,0,0,0,0,0,0,0
532,1,3,0,0,0,527,2,3,0,0,0
532,1,3,0,0,0,534,2,3,0,0,0
535,1,1,0,0,0,0,0,0,0,0,0
536,1,1,0,0,0,0,0,0,0,0,0
537,1,3,0,0,0,527,2,3,0,0,0
538,1,3,0,0,0,540,2,3,0,0,0
541,1,3,0,0,0,527,2,3,0,0,0
541,1,3,0,0,0,543,2,3,0,0,0
544,1,1,0,0,0,0,0,0,0,0,0
545,1,1,0,0,0,0,0,0,0,0,0
546,1,3,0,0,0,527,2,3,0,0,0
560,0,1,0,0,0,0,0,0,0,0,0
560,0,0,0,0,0,0,0,0,0,0,0
560,2,3,0,0,0,0,0,0,0,0,0
561,1,3,0,0,0,563,2,3,0,0,0
561,1,3,0,0,0,562,2,3,0,0,0
560,0,1,0,0,0,565,1,1,564,3,3
560,2,2,0,0,0,0,0,0,0,0,0
560,3,3,0,0,0,0,0,0,0,0,0
562,1,1,0,0,0,0,0,0,0,0,0
564,1,1,0,0,0,0,0,0,0,0,0
565,1,1,0,0,0,0,0,0,0,0,0
567,1,1,0,0,0,0,0,0,0,0,0
568,1,1,0,0,0,0,0,0,0,0,0
569,1,1,0,0,0,0,0,0,0,0,0
587,0,0,0,0,0,0,0,0,0,0,0
587,0,1,0,0,0,0,0,0,0,0,0
587,2,3,0,0,0,0,0,0,0,0,0
588,0,3,0,0,0,591,2,3,0,0,0
588,1,1,0,0,0,0,0,0,0,0,0
589,1,1,0,0,0,0,0,0,0,0,0
592,1,1,0,0,0,0,0,0,0,0,0
593,1,1,0,0,0,0,0,0,0,0,0
595,1,1,0,0,0,0,0,0,0,0,0
596,1,1,0,0,0,0,0,0,0,0,0
595,1,1,0,0,0,0,0,0,0,0,0
597,1,1,0,0,0,0,0,0,0,0,0
588,0,3,0,0,0,593,2,3,0,0,0
625,0,1,0,0,0,0,0,0,0,0,0
625,2,3,0,0,0,0,0,0,0,0,0
626,1,3,0,0,0,628,2,3,0,0,0
627,1,1,0,0,0,0,0,0,0,0,0
626,1,3,0,0,0,627,2,3,0,0,0
629,1,3,0,0,0,631,2,3,0,0,0
629,1,3,0,0,0,632,2,3,0,0,0
632,1,1,0,0,0,0,0,0,0,0,0
633,1,1,0,0,0,0,0,0,0,0,0
1664,2,3,0,0,0,0,0,0,0,0,0
639,0,1,0,0,0,0,0,0,0,0,0
639,2,3,0,0,0,0,0,0,0,0,0
639,0,0,0,0,0,0,0,0,0,0,0
640,0,3,0,0,0,640,2,3,0,0,0
642,1,3,0,0,0,639,2,3,0,0,0
642,1,1,0,0,0,0,0,0,0,0,0
644,1,1,0,0,0,0,0,0,0,0,0
665,0,1,0,0,0,0,0,0,0,0,0
665,2,3,0,0,0,0,0,0,0,0,0
665,2,2,0,0,0,0,0,0,0,0,0
668,0,1,0,0,0,0,0,0,0,0,0
668,2,3,0,0,0,0,0,0,0,0,0
669,0,3,0,0,0,671,2,3,0,0,0
669,1,1,0,0,0,0,0,0,0,0,0
625,0,0,0,0,0,0,0,0,0,0,0
669,1,1,0,0,0,0,0,0,0,0,0
747,0,1,0,0,0,0,0,0,0,0,0
747,2,3,0,0,0,0,0,0,0,0,0
748,1,1,0,0,0,0,0,0,0,0,0
749,1,1,0,0,0,0,0,0,0,0,0
750,1,1,0,0,0,0,0,0,0,0,0
751,1,1,0,0,0,0,0,0,0,0,0
752,1,1,0,0,0,0,0,0,0,0,0
753,1,1,0,0,0,0,0,0,0,0,0
754,1,1,0,0,0,0,0,0,0,0,0
755,1,1,0,0,0,0,0,0,0,0,0
753,1,3,0,0,0,747,2,3,0,0,0
748,1,3,0,0,0,750,2,3,0,0,0
810,0,1,0,0,0,0,0,0,0,0,0
810,0,0,0,0,0,0,0,0,0,0,0
810,2,2,0,0,0,0,0,0,0,0,0
810,3,3,0,0,0,0,0,0,0,0,0
810,2,3,0,0,0,0,0,0,0,0,0
811,1,3,0,0,0,813,2,3,0,0,0
815,1,3,0,0,0,816,2,3,0,0,0
810,0,1,0,0,0,813,2,3,0,0,0
811,0,3,0,0,0,816,2,3,0,0,0
817,1,3,0,0,0,810,2,3,0,0,0
817,1,3,0,0,0,810,2,3,0,0,0
814,1,1,0,0,0,0,0,0,0,0,0
817,1,1,0,0,0,0,0,0,0,0,0
819,1,1,0,0,0,0,0,0,0,0,0
818,1,1,0,0,0,0,0,0,0,0,0
814,1,3,0,0,0,810,2,3,0,0,0
906,2,3,0,0,0,0,0,0,0,0,0
916,0,0,0,0,0,0,0,0,0,0,0
917,0,1,0,0,0,0,0,0,0,0,0
916,0,1,0,0,0,0,0,0,0,0,0
916,2,3,0,0,0,0,0,0,0,0,0
917,1,3,0,0,0,916,2,3,0,0,0
918,1,1,0,0,0,0,0,0,0,0,0
919,1,1,0,0,0,0,0,0,0,0,0
920,1,1,0,0,0,0,0,0,0,0,0
920,1,3,0,0,0,916,2,3,0,0,0
932,0,1,0,0,0,0,0,0,0,0,0
932,2,3,0,0,0,0,0,0,0,0,0
933,1,3,0,0,0,936,2,3,0,0,0
936,1,1,0,0,0,0,0,0,0,0,0
938,1,1,0,0,0,0,0,0,0,0,0
937,1,1,0,0,0,0,0,0,0,0,0
938,1,3,0,0,0,932,2,3,0,0,0
860,0,1,0,0,0,0,0,0,0,0,0
860,2,3,0,0,0,0,0,0,0,0,0
850,2,3,0,0,0,0,0,0,0,0,0
868,0,1,0,0,0,0,0,0,0,0,0
868,2,3,0,0,0,0,0,0,0,0,0
869,0,3,0,0,0,869,2,3,0,0,0
870,1,1,0,0,0,0,0,0,0,0,0
870,1,3,0,0,0,868,2,3,0,0,0
869,1,1,0,0,0,0,0,0,0,0,0
871,1,3,0,0,0,872,2,3,0,0,0
871,1,1,0,0,0,0,0,0,0,0,0
872,1,1,0,0,0,0,0,0,0,0,0
873,1,1,0,0,0,0,0,0,0,0,0
575,0,1,0,0,0,0,0,0,0,0,0
575,2,3,0,0,0,0,0,0,0,0,0
575,0,0,0,0,0,0,0,0,0,0,0
576,1,1,0,0,0,0,0,0,0,0,0
577,1,1,0,0,0,0,0,0,0,0,0
586,1,1,0,0,0,0,0,0,0,0,0
582,1,1,0,0,0,0,0,0,0,0,0
578,1,1,0,0,0,0,0,0,0,0,0
579,1,1,0,0,0,0,0,0,0,0,0
580,1,1,0,0,0,0,0,0,0,0,0
581,1,1,0,0,0,0,0,0,0,0,0
583,1,1,0,0,0,0,0,0,0,0,0
584,1,1,0,0,0,0,0,0,0,0,0
585,1,1,0,0,0,0,0,0,0,0,0
607,2,3,0,0,0,0,0,0,0,0,0
615,0,1,0,0,0,0,0,0,0,0,0
615,2,3,0,0,0,0,0,0,0,0,0
615,2,2,0,0,0,0,0,0,0,0,0
615,3,3,0,0,0,0,0,0,0,0,0
757,0,1,0,0,0,0,0,0,0,0,0
758,1,1,0,0,0,0,0,0,0,0,0
758,1,3,0,0,0,757,2,3,0,0,0
759,1,1,0,0,0,0,0,0,0,0,0
870,1,3,0,0,0,757,2,3,0,0,0
760,1,1,0,0,0,0,0,0,0,0,0
761,1,1,0,0,0,0,0,0,0,0,0
765,1,1,0,0,0,0,0,0,0,0,0
762,1,1,0,0,0,0,0,0,0,0,0
766,1,1,0,0,0,0,0,0,0,0,0
763,1,1,0,0,0,0,0,0,0,0,0
767,1,1,0,0,0,0,0,0,0,0,0
945,0,1,0,0,0,0,0,0,0,0,0
945,2,3,0,0,0,0,0,0,0,0,0
945,0,0,0,0,0,0,0,0,0,0,0
945,1,1,0,0,0,0,0,0,0,0,0
945,1,1,0,0,0,946,3,3,947,2,3
945,0,1,0,0,0,948,1,3,0,0,0
945,0,1,0,0,0,950,1,3,0,0,0
946,1,3,0,0,0,945,2,3,0,0,0
972,1,3,0,0,0,974,2,3,0,0,0
948,1,1,0,0,0,0,0,0,0,0,0
975,1,1,0,0,0,0,0,0,0,0,0
940,2,3,0,0,0,0,0,0,0,0,0
971,0,0,0,0,0,0,0,0,0,0,0
971,0,1,0,0,0,0,0,0,0,0,0
971,2,3,0,0,0,0,0,0,0,0,0
971,1,1,0,0,0,0,0,0,0,0,0
965,0,0,0,0,0,0,0,0,0,0,0
965,0,1,0,0,0,0,0,0,0,0,0
965,2,3,0,0,0,0,0,0,0,0,0
966,0,3,0,0,0,967,2,3,0,0,0
968,1,3,0,0,0,970,2,3,0,0,0
863,0,1,0,0,0,0,0,0,0,0,0
863,2,3,0,0,0,0,0,0,0,0,0
864,1,1,0,0,0,0,0,0,0,0,0
865,1,3,0,0,0,866,2,3,0,0,0
865,1,1,0,0,0,0,0,0,0,0,0
866,1,1,0,0,0,0,0,0,0,0,0
867,1,1,0,0,0,0,0,0,0,0,0
880,0,0,0,0,0,0,0,0,0,0,0
880,0,1,0,0,0,0,0,0,0,0,0
880,2,3,0,0,0,0,0,0,0,0,0
881,1,1,0,0,0,0,0,0,0,0,0
882,1,1,0,0,0,0,0,0,0,0,0
883,1,1,0,0,0,0,0,0,0,0,0
881,1,3,0,0,0,887,2,3,0,0,0
883,1,3,0,0,0,885,2,3,0,0,0
886,1,1,0,0,0,0,0,0,0,0,0
887,1,1,0,0,0,0,0,0,0,0,0
888,1,1,0,0,0,0,0,0,0,0,0
889,1,1,0,0,0,0,0,0,0,0,0
889,2,3,0,0,0,0,0,0,0,0,0
895,1,3,0,0,0,889,2,3,0,0,0
890,1,1,0,0,0,0,0,0,0,0,0
892,1,1,0,0,0,0,0,0,0,0,0
894,1,1,0,0,0,0,0,0,0,0,0
896,1,1,0,0,0,0,0,0,0,0,0
898,0,1,0,0,0,0,0,0,0,0,0
898,2,3,0,0,0,0,0,0,0,0,0
899,1,1,0,0,0,0,0,0,0,0,0
712,0,1,0,0,0,0,0,0,0,0,0
712,2,3,0,0,0,0,0,0,0,0,0
712,2,2,0,0,0,0,0,0,0,0,0
712,0,0,0,0,0,0,0,0,0,0,0
712,0,3,0,0,0,713,2,3,0,0,0
718,1,1,0,0,0,0,0,0,0,0,0
714,1,1,0,0,0,0,0,0,0,0,0
715,1,3,0,0,0,712,2,3,0,0,0
720,1,3,0,0,0,712,2,3,0,0,0
785,0,0,0,0,0,0,0,0,0,0,0
785,0,1,0,0,0,0,0,0,0,0,0
785,2,3,0,0,0,0,0,0,0,0,0
785,2,2,0,0,0,0,0,0,0,0,0
785,3,3,0,0,0,0,0,0,0,0,0
786,1,1,0,0,0,0,0,0,0,0,0
787,1,1,0,0,0,0,0,0,0,0,0
788,1,1,0,0,0,0,0,0,0,0,0
789,1,1,0,0,0,0,0,0,0,0,0
786,1,3,0,0,0,790,2,3,0,0,0
791,1,3,0,0,0,785,2,3,0,0,0
788,1,3,0,0,0,789,2,3,0,0,0
790,1,1,0,0,0,0,0,0,0,0,0
791,1,1,0,0,0,0,0,0,0,0,0
792,1,1,0,0,0,0,0,0,0,0,0
795,1,1,0,0,0,0,0,0,0,0,0
793,1,1,0,0,0,0,0,0,0,0,0
796,1,1,0,0,0,0,0,0,0,0,0
992,0,1,0,0,0,0,0,0,0,0,0
992,2,3,0,0,0,0,0,0,0,0,0
993,1,1,0,0,0,0,0,0,0,0,0
994,1,1,0,0,0,0,0,0,0,0,0
993,1,3,0,0,0,995,2,3,0,0,0
244,2,3,0,0,0,0,0,0,0,0,0
467,2,3,0,0,0,0,0,0,0,0,0
997,0,1,0,0,0,0,0,0,0,0,0
997,2,3,0,0,0,0,0,0,0,0,0
998,0,3,0,0,0,998,2,3,0,0,0
999,1,3,0,0,0,1005,2,3,0,0,0
1007,1,3,0,0,0,997,2,3,0,0,0
1007,1,1,0,0,0,0,0,0,0,0,0
1008,1,3,0,0,0,1016,2,3,0,0,0
1008,1,3,0,0,0,1009,2,3,0,0,0
1011,1,3,0,0,0,1016,2,3,0,0,0
999,1,1,0,0,0,0,0,0,0,0,0
1010,1,1,0,0,0,0,0,0,0,0,0
1000,1,1,0,0,0,0,0,0,0,0,0
1001,1,1,0,0,0,0,0,0,0,0,0
1002,1,1,0,0,0,0,0,0,0,0,0
1003,1,1,0,0,0,0,0,0,0,0,0
1004,1,1,0,0,0,0,0,0,0,0,0
1005,1,1,0,0,0,0,0,0,0,0,0
1006,1,1,0,0,0,0,0,0,0,0,0
1011,1,1,0,0,0,0,0,0,0,0,0
1012,1,1,0,0,0,0,0,0,0,0,0
1013,1,1,0,0,0,0,0,0,0,0,0
1014,1,1,0,0,0,0,0,0,0,0,0
1015,1,1,0,0,0,0,0,0,0,0,0
1016,1,1,0,0,0,0,0,0,0,0,0
1017,1,1,0,0,0,0,0,0,0,0,0
1002,1,3,0,0,0,0,0,3,0,0,0
1013,1,3,0,0,0,1017,2,3,0,0,0
874,0,1,0,0,0,0,0,0,0,0,0
874,2,3,0,0,0,0,0,0,0,0,0
875,1,1,0,0,0,0,0,0,0,0,0
876,1,3,0,0,0,878,2,3,0,0,0
876,1,1,0,0,0,0,0,0,0,0,0
877,1,1,0,0,0,0,0,0,0,0,0
879,1,1,0,0,0,0,0,0,0,0,0
951,0,0,0,0,0,0,0,0,0,0,0
951,0,1,0,0,0,0,0,0,0,0,0
951,2,3,0,0,0,0,0,0,0,0,0
953,1,1,0,0,0,0,0,0,0,0,0
959,1,1,0,0,0,0,0,0,0,0,0
954,1,1,0,0,0,0,0,0,0,0,0
960,1,1,0,0,0,0,0,0,0,0,0
952,1,3,0,0,0,954,2,3,0,0,0
958,1,3,0,0,0,961,2,3,0,0,0
955,1,3,0,0,0,951,2,3,0,0,0
955,1,1,0,0,0,0,0,0,0,0,0
956,1,3,0,0,0,957,2,3,0,0,0
956,1,1,0,0,0,0,0,0,0,0,0
961,1,3,0,0,0,951,2,3,0,0,0
961,1,1,0,0,0,0,0,0,0,0,0
962,1,3,0,0,0,951,2,3,0,0,0
963,1,1,0,0,0,0,0,0,0,0,0
101,2,3,0,0,0,281,2,3,0,0,0
408,0,0,0,0,0,0,0,0,0,0,0
408,0,1,0,0,0,0,0,0,0,0,0
409,1,1,0,0,0,0,0,0,0,0,0
410,1,1,0,0,0,0,0,0,0,0,0
413,1,1,0,0,0,0,0,0,0,0,0
414,1,1,0,0,0,0,0,0,0,0,0
415,1,1,0,0,0,0,0,0,0,0,0
416,1,1,0,0,0,0,0,0,0,0,0
418,1,1,0,0,0,0,0,0,0,0,0
419,1,1,0,0,0,0,0,0,0,0,0
422,1,1,0,0,0,0,0,0,0,0,0
423,1,1,0,0,0,0,0,0,0,0,0
424,1,1,0,0,0,0,0,0,0,0,0
425,1,1,0,0,0,0,0,0,0,0,0
426,1,1,0,0,0,0,0,0,0,0,0
1691,1,3,0,0,0,415,2,3,414,3,3
414,2,2,0,0,0,408,2,3,0,0,0
408,1,1,0,0,0,0,0,0,0,0,0
408,2,3,0,0,0,0,0,0,0,0,0
417,0,3,0,0,0,408,2,3,0,0,0
418,1,3,0,0,0,408,2,3,0,0,0
424,1,3,0,0,0,408,2,3,0,0,0
408,0,1,0,0,0,421,1,3,0,0,0
409,1,3,0,0,0,417,2,3,414,3,3
421,1,3,0,0,0,423,2,3,0,0,0
425,1,3,0,0,0,0,0,0,0,0,0
408,0,1,0,0,0,414,2,3,0,0,0
408,0,1,0,0,0,413,2,3,0,0,0
409,0,3,0,0,0,412,2,3,0,0,0
414,1,3,0,0,0,415,2,3,0,0,0
679,0,0,0,0,0,0,0,0,0,0,0
679,1,1,0,0,0,0,0,0,0,0,0
444,0,0,0,0,0,0,0,0,0,0,0
444,0,1,0,0,0,0,0,0,0,0,0
444,1,1,0,0,0,0,0,0,0,0,0
444,0,1,0,0,0,447,2,3,0,0,0
448,1,3,0,0,0,450,2,3,0,0,0
448,1,3,0,0,0,444,2,3,0,0,0
451,1,3,0,0,0,444,2,3,0,0,0
444,2,3,0,0,0,0,0,0,0,0,0
444,2,2,0,0,0,0,0,0,0,0,0
444,3,3,0,0,0,0,0,0,0,0,0
476,0,0,0,0,0,0,0,0,0,0,0
476,0,1,0,0,0,0,0,0,0,0,0
476,2,3,0,0,0,0,0,0,0,0,0
477,1,3,0,0,0,479,2,3,0,0,0
480,1,3,0,0,0,481,2,3,0,0,0
482,1,3,0,0,0,483,2,3,0,0,0
0,0,0,0,0,0,481,1,1,483,1,1
682,0,1,683,0,2,0,0,0,0,0,0
686,1,3,0,0,0,687,2,3,0,0,0
682,0,1,688,1,3,0,0,0,0,0,0
682,2,3,0,0,0,0,0,0,0,0,0
683,2,2,0,0,0,0,0,0,0,0,0
668,1,1,0,0,0,0,0,0,0,0,0
668,2,2,0,0,0,0,0,0,0,0,0
668,0,0,0,0,0,0,0,0,0,0,0
0,0,0,0,0,0,668,1,1,0,0,0
414,2,3,408,1,1,0,0,0,0,0,0
409,1,3,0,0,0,412,2,3,0,0,0
906,0,1,0,0,0,0,0,0,0,0,0
561,0,3,0,0,0,562,2,3,0,0,0
563,1,1,0,0,0,0,0,0,0,0,0
172,0,0,0,0,0,0,0,0,0,0,0
172,0,1,0,0,0,0,0,0,0,0,0
173,1,1,0,0,0,0,0,0,0,0,0
174,1,1,0,0,0,0,0,0,0,0,0
173,1,3,0,0,0,175,2,3,0,0,0
175,1,3,0,0,0,176,2,3,0,0,0
176,1,1,0,0,0,0,0,0,0,0,0
178,1,1,0,0,0,0,0,0,0,0,0
172,2,2,0,0,0,0,0,0,0,0,0
172,3,3,0,0,0,0,0,0,0,0,0
413,1,1,0,0,0,0,0,0,0,0,0
413,1,3,0,0,0,408,2,3,0,0,0
625,2,2,0,0,0,0,0,0,0,0,0
625,3,3,0,0,0,0,0,0,0,0,0
958,1,3,0,0,0,951,2,2,0,0,0
855,0,1,0,0,0,0,0,0,0,0,0
855,1,1,0,0,0,0,0,0,0,0,0
855,2,3,0,0,0,0,0,0,0,0,0
932,0,0,0,0,0,0,0,0,0,0,0
134,0,0,0,0,0,0,0,0,0,0,0
134,2,3,0,0,0,0,0,0,0,0,0
137,1,1,0,0,0,0,0,0,0,0,0
951,1,1,0,0,0,0,0,0,0,0,0
951,1,1,0,0,0,961,1,3,0,0,0
951,1,1,962,1,3,0,0,0,0,0,0
179,1,1,0,0,0,185,2,3,0,0,0
522,2,3,0,0,0,0,0,0,0,0,0
932,1,1,935,0,1,0,0,0,0,0,0
288,0,0,0,0,0,0,0,0,0,0,0
288,2,2,0,0,0,0,0,0,0,0,0
288,3,3,0,0,0,0,0,0,0,0,0
555,0,0,0,0,0,0,0,0,0,0,0
555,0,0,0,0,0,556,2,3,0,0,0
1183,1,1,0,0,0,0,0,0,0,0,0
556,1,3,0,0,0,559,2,3,0,0,0
555,2,3,0,0,0,0,0,0,0,0,0
555,0,1,0,0,0,0,0,0,0,0,0
555,2,2,0,0,0,0,0,0,0,0,0
555,3,3,0,0,0,0,0,0,0,0,0
555,1,1,0,0,0,0,0,0,0,0,0
1018,0,0,0,0,0,0,0,0,0,0,0
1019,1,3,0,0,0,1021,2,3,0,0,0
1019,1,3,0,0,0,1022,2,3,0,0,0
1018,0,0,0,0,0,1019,2,3,0,0,0
1020,1,3,0,0,0,1021,2,3,0,0,0
1019,1,1,0,0,0,0,0,0,0,0,0
1022,1,1,0,0,0,0,0,0,0,0,0
1020,1,3,0,0,0,1018,2,3,0,0,0
0,0,0,0,0,0,0,0,0,0,0,0
0,0,0,0,0,0,0,0,0,0,0,0
0,0,0,0,0,0,0,0,0,0,0,0
1018,2,3,0,0,0,0,0,0,0,0,0
1018,2,2,0,0,0,0,0,0,0,0,0
1018,3,3,0,0,0,0,0,0,0,0,0
1018,0,1,0,0,0,0,0,0,0,0,0
1023,0,0,0,0,0,0,0,0,0,0,0
1024,0,3,0,0,0,1026,2,3,0,0,0
1024,1,3,0,0,0,1026,2,3,0,0,0
1024,1,3,0,0,0,1027,2,3,0,0,0
1024,1,1,0,0,0,0,0,0,0,0,0
1025,1,3,0,0,0,1026,2,3,0,0,0
1023,0,0,0,0,0,1024,2,3,0,0,0
1027,1,1,0,0,0,0,0,0,0,0,0
1023,2,3,0,0,0,0,0,0,0,0,0
1023,2,2,0,0,0,0,0,0,0,0,0
1023,3,3,0,0,0,0,0,0,0,0,0
288,0,1,0,0,0,0,0,0,0,0,0
460,0,1,0,0,0,461,2,3,0,0,0
466,1,1,0,0,0,460,2,3,0,0,0
467,0,1,0,0,0,0,0,0,0,0,0
250,2,2,0,0,0,0,0,0,0,0,0
250,3,3,0,0,0,0,0,0,0,0,0
723,2,3,0,0,0,0,0,0,0,0,0
901,0,0,0,0,0,0,0,0,0,0,0
901,1,1,0,0,0,0,0,0,0,0,0
9,0,1,0,0,0,9,1,3,0,0,0
15,0,1,0,0,0,15,1,3,0,0,0
20,0,1,0,0,0,20,1,3,0,0,0
26,0,1,0,0,0,26,1,3,0,0,0
191,0,0,0,0,0,0,0,0,0,0,0
191,0,1,0,0,0,0,0,0,0,0,0
192,1,1,0,0,0,0,0,0,0,0,0
194,1,1,0,0,0,0,0,0,0,0,0
195,1,1,0,0,0,0,0,0,0,0,0
196,1,1,0,0,0,0,0,0,0,0,0
192,0,1,0,0,0,0,0,0,0,0,0
192,0,3,0,0,0,194,2,3,0,0,0
193,1,3,0,0,0,191,2,3,0,0,0
197,1,3,0,0,0,191,2,3,0,0,0
191,2,3,0,0,0,0,0,0,0,0,0
198,0,0,0,0,0,0,0,0,0,0,0
0,0,0,0,0,0,198,1,1,0,0,0
198,0,1,0,0,0,0,0,0,0,0,0
198,2,3,0,0,0,0,0,0,0,0,0
198,2,2,0,0,0,0,0,0,0,0,0
198,3,3,0,0,0,0,0,0,0,0,0
199,1,1,0,0,0,0,0,0,0,0,0
200,1,1,0,0,0,0,0,0,0,0,0
201,1,1,0,0,0,0,0,0,0,0,0
202,1,1,0,0,0,0,0,0,0,0,0
203,1,1,0,0,0,0,0,0,0,0,0
204,1,1,0,0,0,0,0,0,0,0,0
205,1,1,0,0,0,0,0,0,0,0,0
206,1,1,0,0,0,0,0,0,0,0,0
207,1,1,0,0,0,0,0,0,0,0,0
208,1,1,0,0,0,0,0,0,0,0,0
209,1,1,0,0,0,0,0,0,0,0,0
210,1,1,0,0,0,0,0,0,0,0,0
211,1,1,0,0,0,0,0,0,0,0,0
1018,1,1,0,0,0,0,0,0,0,0,0
598,0,1,0,0,0,0,0,0,0,0,0
598,2,3,0,0,0,0,0,0,0,0,0
408,3,3,0,0,0,0,0,0,0,0,0
116,2,2,0,0,0,0,0,0,0,0,0
116,3,3,0,0,0,0,0,0,0,0,0
454,0,0,0,0,0,0,0,0,0,0,0
454,1,1,0,0,0,0,0,0,0,0,0
0,0,0,0,0,0,0,0,0,0,0,0
0,0,0,0,0,0,0,0,0,0,0,0
655,0,1,0,0,0,0,0,0,0,0,0
655,2,3,0,0,0,0,0,0,0,0,0
660,0,0,0,0,0,0,0,0,0,0,0
660,0,1,0,0,0,0,0,0,0,0,0
660,2,3,0,0,0,0,0,0,0,0,0
223,0,1,0,0,0,225,2,3,0,0,0
0,0,0,0,0,0,0,0,0,0,0,0
439,0,1,0,0,0,441,2,3,0,0,0
439,0,1,0,0,0,0,0,0,0,0,0
223,0,1,0,0,0,224,2,3,0,0,0
35,1,1,0,0,0,0,0,0,0,0,0
36,1,1,0,0,0,0,0,0,0,0,0
37,1,1,0,0,0,0,0,0,0,0,0
281,1,1,0,0,0,0,0,0,0,0,0
282,1,1,0,0,0,0,0,0,0,0,0
283,1,1,0,0,0,0,0,0,0,0,0
284,1,1,0,0,0,0,0,0,0,0,0
285,1,1,0,0,0,0,0,0,0,0,0
286,1,1,0,0,0,0,0,0,0,0,0
287,1,1,0,0,0,0,0,0,0,0,0
286,0,1,0,0,0,0,0,0,0,0,0
287,2,3,0,0,0,0,0,0,0,0,0
280,2,3,0,0,0,0,0,0,0,0,0
570,0,0,0,0,0,0,0,0,0,0,0
570,0,1,0,0,0,0,0,0,0,0,0
570,1,1,0,0,0,0,0,0,0,0,0
570,0,1,0,0,0,571,2,3,0,0,0
572,1,1,0,0,0,572,2,3,0,0,0
573,1,1,0,0,0,574,2,3,0,0,0
573,1,1,0,0,0,0,0,0,0,0,0
574,1,1,0,0,0,0,0,0,0,0,0
729,0,1,0,0,0,0,0,0,0,0,0
732,1,1,0,0,0,735,2,3,0,0,0
737,1,1,0,0,0,0,0,0,0,0,0
738,1,1,0,0,0,0,0,0,0,0,0
740,1,1,0,0,0,0,0,0,0,0,0
741,1,1,0,0,0,0,0,0,0,0,0
634,0,1,0,0,0,0,0,0,0,0,0
634,0,0,0,0,0,0,0,0,0,0,0
635,1,1,0,0,0,0,0,0,0,0,0
637,1,1,0,0,0,0,0,0,0,0,0
638,1,1,0,0,0,0,0,0,0,0,0
636,1,3,0,0,0,634,2,3,0,0,0
634,2,3,0,0,0,0,0,0,0,0,0
1220,0,0,0,0,0,0,0,0,0,0,0
1220,0,1,0,0,0,0,0,0,0,0,0
1220,2,3,0,0,0,0,0,0,0,0,0
1221,1,1,0,0,0,0,0,0,0,0,0
1222,1,1,0,0,0,0,0,0,0,0,0
1222,2,3,0,0,0,0,0,0,0,0,0
1222,1,3,0,0,0,1223,2,3,0,0,0
1223,1,1,0,0,0,0,0,0,0,0,0
1223,2,3,0,0,0,0,0,0,0,0,0
1224,1,3,0,0,0,1225,2,3,0,0,0
1226,1,1,0,0,0,0,0,0,0,0,0
1227,1,1,0,0,0,1220,2,3,0,0,0
1228,0,0,0,0,0,0,0,0,0,0,0
1228,2,3,0,0,0,0,0,0,0,0,0
1116,0,0,0,0,0,0,0,0,0,0,0
1116,0,1,0,0,0,0,0,0,0,0,0
1117,1,1,0,0,0,0,0,0,0,0,0
1118,1,1,0,0,0,0,0,0,0,0,0
1119,1,1,0,0,0,0,0,0,0,0,0
1120,1,1,0,0,0,0,0,0,0,0,0
1121,1,1,0,0,0,1116,2,3,0,0,0
0,0,0,0,0,0,1121,1,1,0,0,0
1122,0,0,0,0,0,0,0,0,0,0,0
1122,0,1,0,0,0,0,0,0,0,0,0
1123,1,1,0,0,0,0,0,0,0,0,0
1124,1,1,0,0,0,0,0,0,0,0,0
1125,1,1,0,0,0,0,0,0,0,0,0
1123,1,3,0,0,0,1125,2,3,0,0,0
1122,0,1,0,0,0,1125,2,3,0,0,0
1126,1,3,0,0,0,1122,2,3,0,0,0
1127,0,0,0,0,0,0,0,0,0,0,0
1127,0,1,0,0,0,0,0,0,0,0,0
1127,1,1,0,0,0,0,0,0,0,0,0
1128,1,1,0,0,0,0,0,0,0,0,0
1128,1,1,0,0,0,1130,2,3,0,0,0
1129,1,1,0,0,0,0,0,0,0,0,0
1130,1,1,0,0,0,0,0,0,0,0,0
1131,1,1,0,0,0,0,0,0,0,0,0
1130,1,1,0,0,0,1127,2,3,0,0,0
1229,1,1,0,0,0,0,0,0,0,0,0
1229,2,3,0,0,0,0,0,0,0,0,0
1230,1,3,0,0,0,1231,2,3,0,0,0
1232,1,1,0,0,0,0,0,0,0,0,0
1233,1,1,0,0,0,0,0,0,0,0,0
1234,1,1,0,0,0,0,0,0,0,0,0
1263,0,0,0,0,0,0,0,0,0,0,0
1264,1,3,0,0,0,1263,2,3,0,0,0
1284,0,0,0,0,0,0,0,0,0,0,0
1285,1,1,0,0,0,0,0,0,0,0,0
1285,1,3,0,0,0,1284,2,3,0,0,0
1286,1,3,0,0,0,1284,2,3,0,0,0
1287,1,1,0,0,0,0,0,0,0,0,0
1288,1,1,0,0,0,0,0,0,0,0,0
1289,1,1,0,0,0,0,0,0,0,0,0
1288,1,3,0,0,0,1289,2,3,0,0,0
1284,2,3,0,0,0,0,0,0,0,0,0
1284,1,3,0,0,0,0,0,0,0,0,0
1290,0,0,0,0,0,0,0,0,0,0,0
1292,1,1,0,0,0,1290,2,3,0,0,0
1290,0,1,0,0,0,0,0,0,0,0,0
1290,2,3,0,0,0,0,0,0,0,0,0
1291,1,1,0,0,0,0,0,0,0,0,0
1291,1,3,0,0,0,1290,2,3,0,0,0
1290,1,1,0,0,0,0,0,0,0,0,0
1377,0,0,0,0,0,0,0,0,0,0,0
1377,0,1,0,0,0,0,0,0,0,0,0
1378,1,1,0,0,0,0,0,0,0,0,0
1379,1,1,0,0,0,0,0,0,0,0,0
1378,1,3,0,0,0,1379,2,3,0,0,0
1380,1,1,0,0,0,0,0,0,0,0,0
1381,1,1,0,0,0,0,0,0,0,0,0
1379,1,3,0,0,0,1377,2,3,0,0,0
1377,1,1,0,0,0,0,0,0,0,0,0
1377,2,3,0,0,0,0,0,0,0,0,0
1382,0,0,0,0,0,0,0,0,0,0,0
1383,1,1,0,0,0,0,0,0,0,0,0
1384,1,3,0,0,0,1382,2,3,0,0,0
1382,0,1,0,0,0,0,0,0,0,0,0
1382,2,3,0,0,0,0,0,0,0,0,0
1382,1,1,0,0,0,0,0,0,0,0,0
951,2,2,0,0,0,0,0,0,0,0,0
951,3,3,0,0,0,0,0,0,0,0,0
956,1,3,0,0,0,951,2,3,0,0,0
528,1,3,0,0,0,527,2,3,528,3,3
570,2,2,0,0,0,0,0,0,0,0,0
570,3,3,0,0,0,0,0,0,0,0,0
575,1,1,0,0,0,581,2,3,576,3,3
575,2,2,0,0,0,0,0,0,0,0,0
575,3,3,0,0,0,0,0,0,0,0,0
747,2,2,0,0,0,0,0,0,0,0,0
747,3,3,0,0,0,0,0,0,0,0,0
527,1,1,0,0,0,0,0,0,0,0,0
527,2,2,0,0,0,0,0,0,0,0,0
527,3,3,0,0,0,0,0,0,0,0,0
952,0,3,0,0,0,954,2,3,0,0,0
959,1,3,0,0,0,964,2,3,0,0,0
528,1,3,0,0,0,531,2,3,528,3,3
528,1,3,0,0,0,534,2,3,0,0,0
538,1,1,0,0,0,543,2,3,0,0,0
870,1,3,0,0,0,872,2,3,0,0,0
874,0,1,0,0,0,878,2,3,0,0,0
1319,0,0,0,0,0,0,0,0,0,0,0
1320,1,1,0,0,0,1319,2,3,0,0,0
1320,1,3,0,0,0,1322,2,3,0,0,0
1320,1,1,0,0,0,0,0,0,0,0,0
1321,1,1,0,0,0,0,0,0,0,0,0
1322,1,1,0,0,0,0,0,0,0,0,0
1323,1,1,0,0,0,0,0,0,0,0,0
1325,1,1,0,0,0,0,0,0,0,0,0
1319,2,3,0,0,0,0,0,0,0,0,0
1326,0,0,0,0,0,0,0,0,0,0,0
0,0,0,0,0,0,1326,1,1,0,0,0
1328,1,1,0,0,0,0,0,0,0,0,0
1329,1,1,0,0,0,0,0,0,0,0,0
1329,1,3,0,0,0,1326,2,3,0,0,0
1326,2,3,0,0,0,0,0,0,0,0,0
1331,1,1,0,0,0,0,0,0,0,0,0
1364,0,0,0,0,0,0,0,0,0,0,0
1365,1,1,0,0,0,0,0,0,0,0,0
1366,1,1,0,0,0,0,0,0,0,0,0
1367,1,3,0,0,0,1364,2,3,0,0,0
1293,0,0,0,0,0,0,0,0,0,0,0
1364,2,3,0,0,0,0,0,0,0,0,0
1294,1,1,0,0,0,0,0,0,0,0,0
1295,1,1,0,0,0,0,0,0,0,0,0
1296,1,1,0,0,0,0,0,0,0,0,0
1297,1,1,0,0,0,0,0,0,0,0,0
1298,1,1,0,0,0,0,0,0,0,0,0
1293,1,1,0,0,0,0,0,0,0,0,0
1294,1,3,0,0,0,1293,2,3,0,0,0
1295,1,3,0,0,0,1293,2,3,0,0,0
1364,0,1,0,0,0,0,0,0,0,0,0
729,2,3,0,0,0,0,0,0,0,0,0
769,2,2,0,0,0,0,0,0,0,0,0
769,3,3,0,0,0,0,0,0,0,0,0
757,2,2,0,0,0,0,0,0,0,0,0
757,3,3,0,0,0,0,0,0,0,0,0
850,0,1,0,0,0,0,0,0,0,0,0
134,0,1,0,0,0,0,0,0,0,0,0
1221,1,3,0,0,0,1222,2,3,0,0,0
1230,1,3,0,0,0,1234,1,3,1232,1,1
1116,0,1,0,0,0,1120,2,3,0,0,0
1116,2,3,0,0,0,0,0,0,0,0,0
1152,0,1,0,0,0,0,0,0,0,0,0
1152,1,1,0,0,0,0,0,0,0,0,0
1143,0,0,0,0,0,0,0,0,0,0,0
1143,0,1,0,0,0,0,0,0,0,0,0
1143,1,1,0,0,0,0,0,0,0,0,0
1145,1,3,0,0,0,1662,2,3,1480,1,1
1662,1,1,0,0,0,0,0,0,0,0,0
1143,2,3,0,0,0,0,0,0,0,0,0
1133,0,0,0,0,0,0,0,0,0,0,0
1133,0,1,0,0,0,0,0,0,0,0,0
1134,1,1,0,0,0,0,0,0,0,0,0
1135,1,1,0,0,0,0,0,0,0,0,0
1136,1,1,0,0,0,0,0,0,0,0,0
1137,1,1,0,0,0,0,0,0,0,0,0
1116,0,3,0,0,0,1121,1,1,0,0,0
0,0,0,0,0,0,1121,1,1,0,0,0
1121,1,1,0,0,0,0,0,0,0,0,0
1292,1,1,0,0,0,0,0,0,0,0,0
1122,2,3,0,0,0,0,0,0,0,0,0
1263,2,3,0,0,0,0,0,0,0,0,0
1299,1,1,0,0,0,0,0,0,0,0,0
129,0,1,0,0,0,130,2,3,0,0,0
129,0,1,0,0,0,0,0,0,0,0,0
131,1,1,0,0,0,0,0,0,0,0,0
132,1,1,0,0,0,0,0,0,0,0,0
133,1,1,0,0,0,0,0,0,0,0,0
129,2,3,0,0,0,0,0,0,0,0,0
139,0,1,0,0,0,0,0,0,0,0,0
139,2,3,0,0,0,0,0,0,0,0,0
142,2,3,0,0,0,0,0,0,0,0,0
142,2,2,0,0,0,0,0,0,0,0,0
142,3,3,0,0,0,0,0,0,0,0,0
1249,1,3,0,0,0,1250,2,3,0,0,0
1251,1,3,0,0,0,1252,2,3,0,0,0
1250,1,1,0,0,0,0,0,0,0,0,0
1251,1,1,0,0,0,0,0,0,0,0,0
1252,1,1,0,0,0,0,0,0,0,0,0
1253,1,1,0,0,0,0,0,0,0,0,0
1254,1,1,0,0,0,0,0,0,0,0,0
1248,2,3,0,0,0,0,0,0,0,0,0
1248,2,3,0,0,0,1255,1,3,0,0,0
1248,0,0,0,0,0,0,0,0,0,0,0
1201,0,1,0,0,0,0,0,0,0,0,0
1201,0,0,0,0,0,0,0,0,0,0,0
1202,1,1,0,0,0,0,0,0,0,0,0
1203,1,1,0,0,0,0,0,0,0,0,0
1204,1,1,0,0,0,0,0,0,0,0,0
1205,1,1,0,0,0,0,0,0,0,0,0
1206,1,1,0,0,0,0,0,0,0,0,0
1207,1,1,0,0,0,0,0,0,0,0,0
1208,1,1,0,0,0,0,0,0,0,0,0
1209,1,1,0,0,0,0,0,0,0,0,0
1204,1,3,0,0,0,1205,2,3,0,0,0
1207,1,3,0,0,0,1208,2,3,0,0,0
1201,2,3,0,0,0,0,0,0,0,0,0
1211,1,1,0,0,0,0,0,0,0,0,0
1212,1,1,0,0,0,0,0,0,0,0,0
1213,1,1,0,0,0,0,0,0,0,0,0
1211,1,3,0,0,0,1213,2,3,0,0,0
1212,1,3,0,0,0,1213,2,3,0,0,0
1210,2,3,0,0,0,0,0,0,0,0,0
1210,0,0,0,0,0,0,0,0,0,0,0
1242,1,1,0,0,0,0,0,0,0,0,0
1243,1,1,0,0,0,0,0,0,0,0,0
1244,1,1,0,0,0,0,0,0,0,0,0
1245,1,1,0,0,0,0,0,0,0,0,0
1246,1,1,0,0,0,0,0,0,0,0,0
1247,1,1,0,0,0,0,0,0,0,0,0
1243,1,3,0,0,0,1244,2,3,0,0,0
1241,2,3,0,0,0,0,0,0,0,0,0
1241,0,0,0,0,0,0,0,0,0,0,0
154,0,1,0,0,0,156,2,3,0,0,0
154,0,1,0,0,0,0,0,0,0,0,0
157,1,1,0,0,0,0,0,0,0,0,0
158,1,1,0,0,0,0,0,0,0,0,0
159,1,1,0,0,0,0,0,0,0,0,0
1062,0,0,0,0,0,0,0,0,0,0,0
1064,1,1,0,0,0,0,0,0,0,0,0
1065,1,1,0,0,0,0,0,0,0,0,0
1066,1,1,0,0,0,0,0,0,0,0,0
1067,1,1,0,0,0,0,0,0,0,0,0
1068,1,1,0,0,0,0,0,0,0,0,0
1069,1,1,0,0,0,0,0,0,0,0,0
1063,2,3,0,0,0,1062,2,3,0,0,0
288,1,1,0,0,0,0,0,0,0,0,0
289,1,1,0,0,0,0,0,0,0,0,0
290,1,3,0,0,0,288,2,3,0,0,0
291,1,1,0,0,0,0,0,0,0,0,0
294,1,1,0,0,0,0,0,0,0,0,0
0,0,0,0,0,0,0,0,0,0,0,0
0,0,0,0,0,0,0,0,0,0,0,0
0,0,0,0,0,0,0,0,0,0,0,0
0,0,0,0,0,0,0,0,0,0,0,0
0,0,0,0,0,0,0,0,0,0,0,0
0,0,0,0,0,0,0,0,0,0,0,0
0,0,0,0,0,0,0,0,0,0,0,0
0,0,0,0,0,0,0,0,0,0,0,0
1206,0,0,1209,0,0,0,0,0,0,0,0
160,0,1,0,0,0,0,0,0,0,0,0
160,0,0,0,0,0,0,0,0,0,0,0
160,2,3,0,0,0,0,0,0,0,0,0
160,0,1,0,0,0,161,2,3,0,0,0
162,1,1,0,0,0,0,0,0,0,0,0
163,1,1,0,0,0,0,0,0,0,0,0
164,1,1,0,0,0,0,0,0,0,0,0
165,0,1,0,0,0,167,2,3,0,0,0
166,1,3,0,0,0,169,2,3,0,0,0
168,1,1,0,0,0,0,0,0,0,0,0
169,1,1,0,0,0,0,0,0,0,0,0
170,1,1,0,0,0,0,0,0,0,0,0
171,1,1,0,0,0,0,0,0,0,0,0
165,2,3,0,0,0,0,0,0,0,0,0
154,2,3,0,0,0,0,0,0,0,0,0
229,0,1,0,0,0,0,0,0,0,0,0
230,1,1,0,0,0,0,0,0,0,0,0
232,1,1,0,0,0,0,0,0,0,0,0
234,1,1,0,0,0,0,0,0,0,0,0
229,2,3,0,0,0,0,0,0,0,0,0
229,0,0,0,0,0,0,0,0,0,0,0
236,0,0,0,0,0,0,0,0,0,0,0
236,0,1,0,0,0,0,0,0,0,0,0
237,1,1,0,0,0,0,0,0,0,0,0
238,1,1,0,0,0,0,0,0,0,0,0
239,1,1,0,0,0,0,0,0,0,0,0
240,1,1,0,0,0,0,0,0,0,0,0
236,2,3,0,0,0,0,0,0,0,0,0
244,0,1,0,0,0,0,0,0,0,0,0
245,1,3,0,0,0,249,2,3,0,0,0
247,1,1,0,0,0,0,0,0,0,0,0
248,1,1,0,0,0,0,0,0,0,0,0
244,0,0,0,0,0,0,0,0,0,0,0
427,0,0,0,0,0,0,0,0,0,0,0
427,0,1,0,0,0,0,0,0,0,0,0
427,2,3,0,0,0,0,0,0,0,0,0
428,1,3,0,0,0,431,2,3,0,0,0
432,0,1,0,0,0,0,0,0,0,0,0
432,0,1,0,0,0,434,2,3,0,0,0
433,1,3,0,0,0,434,2,3,0,0,0
432,0,1,0,0,0,436,2,3,0,0,0
435,1,3,0,0,0,436,2,3,0,0,0
436,1,3,0,0,0,438,2,3,0,0,0
435,1,1,0,0,0,0,0,0,0,0,0
433,1,3,0,0,0,438,2,3,0,0,0
436,1,1,0,0,0,0,0,0,0,0,0
437,1,1,0,0,0,0,0,0,0,0,0
432,2,3,0,0,0,0,0,0,0,0,0
432,0,0,0,0,0,0,0,0,0,0,0
468,1,3,0,0,0,467,2,3,0,0,0
468,1,1,0,0,0,0,0,0,0,0,0
469,1,1,0,0,0,0,0,0,0,0,0
470,1,1,0,0,0,0,0,0,0,0,0
471,1,1,0,0,0,0,0,0,0,0,0
472,1,1,0,0,0,0,0,0,0,0,0
473,1,1,0,0,0,0,0,0,0,0,0
475,1,1,0,0,0,0,0,0,0,0,0
469,1,3,0,0,0,471,2,3,0,0,0
472,1,3,0,0,0,474,2,3,0,0,0
484,0,1,0,0,0,0,0,0,0,0,0
485,1,1,0,0,0,0,0,0,0,0,0
484,2,3,0,0,0,0,0,0,0,0,0
484,0,0,0,0,0,0,0,0,0,0,0
509,1,1,0,0,0,0,0,0,0,0,0
509,1,3,0,0,0,510,2,3,0,0,0
510,1,1,0,0,0,0,0,0,0,0,0
511,1,1,0,0,0,0,0,0,0,0,0
508,0,1,0,0,0,0,0,0,0,0,0
508,2,3,0,0,0,0,0,0,0,0,0
513,1,1,0,0,0,0,0,0,0,0,0
513,1,3,0,0,0,514,2,3,0,0,0
514,1,1,0,0,0,0,0,0,0,0,0
515,1,1,0,0,0,0,0,0,0,0,0
512,0,1,0,0,0,0,0,0,0,0,0
512,2,3,0,0,0,0,0,0,0,0,0
517,1,3,0,0,0,518,2,3,0,0,0
517,1,1,0,0,0,0,0,0,0,0,0
518,1,1,0,0,0,0,0,0,0,0,0
519,1,1,0,0,0,0,0,0,0,0,0
520,1,1,0,0,0,0,0,0,0,0,0
521,1,1,0,0,0,0,0,0,0,0,0
516,2,2,0,0,0,0,0,0,0,0,0
516,3,3,0,0,0,0,0,0,0,0,0
522,0,1,0,0,0,0,0,0,0,0,0
522,1,1,0,0,0,0,0,0,0,0,0
523,1,1,0,0,0,0,0,0,0,0,0
524,1,1,0,0,0,0,0,0,0,0,0
525,1,1,0,0,0,0,0,0,0,0,0
526,1,1,0,0,0,0,0,0,0,0,0
523,1,3,0,0,0,525,2,3,0,0,0
548,1,1,0,0,0,0,0,0,0,0,0
549,0,1,0,0,0,552,2,3,0,0,0
549,0,0,0,0,0,0,0,0,0,0,0
550,1,3,0,0,0,551,2,3,0,0,0
551,1,1,0,0,0,0,0,0,0,0,0
552,1,1,0,0,0,0,0,0,0,0,0
552,1,3,0,0,0,553,2,3,0,0,0
553,1,1,0,0,0,0,0,0,0,0,0
554,1,1,0,0,0,0,0,0,0,0,0
554,1,3,0,0,0,549,2,3,0,0,0
549,2,3,0,0,0,0,0,0,0,0,0
673,0,0,0,0,0,0,0,0,0,0,0
674,1,1,0,0,0,0,0,0,0,0,0
675,1,1,0,0,0,0,0,0,0,0,0
676,1,1,0,0,0,0,0,0,0,0,0
677,1,1,0,0,0,0,0,0,0,0,0
678,1,1,0,0,0,0,0,0,0,0,0
675,1,3,0,0,0,677,2,3,0,0,0
678,0,0,0,0,0,0,0,0,0,0,0
673,2,3,0,0,0,0,0,0,0,0,0
673,1,1,0,0,0,0,0,0,0,0,0
598,0,1,0,0,0,0,0,0,0,0,0
599,1,1,0,0,0,0,0,0,0,0,0
602,1,1,0,0,0,0,0,0,0,0,0
603,1,1,0,0,0,0,0,0,0,0,0
605,1,1,0,0,0,0,0,0,0,0,0
607,0,1,0,0,0,0,0,0,0,0,0
608,1,1,0,0,0,0,0,0,0,0,0
609,1,1,0,0,0,0,0,0,0,0,0
610,1,3,0,0,0,612,2,3,0,0,0
611,1,1,0,0,0,0,0,0,0,0,0
613,1,1,0,0,0,0,0,0,0,0,0
682,0,1,0,0,0,683,2,3,0,0,0
683,1,1,0,0,0,0,0,0,0,0,0
684,1,1,0,0,0,0,0,0,0,0,0
685,1,1,0,0,0,0,0,0,0,0,0
686,1,1,0,0,0,0,0,0,0,0,0
683,1,3,0,0,0,687,2,3,0,0,0
687,1,1,0,0,0,0,0,0,0,0,0
689,1,3,0,0,0,691,2,3,0,0,0
690,1,3,0,0,0,692,2,3,0,0,0
690,1,1,0,0,0,0,0,0,0,0,0
692,1,1,0,0,0,0,0,0,0,0,0
682,2,2,0,0,0,0,0,0,0,0,0
682,3,3,0,0,0,0,0,0,0,0,0
682,0,1,0,0,0,0,0,0,0,0,0
701,0,0,0,0,0,0,0,0,0,0,0
702,1,1,0,0,0,0,0,0,0,0,0
702,1,3,0,0,0,703,2,3,0,0,0
701,2,2,0,0,0,0,0,0,0,0,0
701,3,3,0,0,0,0,0,0,0,0,0
723,0,1,0,0,0,0,0,0,0,0,0
724,1,1,0,0,0,0,0,0,0,0,0
725,1,3,0,0,0,727,2,3,0,0,0
726,1,1,0,0,0,0,0,0,0,0,0
850,0,1,0,0,0,853,2,3,0,0,0
850,0,1,0,0,0,851,2,3,0,0,0
852,1,3,0,0,0,853,2,3,0,0,0
853,1,1,0,0,0,0,0,0,0,0,0
854,1,1,0,0,0,0,0,0,0,0,0
901,0,1,0,0,0,0,0,0,0,0,0
902,1,1,0,0,0,0,0,0,0,0,0
903,1,1,0,0,0,0,0,0,0,0,0
904,1,1,0,0,0,0,0,0,0,0,0
905,1,1,0,0,0,0,0,0,0,0,0
901,2,3,0,0,0,0,0,0,0,0,0
923,0,1,0,0,0,0,0,0,0,0,0
924,1,3,0,0,0,926,2,3,0,0,0
925,1,1,0,0,0,0,0,0,0,0,0
927,1,1,0,0,0,0,0,0,0,0,0
928,1,3,0,0,0,930,1,1,0,0,0
929,1,1,0,0,0,0,0,0,0,0,0
929,1,3,0,0,0,930,2,3,0,0,0
923,2,3,0,0,0,0,0,0,0,0,0
940,0,1,0,0,0,0,0,0,0,0,0
941,1,1,0,0,0,0,0,0,0,0,0
942,1,1,0,0,0,0,0,0,0,0,0
943,1,1,0,0,0,0,0,0,0,0,0
941,1,3,0,0,0,942,2,3,0,0,0
979,0,1,0,0,0,0,0,0,0,0,0
979,1,1,0,0,0,0,0,0,0,0,0
981,1,1,0,0,0,0,0,0,0,0,0
984,1,1,0,0,0,0,0,0,0,0,0
985,1,1,0,0,0,0,0,0,0,0,0
986,1,1,0,0,0,0,0,0,0,0,0
987,1,1,0,0,0,0,0,0,0,0,0
988,1,1,0,0,0,0,0,0,0,0,0
989,1,1,0,0,0,0,0,0,0,0,0
990,1,1,0,0,0,0,0,0,0,0,0
991,1,1,0,0,0,0,0,0,0,0,0
979,2,2,0,0,0,0,0,0,0,0,0
979,3,3,0,0,0,0,0,0,0,0,0
1070,0,0,0,0,0,0,0,0,0,0,0
1062,2,3,0,0,0,0,0,0,0,0,0
1071,1,1,0,0,0,0,0,0,0,0,0
1072,1,1,0,0,0,0,0,0,0,0,0
1073,1,1,0,0,0,0,0,0,0,0,0
1074,1,1,0,0,0,0,0,0,0,0,0
1075,1,1,0,0,0,0,0,0,0,0,0
1076,1,1,0,0,0,0,0,0,0,0,0
1077,1,1,0,0,0,0,0,0,0,0,0
1078,1,1,0,0,0,0,0,0,0,0,0
1070,2,3,0,0,0,0,0,0,0,0,0
1080,1,1,0,0,0,0,0,0,0,0,0
1081,1,1,0,0,0,0,0,0,0,0,0
1082,1,1,0,0,0,0,0,0,0,0,0
1083,1,1,0,0,0,0,0,0,0,0,0
1084,1,1,0,0,0,0,0,0,0,0,0
1085,1,1,0,0,0,0,0,0,0,0,0
1086,1,1,0,0,0,0,0,0,0,0,0
1087,1,1,0,0,0,0,0,0,0,0,0
1085,1,3,0,0,0,1087,2,3,0,0,0
1079,2,3,0,0,0,0,0,0,0,0,0
1089,0,0,0,0,0,0,0,0,0,0,0
1090,1,1,0,0,0,0,0,0,0,0,0
1091,1,1,0,0,0,0,0,0,0,0,0
1092,1,1,0,0,0,0,0,0,0,0,0
1093,1,1,0,0,0,0,0,0,0,0,0
1094,1,1,0,0,0,0,0,0,0,0,0
1095,1,1,0,0,0,0,0,0,0,0,0
1096,1,1,0,0,0,0,0,0,0,0,0
1097,1,1,0,0,0,0,0,0,0,0,0
148,0,0,0,0,0,0,0,0,0,0,0
149,1,1,0,0,0,0,0,0,0,0,0
150,1,1,0,0,0,0,0,0,0,0,0
151,1,1,0,0,0,0,0,0,0,0,0
148,0,1,0,0,0,152,2,3,0,0,0
148,2,3,0,0,0,0,0,0,0,0,0
693,0,0,0,0,0,0,0,0,0,0,0
695,0,0,0,0,0,0,0,0,0,0,0
695,2,3,0,0,0,0,0,0,0,0,0
695,1,1,0,0,0,0,0,0,0,0,0
695,0,1,0,0,0,0,0,0,0,0,0
697,1,3,0,0,0,699,2,3,0,0,0
697,1,1,0,0,0,0,0,0,0,0,0
699,1,1,0,0,0,0,0,0,0,0,0
799,0,3,0,0,0,800,2,3,0,0,0
801,1,3,0,0,0,802,2,3,0,0,0
803,1,1,0,0,0,0,0,0,0,0,0
804,1,1,0,0,0,0,0,0,0,0,0
805,1,1,0,0,0,0,0,0,0,0,0
806,1,1,0,0,0,0,0,0,0,0,0
807,1,1,0,0,0,0,0,0,0,0,0
808,1,1,0,0,0,0,0,0,0,0,0
809,1,1,0,0,0,0,0,0,0,0,0
1277,1,1,0,0,0,0,0,0,0,0,0
1278,0,0,0,0,0,0,0,0,0,0,0
1279,1,3,0,0,0,1283,2,3,0,0,0
1281,1,1,0,0,0,0,0,0,0,0,0
1282,1,1,0,0,0,0,0,0,0,0,0
0,0,0,0,0,0,1282,1,1,0,0,0
1278,2,3,0,0,0,0,0,0,0,0,0
1332,1,1,0,0,0,0,0,0,0,0,0
1333,1,1,0,0,0,0,0,0,0,0,0
1334,1,1,0,0,0,0,0,0,0,0,0
1332,1,3,0,0,0,0,0,0,0,0,0
1332,2,3,0,0,0,0,0,0,0,0,0
1336,1,1,0,0,0,0,0,0,0,0,0
1337,1,1,0,0,0,0,0,0,0,0,0
1338,1,1,0,0,0,0,0,0,0,0,0
1339,1,1,0,0,0,0,0,0,0,0,0
1340,1,1,0,0,0,0,0,0,0,0,0
1335,1,3,0,0,0,0,0,0,0,0,0
1338,1,3,0,0,0,1335,2,3,0,0,0
1338,1,3,0,0,0,1339,2,3,0,0,0
1335,2,3,0,0,0,0,0,0,0,0,0
0,0,0,0,0,0,1335,1,1,0,0,0
1547,0,0,0,0,0,0,0,0,0,0,0
1548,1,3,0,0,0,1551,2,3,0,0,0
1548,1,3,0,0,0,1550,2,3,0,0,0
1549,1,1,0,0,0,0,0,0,0,0,0
1547,2,3,0,0,0,0,0,0,0,0,0
1547,1,1,0,0,0,0,0,0,0,0,0
1547,0,1,0,0,0,0,0,0,0,0,0
1552,0,0,0,0,0,0,0,0,0,0,0
1553,1,1,0,0,0,0,0,0,0,0,0
1554,1,1,0,0,0,0,0,0,0,0,0
1555,1,1,0,0,0,0,0,0,0,0,0
1556,1,1,0,0,0,0,0,0,0,0,0
1552,2,3,0,0,0,0,0,0,0,0,0
1557,0,0,0,0,0,0,0,0,0,0,0
1558,1,3,0,0,0,1562,2,3,0,0,0
1558,1,1,0,0,0,0,0,0,0,0,0
1559,1,1,0,0,0,0,0,0,0,0,0
1560,1,1,0,0,0,0,0,0,0,0,0
1561,1,1,0,0,0,0,0,0,0,0,0
1562,1,1,0,0,0,0,0,0,0,0,0
1563,1,1,0,0,0,0,0,0,0,0,0
1557,2,3,0,0,0,0,0,0,0,0,0
1385,0,0,0,0,0,0,0,0,0,0,0
1386,1,3,0,0,0,1387,2,3,0,0,0
1388,1,1,0,0,0,0,0,0,0,0,0
1389,1,1,0,0,0,0,0,0,0,0,0
1390,1,1,0,0,0,0,0,0,0,0,0
1389,1,3,0,0,0,1392,2,3,0,0,0
1389,1,3,0,0,0,1391,2,3,0,0,0
1385,1,1,0,0,0,0,0,0,0,0,0
1385,2,3,0,0,0,0,0,0,0,0,0
1394,1,1,0,0,0,0,0,0,0,0,0
1395,1,1,0,0,0,0,0,0,0,0,0
1396,1,1,0,0,0,0,0,0,0,0,0
1397,1,1,0,0,0,0,0,0,0,0,0
1398,1,1,0,0,0,0,0,0,0,0,0
1399,1,1,0,0,0,0,0,0,0,0,0
1400,1,1,0,0,0,0,0,0,0,0,0
1402,1,1,0,0,0,0,0,0,0,0,0
1403,1,1,0,0,0,0,0,0,0,0,0
1404,1,1,0,0,0,0,0,0,0,0,0
1396,1,3,0,0,0,1393,2,3,0,0,0
1402,1,3,0,0,0,1393,2,3,0,0,0
1393,2,3,0,0,0,0,0,0,0,0,0
1409,1,1,0,0,0,0,0,0,0,0,0
1410,1,1,0,0,0,0,0,0,0,0,0
1411,1,1,0,0,0,0,0,0,0,0,0
1412,1,1,0,0,0,0,0,0,0,0,0
1413,1,1,0,0,0,0,0,0,0,0,0
1414,1,1,0,0,0,0,0,0,0,0,0
1405,0,0,0,0,0,0,0,0,0,0,0
1409,1,3,0,0,0,1411,2,3,0,0,0
1412,1,3,0,0,0,1414,2,3,0,0,0
0,0,0,0,0,0,1409,1,3,1405,2,3
1415,0,0,0,0,0,0,0,0,0,0,0
1416,1,1,0,0,0,0,0,0,0,0,0
1417,1,1,0,0,0,0,0,0,0,0,0
1417,1,3,0,0,0,1418,2,3,0,0,0
1417,1,3,0,0,0,1420,2,3,0,0,0
1418,1,1,0,0,0,0,0,0,0,0,0
1419,1,1,0,0,0,0,0,0,0,0,0
1420,1,1,0,0,0,0,0,0,0,0,0
1419,1,3,0,0,0,1420,2,3,0,0,0
1419,1,3,0,0,0,1415,2,3,0,0,0
1422,1,3,0,0,0,1428,2,3,0,0,0
1424,1,3,0,0,0,1427,2,3,0,0,0
1425,1,1,0,0,0,0,0,0,0,0,0
1426,1,1,0,0,0,0,0,0,0,0,0
1427,1,1,0,0,0,0,0,0,0,0,0
1426,1,3,0,0,0,1427,2,3,0,0,0
1415,1,1,0,0,0,0,0,0,0,0,0
1417,1,3,0,0,0,1415,2,3,0,0,0
1415,2,3,0,0,0,0,0,0,0,0,0
1430,0,0,0,0,0,0,0,0,0,0,0
1430,1,1,0,0,0,0,0,0,0,0,0
1431,1,1,0,0,0,0,0,0,0,0,0
1432,1,1,0,0,0,0,0,0,0,0,0
1433,1,1,0,0,0,0,0,0,0,0,0
1434,1,1,0,0,0,0,0,0,0,0,0
1435,1,1,0,0,0,0,0,0,0,0,0
1434,1,3,0,0,0,1435,2,3,0,0,0
1430,2,3,0,0,0,0,0,0,0,0,0
1469,0,0,0,0,0,0,0,0,0,0,0
1470,1,1,0,0,0,0,0,0,0,0,0
1471,1,1,0,0,0,0,0,0,0,0,0
1472,1,1,0,0,0,0,0,0,0,0,0
1473,1,1,0,0,0,0,0,0,0,0,0
1474,1,1,0,0,0,0,0,0,0,0,0
1469,2,3,0,0,0,0,0,0,0,0,0
1436,0,0,0,0,0,0,0,0,0,0,0
1437,1,1,0,0,0,0,0,0,0,0,0
1438,1,1,0,0,0,0,0,0,0,0,0
1439,1,1,0,0,0,0,0,0,0,0,0
1440,1,1,0,0,0,0,0,0,0,0,0
1442,1,1,0,0,0,0,0,0,0,0,0
1443,1,1,0,0,0,0,0,0,0,0,0
1437,1,3,0,0,0,1438,2,3,0,0,0
1436,1,1,0,0,0,0,0,0,0,0,0
0,0,0,0,0,0,1442,1,3,0,0,0
1436,2,2,0,0,0,0,0,0,0,0,0
1436,3,3,0,0,0,0,0,0,0,0,0
1436,2,3,0,0,0,0,0,0,0,0,0
1475,0,0,0,0,0,0,0,0,0,0,0
1476,1,1,0,0,0,0,0,0,0,0,0
1477,1,3,0,0,0,1478,2,3,0,0,0
0,0,0,0,0,0,0,0,0,0,0,0
1480,1,3,0,0,0,1481,2,3,0,0,0
0,0,0,0,0,0,0,0,0,0,0,0
1482,1,3,0,0,0,1483,2,3,0,0,0
1478,1,1,0,0,0,0,0,0,0,0,0
0,0,0,0,0,0,0,0,0,0,0,0
1481,1,1,0,0,0,0,0,0,0,0,0
0,0,0,0,0,0,0,0,0,0,0,0
1483,1,1,0,0,0,0,0,0,0,0,0
0,0,0,0,0,0,1479,1,1,0,0,0
0,0,0,0,0,0,1475,1,1,0,0,0
1475,2,3,0,0,0,0,0,0,0,0,0
1479,0,0,0,0,0,0,0,0,0,0,0
1479,2,3,0,0,0,0,0,0,0,0,0
1445,0,0,0,0,0,0,0,0,0,0,0
0,0,0,0,0,0,1445,1,1,0,0,0
1447,1,1,0,0,0,0,0,0,0,0,0
1448,1,3,0,0,0,1450,2,3,0,0,0
1448,1,1,0,0,0,0,0,0,0,0,0
1449,1,1,0,0,0,0,0,0,0,0,0
1450,1,1,0,0,0,0,0,0,0,0,0
1445,2,3,0,0,0,0,0,0,0,0,0
1484,1,1,0,0,0,0,0,0,0,0,0
1485,1,1,0,0,0,0,0,0,0,0,0
1490,0,0,0,0,0,0,0,0,0,0,0
1491,1,3,0,0,0,1495,2,3,0,0,0
1491,1,1,0,0,0,0,0,0,0,0,0
1492,1,3,0,0,0,1495,2,3,0,0,0
1492,1,1,0,0,0,0,0,0,0,0,0
1493,1,1,0,0,0,0,0,0,0,0,0
1494,1,1,0,0,0,0,0,0,0,0,0
1495,1,1,0,0,0,0,0,0,0,0,0
1490,2,3,0,0,0,0,0,0,0,0,0
1451,1,1,0,0,0,0,0,0,0,0,0
1452,1,1,0,0,0,0,0,0,0,0,0
1453,1,1,0,0,0,0,0,0,0,0,0
1454,1,1,0,0,0,0,0,0,0,0,0
1459,1,1,0,0,0,0,0,0,0,0,0
1460,1,1,0,0,0,0,0,0,0,0,0
1461,1,1,0,0,0,0,0,0,0,0,0
1451,0,3,0,0,0,1451,1,1,0,0,0
1502,0,0,0,0,0,0,0,0,0,0,0
1503,1,1,0,0,0,0,0,0,0,0,0
1504,1,1,0,0,0,0,0,0,0,0,0
1505,1,1,0,0,0,0,0,0,0,0,0
1506,1,1,0,0,0,0,0,0,0,0,0
1502,2,3,0,0,0,0,0,0,0,0,0
1496,0,1,0,0,0,0,0,0,0,0,0
1496,1,1,0,0,0,0,0,0,0,0,0
0,0,0,0,0,0,1496,1,1,0,0,0
1497,1,1,0,0,0,0,0,0,0,0,0
1498,1,1,0,0,0,0,0,0,0,0,0
1499,1,1,0,0,0,0,0,0,0,0,0
1500,1,1,0,0,0,0,0,0,0,0,0
1501,1,1,0,0,0,0,0,0,0,0,0
1499,1,3,0,0,0,1501,2,3,0,0,0
1497,1,3,0,0,0,1500,2,3,0,0,0
1496,2,3,0,0,0,0,0,0,0,0,0
1235,1,1,0,0,0,0,0,0,0,0,0
0,0,0,0,0,0,1235,1,1,0,0,0
1236,1,1,0,0,0,0,0,0,0,0,0
1237,1,1,0,0,0,0,0,0,0,0,0
1238,1,1,0,0,0,0,0,0,0,0,0
1239,1,1,0,0,0,0,0,0,0,0,0
1240,1,1,0,0,0,0,0,0,0,0,0
1237,1,3,0,0,0,1239,2,3,0,0,0
1507,0,0,0,0,0,0,0,0,0,0,0
1507,1,1,0,0,0,0,0,0,0,0,0
1508,1,2,0,0,0,1509,2,3,1508,3,3
1510,1,3,0,0,0,1512,2,3,0,0,0
1513,1,3,0,0,0,1515,2,3,0,0,0
1510,1,3,0,0,0,1512,2,3,0,0,0
1511,1,1,0,0,0,0,0,0,0,0,0
1514,1,1,0,0,0,0,0,0,0,0,0
1507,2,3,0,0,0,0,0,0,0,0,0
1516,0,0,0,0,0,0,0,0,0,0,0
1517,1,3,0,0,0,1519,2,3,0,0,0
1518,1,3,0,0,0,1519,1,1,1521,2,3
1521,1,3,0,0,0,1522,1,1,0,0,0
1518,1,1,0,0,0,0,0,0,0,0,0
1519,1,1,0,0,0,0,0,0,0,0,0
1520,1,1,0,0,0,0,0,0,0,0,0
1521,1,1,0,0,0,0,0,0,0,0,0
1522,1,1,0,0,0,0,0,0,0,0,0
1523,1,1,0,0,0,0,0,0,0,0,0
1516,2,3,0,0,0,0,0,0,0,0,0
1526,0,0,0,0,0,0,0,0,0,0,0
1527,1,1,0,0,0,0,0,0,0,0,0
1528,1,3,0,0,0,1526,2,3,0,0,0
1528,1,1,0,0,0,0,0,0,0,0,0
1528,1,1,0,0,0,1528,2,3,0,0,0
1529,1,1,0,0,0,0,0,0,0,0,0
1530,1,1,0,0,0,0,0,0,0,0,0
1531,1,1,0,0,0,0,0,0,0,0,0
1526,2,3,0,0,0,0,0,0,0,0,0
1533,0,0,0,0,0,0,0,0,0,0,0
1534,1,3,0,0,0,1537,2,3,0,0,0
1534,1,1,0,0,0,0,0,0,0,0,0
1535,1,3,0,0,0,1537,2,3,0,0,0
1537,1,3,0,0,0,1540,2,3,0,0,0
1538,1,3,0,0,0,1540,2,3,0,0,0
1538,1,1,0,0,0,0,0,0,0,0,0
1540,1,1,0,0,0,0,0,0,0,0,0
1533,0,1,0,0,0,0,0,0,0,0,0
1533,2,3,0,0,0,0,0,0,0,0,0
1541,0,0,0,0,0,0,0,0,0,0,0
1541,2,3,0,0,0,0,0,0,0,0,0
1541,1,1,0,0,0,0,0,0,0,0,0
1542,1,1,0,0,0,0,0,0,0,0,0
1543,1,1,0,0,0,0,0,0,0,0,0
1544,1,3,0,0,0,1546,2,3,0,0,0
1544,1,1,0,0,0,0,0,0,0,0,0
1545,1,1,0,0,0,0,0,0,0,0,0
1546,1,1,0,0,0,0,0,0,0,0,0
1255,0,0,0,0,0,0,0,0,0,0,0
1256,1,1,0,0,0,0,0,0,0,0,0
1257,1,1,0,0,0,0,0,0,0,0,0
1258,1,3,0,0,0,0,0,0,0,0,0
1259,1,3,0,0,0,0,0,0,0,0,0
1260,1,1,0,0,0,0,0,0,0,0,0
1262,1,1,0,0,0,0,0,0,0,0,0
1256,1,3,0,0,0,1261,2,3,0,0,0
1257,1,3,0,0,0,1261,2,3,0,0,0
1255,2,3,0,0,0,0,0,0,0,0,0
0,0,0,0,0,0,1255,1,1,0,0,0
1305,0,0,0,0,0,0,0,0,0,0,0
1306,1,1,0,0,0,0,0,0,0,0,0
1307,1,1,0,0,0,0,0,0,0,0,0
1308,1,1,0,0,0,0,0,0,0,0,0
1309,1,1,0,0,0,0,0,0,0,0,0
1310,1,1,0,0,0,0,0,0,0,0,0
1311,1,1,0,0,0,0,0,0,0,0,0
1312,1,1,0,0,0,0,0,0,0,0,0
1305,2,3,0,0,0,0,0,0,0,0,0
1306,1,3,0,0,0,1312,2,3,0,0,0
1313,0,0,0,0,0,0,0,0,0,0,0
1314,1,1,0,0,0,0,0,0,0,0,0
1314,1,3,0,0,0,1317,2,3,0,0,0
1315,1,3,0,0,0,1313,2,3,0,0,0
1315,1,3,0,0,0,1317,2,3,0,0,0
1316,1,1,0,0,0,0,0,0,0,0,0
1317,1,1,0,0,0,0,0,0,0,0,0
0,0,0,0,0,0,1313,1,1,0,0,0
1313,2,3,0,0,0,0,0,0,0,0,0
1341,0,0,0,0,0,0,0,0,0,0,0
1342,1,1,0,0,0,0,0,0,0,0,0
1343,1,3,0,0,0,1348,2,3,0,0,0
1343,1,1,0,0,0,0,0,0,0,0,0
1344,1,3,0,0,0,1346,2,3,0,0,0
1346,1,1,0,0,0,0,0,0,0,0,0
1347,1,1,0,0,0,0,0,0,0,0,0
1348,1,1,0,0,0,0,0,0,0,0,0
1341,2,3,0,0,0,0,0,0,0,0,0
0,0,0,0,0,0,1341,1,1,0,0,0
1349,0,0,0,0,0,0,0,0,0,0,0
1350,1,1,0,0,0,0,0,0,0,0,0
1349,1,1,0,0,0,0,0,0,0,0,0
1351,1,3,0,0,0,1349,2,3,0,0,0
1351,1,3,0,0,0,0,0,0,0,0,0
1357,1,1,0,0,0,0,0,0,0,0,0
1363,1,1,0,0,0,0,0,0,0,0,0
1349,2,3,0,0,0,0,0,0,0,0,0
1369,0,0,0,0,0,0,0,0,0,0,0
1370,1,1,0,0,0,0,0,0,0,0,0
1371,1,1,0,0,0,0,0,0,0,0,0
1372,1,1,0,0,0,0,0,0,0,0,0
1373,1,1,0,0,0,0,0,0,0,0,0
1374,1,1,0,0,0,0,0,0,0,0,0
1375,1,1,0,0,0,0,0,0,0,0,0
0,0,0,0,0,0,1369,1,1,0,0,0
828,1,3,0,0,0,831,2,3,0,0,0
830,1,3,0,0,0,833,2,3,0,0,0
828,1,3,0,0,0,0,0,0,0,0,0
830,1,1,0,0,0,0,0,0,0,0,0
831,1,1,0,0,0,0,0,0,0,0,0
832,1,1,0,0,0,0,0,0,0,0,0
833,1,1,0,0,0,0,0,0,0,0,0
821,1,3,0,0,0,822,2,3,0,0,0
822,1,1,0,0,0,0,0,0,0,0,0
820,1,1,0,0,0,0,0,0,0,0,0
0,0,0,0,0,0,820,1,1,0,0,0
125,2,3,0,0,0,0,0,0,0,0,0
578,1,3,0,0,0,581,2,3,0,0,0
583,1,3,0,0,0,584,2,3,0,0,0
616,1,3,0,0,0,624,2,3,0,0,0
616,1,3,0,0,0,618,2,3,0,0,0
617,1,1,0,0,0,0,0,0,0,0,0
619,1,3,0,0,0,621,2,3,0,0,0
620,1,1,0,0,0,0,0,0,0,0,0
621,1,1,0,0,0,0,0,0,0,0,0
622,1,1,0,0,0,0,0,0,0,0,0
623,1,1,0,0,0,0,0,0,0,0,0
624,1,1,0,0,0,0,0,0,0,0,0
615,0,0,0,0,0,0,0,0,0,0,0
308,0,1,0,0,0,0,0,0,0,0,0
309,1,1,0,0,0,0,0,0,0,0,0
311,1,1,0,0,0,0,0,0,0,0,0
313,1,1,0,0,0,0,0,0,0,0,0
308,0,0,0,0,0,0,0,0,0,0,0
308,2,3,0,0,0,0,0,0,0,0,0
315,0,0,0,0,0,0,0,0,0,0,0
315,0,1,0,0,0,0,0,0,0,0,0
316,1,1,0,0,0,0,0,0,0,0,0
315,2,3,0,0,0,0,0,0,0,0,0
324,0,0,0,0,0,0,0,0,0,0,0
324,0,1,0,0,0,0,0,0,0,0,0
325,1,1,0,0,0,0,0,0,0,0,0
324,2,3,0,0,0,0,0,0,0,0,0
333,0,0,0,0,0,0,0,0,0,0,0
333,0,1,0,0,0,0,0,0,0,0,0
334,1,1,0,0,0,0,0,0,0,0,0
335,1,1,0,0,0,0,0,0,0,0,0
333,2,3,0,0,0,0,0,0,0,0,0
342,0,0,0,0,0,0,0,0,0,0,0
342,0,1,0,0,0,0,0,0,0,0,0
343,1,1,0,0,0,0,0,0,0,0,0
342,2,3,0,0,0,0,0,0,0,0,0
351,0,0,0,0,0,0,0,0,0,0,0
351,0,1,0,0,0,0,0,0,0,0,0
352,1,1,0,0,0,0,0,0,0,0,0
351,2,3,0,0,0,0,0,0,0,0,0
370,0,0,0,0,0,0,0,0,0,0,0
370,2,3,0,0,0,0,0,0,0,0,0
373,0,0,0,0,0,0,0,0,0,0,0
373,2,3,0,0,0,0,0,0,0,0,0
376,0,0,0,0,0,0,0,0,0,0,0
376,2,3,0,0,0,0,0,0,0,0,0
379,0,0,0,0,0,0,0,0,0,0,0
379,2,3,0,0,0,0,0,0,0,0,0
402,0,0,0,0,0,0,0,0,0,0,0
402,0,1,0,0,0,0,0,0,0,0,0
402,0,1,0,0,0,406,2,3,0,0,0
402,1,1,0,0,0,0,0,0,0,0,0
403,1,1,0,0,0,0,0,0,0,0,0
407,1,1,0,0,0,0,0,0,0,0,0
402,2,3,0,0,0,0,0,0,0,0,0
280,0,0,0,0,0,0,0,0,0,0,0
280,2,2,0,0,0,0,0,0,0,0,0
280,3,3,0,0,0,0,0,0,0,0,0
467,0,0,0,0,0,0,0,0,0,0,0
487,0,0,0,0,0,0,0,0,0,0,0
487,0,1,0,0,0,0,0,0,0,0,0
488,1,1,0,0,0,0,0,0,0,0,0
490,1,1,0,0,0,0,0,0,0,0,0
491,1,1,0,0,0,0,0,0,0,0,0
493,1,1,0,0,0,0,0,0,0,0,0
488,1,3,0,0,0,487,2,3,0,0,0
489,1,3,0,0,0,487,2,3,0,0,0
487,2,2,0,0,0,0,0,0,0,0,0
487,3,3,0,0,0,0,0,0,0,0,0
496,0,0,0,0,0,0,0,0,0,0,0
496,2,2,0,0,0,0,0,0,0,0,0
496,3,3,0,0,0,0,0,0,0,0,0
496,0,1,0,0,0,0,0,0,0,0,0
496,1,1,0,0,0,0,0,0,0,0,0
499,1,1,0,0,0,0,0,0,0,0,0
501,1,1,0,0,0,0,0,0,0,0,0
499,1,3,0,0,0,500,2,3,0,0,0
0,0,0,0,0,0,496,1,1,0,0,0
504,0,0,0,0,0,0,0,0,0,0,0
506,1,1,0,0,0,0,0,0,0,0,0
504,1,1,0,0,0,0,0,0,0,0,0
504,2,2,0,0,0,0,0,0,0,0,0
504,3,3,0,0,0,0,0,0,0,0,0
504,2,3,0,0,0,0,0,0,0,0,0
522,0,0,0,0,0,0,0,0,0,0,0
504,0,1,0,0,0,0,0,0,0,0,0
598,0,0,0,0,0,0,0,0,0,0,0
607,0,0,0,0,0,0,0,0,0,0,0
645,0,1,0,0,0,0,0,0,0,0,0
645,0,1,0,0,0,0,0,0,0,0,0
645,2,3,0,0,0,0,0,0,0,0,0
645,0,0,0,0,0,0,0,0,0,0,0
646,1,1,0,0,0,0,0,0,0,0,0
647,1,1,0,0,0,0,0,0,0,0,0
648,1,1,0,0,0,0,0,0,0,0,0
648,1,3,0,0,0,649,2,3,0,0,0
649,1,3,0,0,0,645,2,3,0,0,0
655,0,1,0,0,0,0,0,0,0,0,0
656,0,3,0,0,0,658,2,3,0,0,0
656,1,3,0,0,0,658,2,3,0,0,0
659,1,1,0,0,0,0,0,0,0,0,0
655,0,0,0,0,0,0,0,0,0,0,0
661,1,1,0,0,0,0,0,0,0,0,0
662,1,1,0,0,0,0,0,0,0,0,0
663,1,1,0,0,0,0,0,0,0,0,0
664,1,1,0,0,0,0,0,0,0,0,0
669,1,3,0,0,0,672,2,3,0,0,0
669,1,1,0,0,0,0,0,0,0,0,0
670,1,1,0,0,0,0,0,0,0,0,0
671,1,1,0,0,0,0,0,0,0,0,0
672,1,1,0,0,0,0,0,0,0,0,0
682,0,0,0,0,0,0,0,0,0,0,0
693,2,3,0,0,0,0,0,0,0,0,0
297,0,0,0,0,0,0,0,0,0,0,0
298,1,3,0,0,0,299,2,3,0,0,0
298,1,3,0,0,0,300,2,3,0,0,0
300,1,3,0,0,0,301,2,3,0,0,0
301,1,3,0,0,0,302,2,3,0,0,0
302,1,3,0,0,0,0,0,0,0,0,0
300,1,3,0,0,0,0,0,0,0,0,0
299,2,3,0,0,0,0,0,0,0,0,0
301,1,1,0,0,0,0,0,0,0,0,0
302,1,1,0,0,0,0,0,0,0,0,0
297,2,3,0,0,0,0,0,0,0,0,0
303,0,1,0,0,0,0,0,0,0,0,0
303,1,1,0,0,0,0,0,0,0,0,0
304,1,1,0,0,0,0,0,0,0,0,0
305,1,1,0,0,0,0,0,0,0,0,0
306,1,1,0,0,0,0,0,0,0,0,0
303,0,0,0,0,0,0,0,0,0,0,0
303,2,3,0,0,0,0,0,0,0,0,0
723,0,0,0,0,0,0,0,0,0,0,0
730,1,1,0,0,0,0,0,0,0,0,0
731,1,1,0,0,0,0,0,0,0,0,0
732,1,1,0,0,0,0,0,0,0,0,0
733,1,1,0,0,0,0,0,0,0,0,0
734,1,1,0,0,0,0,0,0,0,0,0
735,1,1,0,0,0,0,0,0,0,0,0
736,1,1,0,0,0,0,0,0,0,0,0
739,1,1,0,0,0,0,0,0,0,0,0
742,1,1,0,0,0,0,0,0,0,0,0
743,1,1,0,0,0,0,0,0,0,0,0
744,1,1,0,0,0,0,0,0,0,0,0
745,1,1,0,0,0,0,0,0,0,0,0
729,0,0,0,0,0,0,0,0,0,0,0
769,0,1,0,0,0,771,2,3,0,0,0
769,0,0,0,0,0,0,0,0,0,0,0
777,0,1,0,0,0,0,0,0,0,0,0
778,1,3,0,0,0,779,2,3,0,0,0
778,1,1,0,0,0,0,0,0,0,0,0
779,1,1,0,0,0,0,0,0,0,0,0
780,1,1,0,0,0,0,0,0,0,0,0
781,1,1,0,0,0,0,0,0,0,0,0
782,1,1,0,0,0,0,0,0,0,0,0
783,1,1,0,0,0,0,0,0,0,0,0
784,1,1,0,0,0,0,0,0,0,0,0
781,1,3,0,0,0,783,2,3,0,0,0
781,1,3,0,0,0,784,2,3,0,0,0
777,0,0,0,0,0,0,0,0,0,0,0
777,2,3,0,0,0,0,0,0,0,0,0
798,0,0,0,0,0,0,0,0,0,0,0
798,2,3,0,0,0,0,0,0,0,0,0
820,0,0,0,0,0,0,0,0,0,0,0
822,1,1,0,0,0,0,0,0,0,0,0
823,1,1,0,0,0,0,0,0,0,0,0
822,1,3,0,0,0,826,2,3,0,0,0
824,1,3,0,0,0,0,0,0,0,0,0
820,2,3,0,0,0,0,0,0,0,0,0
820,0,1,0,0,0,0,0,0,0,0,0
860,0,0,0,0,0,0,0,0,0,0,0
1369,2,3,0,0,0,0,0,0,0,0,0
1369,0,1,0,0,0,0,0,0,0,0,0
827,0,0,0,0,0,0,0,0,0,0,0
827,2,3,0,0,0,0,0,0,0,0,0
834,0,1,0,0,0,0,0,0,0,0,0
834,0,0,0,0,0,0,0,0,0,0,0
835,1,1,0,0,0,0,0,0,0,0,0
836,1,3,0,0,0,847,2,3,0,0,0
836,1,1,0,0,0,0,0,0,0,0,0
838,1,1,0,0,0,0,0,0,0,0,0
840,1,1,0,0,0,0,0,0,0,0,0
842,1,1,0,0,0,0,0,0,0,0,0
844,1,1,0,0,0,0,0,0,0,0,0
846,1,1,0,0,0,0,0,0,0,0,0
848,1,1,0,0,0,0,0,0,0,0,0
849,1,1,0,0,0,0,0,0,0,0,0
911,2,3,0,0,0,0,0,0,0,0,0
1099,2,3,0,0,0,0,0,0,0,0,0
850,0,0,0,0,0,0,0,0,0,0,0
855,0,0,0,0,0,0,0,0,0,0,0
856,1,1,0,0,0,0,0,0,0,0,0
856,1,3,0,0,0,858,2,3,0,0,0
857,1,1,0,0,0,0,0,0,0,0,0
858,1,1,0,0,0,0,0,0,0,0,0
859,1,1,0,0,0,0,0,0,0,0,0
863,0,0,0,0,0,0,0,0,0,0,0
865,1,3,0,0,0,863,2,3,0,0,0
868,0,0,0,0,0,0,0,0,0,0,0
868,0,1,0,0,0,870,2,3,0,0,0
871,1,3,0,0,0,872,2,3,0,0,0
874,0,0,0,0,0,0,0,0,0,0,0
878,1,1,0,0,0,0,0,0,0,0,0
906,0,0,0,0,0,0,0,0,0,0,0
908,1,1,0,0,0,0,0,0,0,0,0
909,1,1,0,0,0,0,0,0,0,0,0
910,1,1,0,0,0,0,0,0,0,0,0
911,0,1,0,0,0,913,2,3,0,0,0
911,0,0,0,0,0,0,0,0,0,0,0
912,1,1,0,0,0,0,0,0,0,0,0
913,1,1,0,0,0,0,0,0,0,0,0
914,1,1,0,0,0,0,0,0,0,0,0
915,1,1,0,0,0,0,0,0,0,0,0
889,0,0,0,0,0,0,0,0,0,0,0
916,0,0,0,0,0,0,0,0,0,0,0
916,1,1,0,0,0,0,0,0,0,0,0
921,1,1,0,0,0,0,0,0,0,0,0
919,1,3,0,0,0,916,2,3,0,0,0
919,1,3,0,0,0,0,0,0,0,0,0
923,0,0,0,0,0,0,0,0,0,0,0
940,0,0,0,0,0,0,0,0,0,0,0
958,1,1,0,0,0,0,0,0,0,0,0
958,1,3,0,0,0,959,2,3,0,0,0
979,0,0,0,0,0,0,0,0,0,0,0
992,0,0,0,0,0,0,0,0,0,0,0
992,1,1,0,0,0,0,0,0,0,0,0
747,0,0,0,0,0,0,0,0,0,0,0
997,0,0,0,0,0,0,0,0,0,0,0
1028,0,0,0,0,0,0,0,0,0,0,0
1028,2,3,0,0,0,0,0,0,0,0,0
1028,0,1,0,0,0,1029,2,3,1464,1,1
1029,1,1,0,0,0,0,0,0,0,0,0
1029,1,3,0,0,0,1030,2,3,0,0,0
1030,1,3,0,0,0,1031,2,3,1466,1,1
1031,1,1,0,0,0,0,0,0,0,0,0
1032,1,3,0,0,0,1033,2,3,0,0,0
1032,1,3,0,0,0,1033,2,3,1466,1,1
1032,1,1,0,0,0,0,0,0,0,0,0
1033,1,1,0,0,0,0,0,0,0,0,0
1034,1,1,0,0,0,0,0,0,0,0,0
1035,0,0,0,0,0,0,0,0,0,0,0
1035,0,1,0,0,0,0,0,0,0,0,0
1035,0,1,0,0,0,1040,2,3,0,0,0
1036,1,3,0,0,0,1035,2,3,0,0,0
1036,1,1,0,0,0,0,0,0,0,0,0
1037,1,1,0,0,0,0,0,0,0,0,0
1040,1,3,0,0,0,1044,2,3,0,0,0
1040,1,1,0,0,0,0,0,0,0,0,0
1041,1,1,0,0,0,0,0,0,0,0,0
1042,1,1,0,0,0,0,0,0,0,0,0
1042,1,3,0,0,0,1043,2,3,0,0,0
1042,1,3,0,0,0,1044,2,3,0,0,0
1044,1,1,0,0,0,0,0,0,0,0,0
1035,2,3,0,0,0,0,0,0,0,0,0
1045,0,0,0,0,0,0,0,0,0,0,0
1045,0,1,0,0,0,0,0,0,0,0,0
1045,0,1,0,0,0,1050,2,3,0,0,0
1046,1,1,0,0,0,0,0,0,0,0,0
1046,1,3,0,0,0,1050,2,3,0,0,0
1047,1,1,0,0,0,0,0,0,0,0,0
1048,1,3,0,0,0,1050,2,3,0,0,0
1051,1,3,0,0,0,1052,2,3,0,0,0
1051,1,3,0,0,0,1053,2,3,0,0,0
1053,1,1,0,0,0,0,0,0,0,0,0
1045,0,1,0,0,0,0,0,0,0,0,0
1045,2,3,0,0,0,0,0,0,0,0,0
1054,0,0,0,0,0,0,0,0,0,0,0
1054,0,1,0,0,0,1060,2,3,0,0,0
1055,1,1,0,0,0,0,0,0,0,0,0
1056,1,1,0,0,0,0,0,0,0,0,0
1057,1,1,0,0,0,0,0,0,0,0,0
1059,1,1,0,0,0,0,0,0,0,0,0
1060,1,1,0,0,0,0,0,0,0,0,0
1061,1,1,0,0,0,0,0,0,0,0,0
1056,1,3,0,0,0,1057,2,3,0,0,0
1055,1,3,0,0,0,1060,2,3,0,0,0
1054,2,3,0,0,0,0,0,0,0,0,0
1054,0,1,0,0,0,0,0,0,0,0,0
1099,0,1,0,0,0,1100,2,3,0,0,0
1100,1,3,0,0,0,1104,2,3,0,0,0
1100,1,1,0,0,0,0,0,0,0,0,0
1101,1,1,0,0,0,0,0,0,0,0,0
1102,1,1,0,0,0,0,0,0,0,0,0
1103,1,1,0,0,0,0,0,0,0,0,0
1104,1,1,0,0,0,0,0,0,0,0,0
1105,0,0,0,0,0,0,0,0,0,0,0
1105,2,3,0,0,0,0,0,0,0,0,0
1105,0,1,0,0,0,0,0,0,0,0,0
1106,1,1,0,0,0,0,0,0,0,0,0
1108,1,1,0,0,0,0,0,0,0,0,0
1110,0,0,0,0,0,0,0,0,0,0,0
1110,2,3,0,0,0,0,0,0,0,0,0
1110,0,1,0,0,0,0,0,0,0,0,0
1115,1,3,0,0,0,1111,2,3,0,0,0
1115,1,3,0,0,0,1113,2,3,0,0,0
1113,1,3,0,0,0,0,0,0,0,0,0
1113,1,1,0,0,0,0,0,0,0,0,0
1114,1,1,0,0,0,0,0,0,0,0,0
1214,0,1,0,0,0,0,0,0,0,0,0
1214,0,0,0,0,0,0,0,0,0,0,0
1214,2,3,0,0,0,0,0,0,0,0,0
1215,1,1,0,0,0,0,0,0,0,0,0
1216,1,3,0,0,0,1217,2,3,0,0,0
1217,1,1,0,0,0,0,0,0,0,0,0
1219,1,1,0,0,0,0,0,0,0,0,0
1089,2,3,0,0,0,0,0,0,0,0,0
1089,0,1,0,0,0,0,0,0,0,0,0
1300,0,0,0,0,0,0,0,0,0,0,0
1300,0,1,0,0,0,0,0,0,0,0,0
1300,2,3,0,0,0,0,0,0,0,0,0
1301,1,1,0,0,0,0,0,0,0,0,0
1302,1,1,0,0,0,0,0,0,0,0,0
1303,1,1,0,0,0,0,0,0,0,0,0
1304,1,1,0,0,0,0,0,0,0,0,0
1269,0,0,0,0,0,0,0,0,0,0,0
1269,2,3,0,0,0,0,0,0,0,0,0
1270,1,1,0,0,0,0,0,0,0,0,0
1271,1,1,0,0,0,0,0,0,0,0,0
1272,1,1,0,0,0,0,0,0,0,0,0
1273,1,1,0,0,0,0,0,0,0,0,0
1274,1,1,0,0,0,0,0,0,0,0,0
1270,1,3,0,0,0,1271,2,3,0,0,0
1464,0,0,0,0,0,0,0,0,0,0,0
1464,2,3,0,0,0,0,0,0,0,0,0
1465,1,1,0,0,0,0,0,0,0,0,0
1466,1,1,0,0,0,0,0,0,0,0,0
1467,1,1,0,0,0,0,0,0,0,0,0
1468,1,1,0,0,0,0,0,0,0,0,0
1467,1,3,0,0,0,1468,2,3,0,0,0
1293,2,3,0,0,0,0,0,0,0,0,0
1293,0,1,0,0,0,0,0,0,0,0,0
1263,0,1,0,0,0,0,0,0,0,0,0
1451,2,3,0,0,0,0,0,0,0,0,0
1451,0,1,0,0,0,0,0,0,0,0,0
1564,0,0,0,0,0,0,0,0,0,0,0
0,0,0,0,0,0,1564,1,1,0,0,0
1564,2,3,0,0,0,0,0,0,0,0,0
1564,1,1,0,0,0,0,0,0,0,0,0
1565,1,3,0,0,0,1566,2,3,0,0,0
1569,1,3,0,0,0,1572,2,3,0,0,0
1566,1,1,0,0,0,0,0,0,0,0,0
1567,1,1,0,0,0,0,0,0,0,0,0
1568,1,1,0,0,0,0,0,0,0,0,0
1573,1,1,0,0,0,0,0,0,0,0,0
1575,2,3,0,0,0,0,0,0,0,0,0
1575,0,0,0,0,0,0,0,0,0,0,0
1576,1,3,0,0,0,1578,2,3,0,0,0
1576,1,1,0,0,0,0,0,0,0,0,0
1577,1,1,0,0,0,0,0,0,0,0,0
1578,1,1,0,0,0,0,0,0,0,0,0
1579,1,1,0,0,0,0,0,0,0,0,0
1580,1,3,0,0,0,1581,2,3,0,0,0
1580,1,1,0,0,0,0,0,0,0,0,0
1581,1,1,0,0,0,0,0,0,0,0,0
1138,2,3,0,0,0,0,0,0,0,0,0
1138,0,0,0,0,0,0,0,0,0,0,0
1138,0,1,0,0,0,0,0,0,0,0,0
1139,1,1,0,0,0,0,0,0,0,0,0
1140,1,1,0,0,0,0,0,0,0,0,0
1141,1,1,0,0,0,0,0,0,0,0,0
1142,1,1,0,0,0,0,0,0,0,0,0
0,0,0,0,0,0,0,0,0,0,0,0
1162,2,3,0,0,0,0,0,0,0,0,0
1162,0,0,0,0,0,0,0,0,0,0,0
1162,0,1,0,0,0,0,0,0,0,0,0
1163,1,1,0,0,0,0,0,0,0,0,0
1164,1,1,0,0,0,0,0,0,0,0,0
1165,1,1,0,0,0,0,0,0,0,0,0
1166,1,1,0,0,0,0,0,0,0,0,0
1167,1,1,0,0,0,0,0,0,0,0,0
1169,2,3,0,0,0,0,0,0,0,0,0
1169,0,0,0,0,0,0,0,0,0,0,0
1169,0,1,0,0,0,0,0,0,0,0,0
1170,1,3,0,0,0,1173,2,3,0,0,0
1171,1,1,0,0,0,0,0,0,0,0,0
1173,1,1,0,0,0,0,0,0,0,0,0
105,1,1,0,0,0,0,0,0,0,0,0
1613,2,3,0,0,0,0,0,0,0,0,0
1615,2,3,0,0,0,0,0,0,0,0,0
1617,2,3,0,0,0,0,0,0,0,0,0
1607,2,3,0,0,0,0,0,0,0,0,0
1609,2,3,0,0,0,0,0,0,0,0,0
1611,2,3,0,0,0,0,0,0,0,0,0
1601,2,3,0,0,0,0,0,0,0,0,0
1603,2,3,0,0,0,0,0,0,0,0,0
1605,2,3,0,0,0,0,0,0,0,0,0
1619,2,3,0,0,0,0,0,0,0,0,0
1621,2,3,0,0,0,0,0,0,0,0,0
1623,2,3,0,0,0,0,0,0,0,0,0
2361,1,1,0,0,0,0,0,0,0,0,0
2363,1,1,0,0,0,0,0,0,0,0,0
2365,1,1,0,0,0,0,0,0,0,0,0
2367,1,1,0,0,0,0,0,0,0,0,0
2455,1,1,0,0,0,0,0,0,0,0,0
1275,2,3,0,0,0,0,0,0,0,0,0
1018,1,1,0,0,0,0,0,0,0,0,0
229,1,1,0,0,0,0,0,0,0,0,0
250,1,1,0,0,0,0,0,0,0,0,0
1201,1,1,0,0,0,0,0,0,0,0,0
570,1,1,0,0,0,0,0,0,0,0,0
1405,2,3,0,0,0,0,0,0,0,0,0
393,2,3,0,0,0,0,0,0,0,0,0
1195,1,1,0,0,0,0,0,0,0,0,0
1195,2,3,0,0,0,0,0,0,0,0,0
280,2,3,0,0,0,0,0,0,0,0,0
1415,2,2,0,0,0,0,0,0,0,0,0
874,2,3,0,0,0,0,0,0,0,0,0
1484,2,3,0,0,0,0,0,0,0,0,0
1290,0,1,0,0,0,0,0,0,0,0,0
1364,0,1,0,0,0,0,0,0,0,0,0
863,0,1,0,0,0,0,0,0,0,0,0
496,2,3,0,0,0,0,0,0,0,0,0
396,0,1,0,0,0,0,0,0,0,0,0
1516,2,3,0,0,0,0,0,0,0,0,0
979,2,3,0,0,0,0,0,0,0,0,0
1255,1,3,0,0,0,0,0,0,0,0,0
1263,0,0,0,0,0,0,0,0,0,0,0
1263,1,1,0,0,0,0,0,0,0,0,0
1263,2,3,0,0,0,0,0,0,0,0,0
1284,1,3,0,0,0,0,0,0,0,0,0
1099,0,1,0,0,0,0,0,0,0,0,0
834,2,3,0,0,0,0,0,0,0,0,0
965,0,1,0,0,0,0,0,0,0,0,0
965,2,3,0,0,0,0,0,0,0,0,0
1235,2,3,0,0,0,0,0,0,0,0,0
360,0,1,0,0,0,0,0,0,0,0,0
360,2,3,0,0,0,0,0,0,0,0,0
1405,2,3,0,0,0,0,0,0,0,0,0
172,0,1,0,0,0,0,0,0,0,0,0
851,1,1,0,0,0,0,0,0,0,0,0
1524,1,1,0,0,0,0,0,0,0,0,0
370,0,1,0,0,0,0,0,0,0,0,0
373,0,1,0,0,0,0,0,0,0,0,0
376,0,1,0,0,0,0,0,0,0,0,0
379,0,1,0,0,0,0,0,0,0,0,0
1235,0,0,0,0,0,0,0,0,0,0,0
1275,0,0,0,0,0,0,0,0,0,0,0
1332,0,0,0,0,0,0,0,0,0,0,0
1335,0,0,0,0,0,0,0,0,0,0,0
1393,0,0,0,0,0,0,0,0,0,0,0
1405,0,0,0,0,0,0,0,0,0,0,0
1451,0,0,0,0,0,0,0,0,0,0,0
1484,0,0,0,0,0,0,0,0,0,0,0
1496,0,0,0,0,0,0,0,0,0,0,0
1152,2,3,0,0,0,0,0,0,0,0,0
1154,2,3,0,0,0,0,0,0,0,0,0
1156,2,3,0,0,0,0,0,0,0,0,0
1717,1,1,0,0,0,0,0,0,0,0,0
1777,1,1,0,0,0,0,0,0,0,0,0
1855,1,1,0,0,0,0,0,0,0,0,0
1929,1,1,0,0,0,0,0,0,0,0,0
1967,1,1,0,0,0,0,0,0,0,0,0
1999,1,1,0,0,0,0,0,0,0,0,0
2027,1,1,0,0,0,0,0,0,0,0,0
2059,1,1,0,0,0,0,0,0,0,0,0
2087,1,1,0,0,0,0,0,0,0,0,0
2099,1,1,0,0,0,0,0,0,0,0,0
2139,1,1,0,0,0,0,0,0,0,0,0
2179,1,1,0,0,0,0,0,0,0,0,0
2189,1,1,0,0,0,0,0,0,0,0,0
2203,1,1,0,0,0,0,0,0,0,0,0
2285,1,1,0,0,0,0,0,0,0,0,0
2299,1,1,0,0,0,0,0,0,0,0,0
1701,1,1,0,0,0,0,0,0,0,0,0
1761,1,1,0,0,0,0,0,0,0,0,0
1821,1,1,0,0,0,0,0,0,0,0,0
1881,1,1,0,0,0,0,0,0,0,0,0
1941,1,1,0,0,0,0,0,0,0,0,0
1737,1,1,0,0,0,0,0,0,0,0,0
2061,1,1,0,0,0,0,0,0,0,0,0
2121,1,1,0,0,0,0,0,0,0,0,0
2181,1,1,0,0,0,0,0,0,0,0,0
2241,1,1,0,0,0,0,0,0,0,0,0
1464,0,1,0,0,0,0,0,0,0,0,0
1028,0,1,0,0,0,0,0,0,0,0,0
757,0,0,0,0,0,0,0,0,0,0,0
757,1,3,0,0,0,0,0,0,0,0,0
770,1,1,0,0,0,772,1,1,0,0,0
1133,2,3,0,0,0,0,0,0,0,0,0
503,1,1,0,0,0,0,0,0,0,0,0
932,1,1,0,0,0,0,0,0,0,0,0
1117,1,3,0,0,0,1120,2,3,0,0,0
1116,1,3,0,0,0,0,0,0,0,0,0
1123,0,3,0,0,0,1125,2,3,0,0,0
898,0,0,0,0,0,0,0,0,0,0,0
153,1,1,0,0,0,0,0,0,0,0,0
0,0,0,0,0,0,153,1,1,0,0,0
109,1,1,0,0,0,0,0,0,0,0,0
107,0,1,0,0,0,0,0,0,0,0,0
113,0,1,0,0,0,0,0,0,0,0,0
161,1,1,0,0,0,0,0,0,0,0,0
177,1,3,0,0,0,1626,2,3,0,0,0
1627,1,1,0,0,0,0,0,0,0,0,0
1628,1,1,0,0,0,0,0,0,0,0,0
1629,1,1,0,0,0,0,0,0,0,0,0
237,1,3,0,0,0,240,2,3,0,0,0
0,0,0,0,0,0,244,1,1,0,0,0
997,2,2,0,0,0,0,0,0,0,0,0
0,0,0,0,0,0,1018,1,1,0,0,0
0,0,0,0,0,0,1023,1,1,0,0,0
0,0,0,0,0,0,1561,1,1,0,0,0
173,1,3,0,0,0,0,0,0,0,0,0
944,1,1,0,0,0,0,0,0,0,0,0
0,0,0,0,0,0,928,1,3,930,1,1
0,0,0,0,0,0,834,1,1,0,0,0
0,0,0,0,0,0,827,1,1,0,0,0
1627,0,0,0,0,0,1627,1,3,0,0,0
1629,0,0,0,0,0,1629,1,3,0,0,0
153,1,1,0,0,0,1145,1,1,1662,1,1
0,0,0,0,0,0,682,1,1,0,0,0
912,0,1,0,0,0,0,0,0,0,0,0
1338,1,3,0,0,0,1335,2,3,0,0,0
1367,1,1,0,0,0,0,0,0,0,0,0
0,0,0,0,0,0,1270,1,1,0,0,0
0,0,0,0,0,0,1575,1,1,0,0,0
58,2,3,0,0,0,0,0,0,0,0,0
2367,0,0,0,0,0,0,0,0,0,0,0
56,1,3,0,0,0,58,2,3,0,0,0
0,0,0,0,0,0,1306,1,1,0,0,0
698,0,0,0,0,0,0,0,0,0,0,0
1543,1,3,0,0,0,1541,2,3,0,0,0
1633,1,1,0,0,0,0,0,0,0,0,0
756,1,1,0,0,0,0,0,0,0,0,0
764,1,1,0,0,0,0,0,0,0,0,0
772,1,3,0,0,0,769,2,3,0,0,0
773,1,3,0,0,0,769,2,3,0,0,0
382,0,0,0,0,0,0,0,0,0,0,0
382,0,1,0,0,0,0,0,0,0,0,0
382,2,3,0,0,0,0,0,0,0,0,0
383,1,1,0,0,0,0,0,0,0,0,0
385,1,1,0,0,0,0,0,0,0,0,0
384,1,3,0,0,0,385,2,3,0,0,0
55,0,1,0,0,0,0,0,0,0,0,0
386,0,0,0,0,0,0,0,0,0,0,0
386,1,1,0,0,0,0,0,0,0,0,0
386,0,1,0,0,0,0,0,0,0,0,0
386,2,3,0,0,0,0,0,0,0,0,0
386,0,1,0,0,0,387,2,3,0,0,0
388,1,3,0,0,0,392,2,3,0,0,0
389,1,3,0,0,0,392,2,3,0,0,0
390,1,3,0,0,0,392,2,3,0,0,0
393,0,0,0,0,0,0,0,0,0,0,0
393,0,1,0,0,0,0,0,0,0,0,0
393,2,3,0,0,0,0,0,0,0,0,0
396,0,0,0,0,0,0,0,0,0,0,0
396,0,1,0,0,0,0,0,0,0,0,0
396,2,3,0,0,0,0,0,0,0,0,0
396,0,1,0,0,0,398,2,3,0,0,0
399,1,1,0,0,0,0,0,0,0,0,0
400,1,1,0,0,0,0,0,0,0,0,0
401,1,1,0,0,0,0,0,0,0,0,0
399,1,3,0,0,0,400,2,3,0,0,0
399,1,3,0,0,0,401,2,3,0,0,0
837,1,1,0,0,0,0,0,0,0,0,0
0,0,0,0,0,0,836,1,1,837,1,1
839,1,1,0,0,0,0,0,0,0,0,0
0,0,0,0,0,0,838,1,1,839,1,1
841,1,1,0,0,0,0,0,0,0,0,0
0,0,0,0,0,0,840,1,1,841,1,1
843,1,1,0,0,0,0,0,0,0,0,0
0,0,0,0,0,0,842,1,1,843,1,1
845,1,1,0,0,0,0,0,0,0,0,0
0,0,0,0,0,0,844,1,1,845,1,1
847,1,1,0,0,0,0,0,0,0,0,0
0,0,0,0,0,0,846,1,1,847,1,1
46,1,1,0,0,0,0,0,0,0,0,0
29,1,1,0,0,0,0,0,0,0,0,0
30,1,1,0,0,0,0,0,0,0,0,0
924,0,3,0,0,0,926,2,3,0,0,0
927,1,3,0,0,0,923,2,3,0,0,0
927,0,1,0,0,0,0,0,0,0,0,0
931,0,0,0,0,0,0,0,0,0,0,0
0,0,0,0,0,0,925,1,1,0,0,0
1235,2,3,0,0,0,0,0,0,0,0,0
1275,2,3,0,0,0,0,0,0,0,0,0
928,1,3,0,0,0,923,2,3,0,0,0
934,1,1,0,0,0,0,0,0,0,0,0
937,1,3,0,0,0,932,2,3,0,0,0
254,1,3,0,0,0,255,2,3,0,0,0
834,2,3,0,0,0,0,0,0,0,0,0
0,0,0,0,0,0,1308,1,1,1309,1,1
0,0,0,0,0,0,1310,1,1,1311,1,1
0,0,0,0,0,0,832,1,1,0,0,0
955,1,3,0,0,0,951,2,3,0,0,0
952,1,3,0,0,0,957,2,3,952,3,3
958,1,3,0,0,0,959,2,3,0,0,0
960,1,3,0,0,0,961,2,3,0,0,0
421,1,1,0,0,0,0,0,0,0,0,0
360,0,0,0,0,0,0,0,0,0,0,0
360,0,1,0,0,0,0,0,0,0,0,0
360,2,3,0,0,0,0,0,0,0,0,0
362,0,0,0,0,0,0,0,0,0,0,0
362,0,1,0,0,0,0,0,0,0,0,0
362,2,3,0,0,0,0,0,0,0,0,0
364,0,0,0,0,0,0,0,0,0,0,0
364,0,1,0,0,0,0,0,0,0,0,0
364,2,3,0,0,0,0,0,0,0,0,0
366,0,0,0,0,0,0,0,0,0,0,0
366,0,1,0,0,0,0,0,0,0,0,0
366,2,3,0,0,0,0,0,0,0,0,0
368,0,0,0,0,0,0,0,0,0,0,0
368,0,1,0,0,0,0,0,0,0,0,0
368,2,3,0,0,0,0,0,0,0,0,0
1127,0,3,0,0,0,0,0,0,0,0,0
1127,1,3,0,0,0,0,0,0,0,0,0
1675,0,0,0,0,0,0,0,0,0,0,0
1675,0,1,0,0,0,0,0,0,0,0,0
1675,2,3,0,0,0,0,0,0,0,0,0
1676,1,1,0,0,0,0,0,0,0,0,0
1677,0,0,0,0,0,0,0,0,0,0,0
1677,0,1,0,0,0,0,0,0,0,0,0
1677,2,3,0,0,0,0,0,0,0,0,0
1678,1,1,0,0,0,0,0,0,0,0,0
1679,0,0,0,0,0,0,0,0,0,0,0
1679,0,1,0,0,0,0,0,0,0,0,0
1679,2,3,0,0,0,0,0,0,0,0,0
1680,1,1,0,0,0,0,0,0,0,0,0
980,1,3,0,0,0,982,2,3,0,0,0
982,2,3,0,0,0,979,2,3,0,0,0
1079,0,0,0,0,0,0,0,0,0,0,0
1099,0,0,0,0,0,0,0,0,0,0,0
1099,0,1,0,0,0,0,0,0,0,0,0
0,0,0,0,0,0,1248,1,1,0,0,0
0,0,0,0,0,0,1060,1,1,0,0,0
280,1,1,0,0,0,0,0,0,0,0,0
0,0,0,0,0,0,52,1,1,0,0,0
600,1,1,0,0,0,0,0,0,0,0,0
1089,2,2,0,0,0,0,0,0,0,0,0
1089,3,3,0,0,0,0,0,0,0,0,0
0,0,0,0,0,0,1127,1,1,0,0,0
0,0,0,0,0,0,1364,1,1,0,0,0
0,0,0,0,0,0,148,1,1,0,0,0
958,0,0,0,0,0,0,0,0,0,0,0
906,0,1,0,0,0,908,1,3,0,0,0
2365,1,1,0,0,0,0,0,0,0,0,0
0,0,0,0,0,0,994,1,1,0,0,0
992,1,1,0,0,0,996,1,3,0,0,0
0,0,0,0,0,0,28,1,1,0,0,0
0,0,0,0,0,0,1547,1,1,0,0,0
1179,2,3,0,0,0,0,0,0,0,0,0
1181,2,3,0,0,0,0,0,0,0,0,0
1631,1,1,0,0,0,0,0,0,0,0,0
853,1,3,0,0,0,850,2,3,0,0,0
0,0,0,0,0,0,673,1,1,0,0,0
0,0,0,0,0,0,1008,1,1,1009,1,1
1582,0,1,0,0,0,0,0,0,0,0,0
2348,0,1,0,0,0,0,0,0,0,0,0
2349,1,1,0,0,0,0,0,0,0,0,0
2350,1,1,0,0,0,0,0,0,0,0,0
2351,1,1,0,0,0,0,0,0,0,0,0
2352,0,1,0,0,0,0,0,0,0,0,0
0,0,0,0,0,0,2354,1,1,0,0,0
2354,1,1,0,0,0,1445,1,1,1496,1,1
2355,0,1,0,0,0,0,0,0,0,0,0
0,0,0,0,0,0,2357,1,1,0,0,0
2357,1,1,0,0,0,1445,1,1,1496,1,1
2358,0,1,0,0,0,0,0,0,0,0,0
0,0,0,0,0,0,2360,1,1,0,0,0
2360,1,1,0,0,0,1445,1,1,1496,1,1
1366,2,3,0,0,0,0,0,0,0,0,0
2348,2,3,0,0,0,0,0,0,0,0,0
997,3,3,0,0,0,0,0,0,0,0,0
997,1,1,0,0,0,0,0,0,0,0,0
1184,2,3,0,0,0,0,0,0,0,0,0
1186,2,3,0,0,0,0,0,0,0,0,0
1188,2,3,0,0,0,0,0,0,0,0,0
916,3,3,0,0,0,0,0,0,0,0,0
613,0,0,0,0,0,0,0,0,0,0,0
0,0,0,0,0,0,253,1,1,0,0,0
1190,2,3,0,0,0,0,0,0,0,0,0
1190,1,1,0,0,0,0,0,0,0,0,0
1682,2,3,0,0,0,0,0,0,0,0,0
1684,2,3,0,0,0,0,0,0,0,0,0
1686,2,3,0,0,0,0,0,0,0,0,0
0,0,0,0,0,0,1054,1,3,0,0,0
1058,1,1,0,0,0,0,0,0,0,0,0
1058,1,3,0,0,0,0,0,0,0,0,0
333,1,1,0,0,0,0,0,0,0,0,0
1175,2,3,0,0,0,0,0,0,0,0,0
2352,2,3,0,0,0,0,0,0,0,0,0
570,2,3,0,0,0,0,0,0,0,0,0
430,1,1,0,0,0,0,0,0,0,0,0
1405,2,3,0,0,0,0,0,0,0,0,0
414,2,3,0,0,0,0,0,0,0,0,0
1582,2,3,0,0,0,0,0,0,0,0,0
1115,1,1,0,0,0,0,0,0,0,0,0
1539,1,1,0,0,0,0,0,0,0,0,0
0,1,1,0,0,0,1539,1,1,0,0,0
1238,1,2,0,0,0,1240,1,3,0,0,0
1717,1,1,0,0,0,0,0,0,0,0,0
2001,1,1,0,0,0,0,0,0,0,0,0
2099,1,1,0,0,0,0,0,0,0,0,0
2139,1,1,0,0,0,0,0,0,0,0,0
2299,1,1,0,0,0,0,0,0,0,0,0
0,0,0,0,0,0,251,1,1,0,0,0
0,0,0,0,0,0,252,1,1,0,0,0
907,1,1,0,0,0,0,0,0,0,0,0
1490,2,3,0,0,0,1475,1,1,0,0,0
9,1,3,0,0,0,0,0,0,0,0,0
1192,1,1,0,0,0,0,0,0,0,0,0
1193,1,1,0,0,0,0,0,0,0,0,0
0,0,0,0,0,0,46,1,1,0,0,0
1637,0,0,0,0,0,0,0,0,0,0,0
1637,1,1,0,0,0,0,0,0,0,0,0
1637,2,2,0,0,0,0,0,0,0,0,0
1637,3,3,0,0,0,0,0,0,0,0,0
0,0,0,0,0,0,413,1,3,408,2,3
0,0,0,0,0,0,1516,1,1,0,0,0
0,0,0,0,0,0,1335,1,1,0,0,0
1194,2,3,0,0,0,0,0,0,0,0,0
1035,1,3,0,0,0,0,0,0,0,0,0
130,1,3,0,0,0,129,2,3,0,0,0
1196,1,1,0,0,0,0,0,0,0,0,0
1216,1,3,0,0,0,1218,2,3,0,0,0
1218,1,1,0,0,0,0,0,0,0,0,0
693,1,3,0,0,0,0,0,0,0,0,0
172,2,3,0,0,0,0,0,0,0,0,0
538,1,3,0,0,0,540,2,3,0,0,0
529,1,3,0,0,0,531,2,3,0,0,0
550,1,3,0,0,0,553,2,3,0,0,0
504,1,1,0,0,0,0,0,0,0,0,0
549,0,1,0,0,0,0,0,0,0,0,0
155,1,1,0,0,0,0,0,0,0,0,0
501,1,3,0,0,0,496,2,3,0,0,0
689,1,3,0,0,0,682,2,3,0,0,0
798,2,2,0,0,0,0,0,0,0,0,0
798,3,3,0,0,0,0,0,0,0,0,0
1689,1,1,0,0,0,0,0,0,0,0,0
1691,1,1,0,0,0,0,0,0,0,0,0
1691,2,3,0,0,0,0,0,0,0,0,0
433,1,3,0,0,0,435,2,3,0,0,0
173,1,3,0,0,0,178,2,3,0,0,0
1626,1,1,0,0,0,0,0,0,0,0,0
1422,1,3,0,0,0,1423,2,3,0,0,0
1424,1,3,0,0,0,1428,2,3,0,0,0
1463,1,1,0,0,0,0,0,0,0,0,0
1452,1,3,0,0,0,1455,2,3,0,0,0
1456,1,3,0,0,0,1462,2,3,0,0,0
0,1,1,0,0,0,1539,1,1,1540,1,1
1539,1,3,0,0,0,1540,2,3,0,0,0
0,0,0,0,0,0,1415,1,1,0,0,0
259,1,3,0,0,0,260,2,3,0,0,0
250,1,1,0,0,0,258,1,3,0,0,0
1347,1,3,0,0,0,1341,2,3,0,0,0
222,1,1,0,0,0,0,0,0,0,0,0
0,0,0,0,0,0,220,1,1,0,0,0
28,1,1,0,0,0,0,0,0,0,0,0
687,1,3,0,0,0,689,2,3,0,0,0
1225,1,1,0,0,0,0,0,0,0,0,0
549,0,1,0,0,0,551,2,3,0,0,0
1396,1,3,0,0,0,0,0,0,0,0,0
1402,1,3,0,0,0,0,0,0,0,0,0
179,1,1,0,0,0,184,2,3,0,0,0
1418,1,3,0,0,0,1419,2,3,0,0,0
1425,1,3,0,0,0,1426,2,3,0,0,0
1424,1,1,0,0,0,0,0,0,0,0,0
0,0,0,0,0,0,213,1,1,0,0,0
217,1,1,0,0,0,0,0,0,0,0,0
218,1,3,0,0,0,219,2,3,0,0,0
127,1,1,0,0,0,0,0,0,0,0,0
0,0,0,0,0,0,127,1,1,0,0,0
1477,1,1,0,0,0,0,0,0,0,0,0
1480,1,1,0,0,0,0,0,0,0,0,0
1635,1,1,0,0,0,0,0,0,0,0,0
1211,1,3,0,0,0,1212,2,3,0,0,0
0,0,0,0,0,0,125,2,3,0,0,0
863,2,2,0,0,0,0,0,0,0,0,0
1330,1,3,0,0,0,1326,2,3,0,0,0
1586,2,3,0,0,0,0,0,0,0,0,0
1588,2,3,0,0,0,0,0,0,0,0,0
1038,1,1,0,0,0,0,0,0,0,0,0
0,0,0,0,0,0,236,1,1,0,0,0
1422,1,3,0,0,0,1427,2,3,0,0,0
1197,2,3,0,0,0,0,0,0,0,0,0
0,0,0,0,0,0,1282,1,1,0,0,0
610,1,3,0,0,0,607,2,3,0,0,0
608,1,3,0,0,0,609,2,3,0,0,0
566,1,1,0,0,0,0,0,0,0,0,0
1589,1,3,0,0,0,1588,2,3,0,0,0
1591,2,3,0,0,0,0,0,0,0,0,0
1591,1,1,0,0,0,0,0,0,0,0,0
1112,1,3,0,0,0,0,0,0,0,0,0
0,0,0,0,0,0,248,1,1,0,0,0
0,0,0,0,0,0,1464,1,1,0,0,0
1000,1,3,0,0,0,1005,2,3,0,0,0
1290,0,0,0,0,0,0,0,0,0,0,0
1290,1,1,0,0,0,0,0,0,0,0,0
1290,2,3,0,0,0,0,0,0,0,0,0
75,1,3,0,0,0,79,2,3,0,0,0
661,1,3,0,0,0,662,2,3,0,0,0
286,1,1,0,0,0,0,0,0,0,0,0
0,0,0,0,0,0,810,1,1,0,0,0
0,0,0,0,0,0,1561,1,1,0,0,0
0,0,0,0,0,0,997,1,1,0,0,0
0,0,0,0,0,0,1483,1,1,0,0,0
250,1,3,0,0,0,250,2,3,0,0,0
0,0,0,0,0,0,785,1,1,0,0,0
