Name {2},RotX1 {5},RotY1 {5},RotZ1 {5},Scl1 {2},PosID1 {1},ResType1 {1},ResMot1 {1},ATTR1 {1},ResID1 {3},MotID1 {3},MotName1 {7},MotWait1 {2},RotX2 {2},RotY2 {5},RotZ2 {5},Scl2 {2},PosID2 {1},ResType2 {1},ResMot2 {1},ATTR2 {1},ResID2 {3},MotID2 {3},MotName2 {7},MotWait2 {2},sortID {2}
0,0,-40,0,140,0,2,255,0,1,0,003001_walk_lp_anm.hkt,12,0,0,0,100,0,0,0,0,0,0,,0,398
0,0,-15,0,140,0,2,255,0,2,0,107001_attack_01_anm.hkt,22,0,0,0,50,0,0,0,0,0,0,,0,399
0,0,-3,0,16,22,2,1,4,3,870052,300000_idle_anm.hkt,60,0,0,0,50,0,0,0,0,0,0,,0,401
0,0,0,0,100,0,2,255,0,5,0,110010_angry_st_anm.hkt,4,0,0,0,50,0,0,0,0,0,0,,0,0
0,0,15,0,16,23,2,255,0,6,0,107008_attack_08_anm.hkt,60,0,0,0,50,0,0,0,0,0,0,,0,402
0,0,0,0,20,24,2,255,4,9,0,300000_idle_anm.hkt,10,0,0,0,50,0,0,0,0,0,0,,0,403
0,0,-2,0,1,0,2,1,0,12,870051,110010_angry_st_anm.hkt,220,0,0,0,50,0,0,0,0,0,0,,0,404
0,5,30,0,20,0,2,255,0,14,0,102000_encounter_a_anm.hkt,22,0,0,0,50,0,0,0,0,0,0,,0,405
0,5,-30,0,20,0,2,255,0,15,0,107008_attack_08_anm.hkt,50,0,0,0,50,0,0,0,0,0,0,,0,406
0,0,30,0,190,25,2,255,0,17,0,109012_caught_ed_anm.hkt,16,0,0,0,50,0,0,0,0,0,0,,0,407
0,0,30,0,190,25,2,255,0,18,0,109012_caught_ed_anm.hkt,16,0,0,0,50,0,0,0,0,0,0,,0,408
0,0,-40,0,65,0,2,255,0,19,0,109012_caught_ed_anm.hkt,19,0,0,0,50,0,0,0,0,0,0,,0,409
0,0,-40,0,65,0,2,255,0,20,0,109012_caught_ed_anm.hkt,19,0,0,0,50,0,0,0,0,0,0,,0,410
0,0,10,0,20,0,2,255,0,21,0,110010_angry_st_anm.hkt,56,0,0,0,50,0,0,0,0,0,0,,0,411
0,0,20,0,20,0,2,255,0,22,0,107006_attack_06_anm.hkt,93,0,0,0,50,0,0,0,0,0,0,,0,412
0,0,-50,0,20,0,2,255,0,23,0,107007_attack_07_anm.hkt,27,0,0,0,50,0,0,0,0,0,0,,0,413
0,0,40,0,20,0,2,255,0,24,0,107009_attack_09_anm.hkt,76,0,0,0,50,0,0,0,0,0,0,,0,414
0,0,10,0,20,0,2,255,0,25,0,110010_angry_st_anm.hkt,56,0,0,0,50,0,0,0,0,0,0,,0,415
0,0,20,0,20,0,2,255,0,26,0,107006_attack_06_anm.hkt,93,0,0,0,50,0,0,0,0,0,0,,0,416
0,0,-50,0,20,0,2,255,0,27,0,107007_attack_07_anm.hkt,27,0,0,0,50,0,0,0,0,0,0,,0,417
0,0,40,0,20,0,2,255,0,28,0,107009_attack_09_anm.hkt,76,0,0,0,50,0,0,0,0,0,0,,0,418
0,10,30,10,49,26,2,255,0,29,0,107001_attack_01_anm.hkt,54,0,0,0,50,0,0,0,0,0,0,,0,419
0,10,30,10,49,26,2,255,0,30,0,107001_attack_01_anm.hkt,54,0,0,0,50,0,0,0,0,0,0,,0,420
0,5,-20,0,45,27,2,255,0,31,0,110010_angry_st_anm.hkt,8,0,0,0,50,0,0,0,0,0,0,,0,421
0,5,-20,0,45,27,2,255,0,32,0,110010_angry_st_anm.hkt,8,0,0,0,50,0,0,0,0,0,0,,0,422
0,5,-20,0,45,27,2,255,0,33,0,110010_angry_st_anm.hkt,8,0,0,0,50,0,0,0,0,0,0,,0,423
0,5,-20,0,45,27,2,255,0,34,0,110010_angry_st_anm.hkt,8,0,0,0,50,0,0,0,0,0,0,,0,424
0,5,-45,0,35,0,2,255,0,35,0,107004_attack_04_anm.hkt,20,0,0,0,50,0,0,0,0,0,0,,0,425
0,0,-30,-3,35,0,2,255,0,36,0,107011_attack_11_anm.hkt,60,0,0,0,50,0,0,0,0,0,0,,0,426
0,-12,20,-3,35,0,2,255,0,37,0,107009_attack_09_anm.hkt,50,0,0,0,50,0,0,0,0,0,0,,0,427
0,0,30,0,35,0,2,255,0,38,0,107010_attack_10_anm.hkt,40,0,0,0,50,0,0,0,0,0,0,,0,428
0,5,-45,0,35,0,2,255,0,39,0,107004_attack_04_anm.hkt,20,0,0,0,50,0,0,0,0,0,0,,0,429
0,0,-30,-3,35,0,2,255,0,40,0,107011_attack_11_anm.hkt,60,0,0,0,50,0,0,0,0,0,0,,0,430
0,-12,20,-3,35,0,2,255,0,41,0,107009_attack_09_anm.hkt,50,0,0,0,50,0,0,0,0,0,0,,0,431
0,0,30,0,35,0,2,255,0,42,0,107010_attack_10_anm.hkt,40,0,0,0,50,0,0,0,0,0,0,,0,432
0,5,-20,1,25,28,2,255,4,44,0,107004_attack_04_anm.hkt,60,0,0,0,50,0,0,0,0,0,0,,0,433
0,0,28,0,25,29,2,255,16,45,0,103001_run_lp_anm.hkt,10,0,0,0,50,0,0,0,0,0,0,,0,434
0,0,-25,0,21,0,2,255,0,46,0,104002_dash_lp_anm.hkt,19,0,0,0,50,0,0,0,0,0,0,,0,435
0,0,30,0,22,0,2,255,0,47,0,107010_attack_10_anm.hkt,40,0,0,0,50,0,0,0,0,0,0,,0,436
0,-1,0,0,21,0,2,255,0,48,0,107011_attack_11_anm.hkt,60,0,0,0,50,0,0,0,0,0,0,,0,437
0,0,-25,0,21,0,2,255,0,49,0,104002_dash_lp_anm.hkt,19,0,0,0,50,0,0,0,0,0,0,,0,438
0,0,30,0,22,0,2,255,0,50,0,107010_attack_10_anm.hkt,40,0,0,0,50,0,0,0,0,0,0,,0,439
0,-2,0,0,21,0,2,255,0,51,0,107011_attack_11_anm.hkt,60,0,0,0,50,0,0,0,0,0,0,,0,440
0,-3,15,-2,2,0,2,255,0,56,0,100000_idle_anm.hkt,12,0,0,0,50,0,0,0,0,0,0,,0,441
0,0,-5,0,76,0,2,255,0,59,0,107016_attack_16_anm.hkt,5000,0,0,0,50,0,0,0,0,0,0,,0,442
0,0,-5,0,76,0,2,255,0,60,0,107016_attack_16_anm.hkt,5000,0,0,0,50,0,0,0,0,0,0,,0,443
0,2,-5,1,13,31,2,255,0,61,0,109003_guard_ed_anm.hkt,29,0,0,0,50,0,0,0,0,0,0,,0,444
0,2,-5,1,13,31,2,255,0,62,0,109003_guard_ed_anm.hkt,29,0,0,0,50,0,0,0,0,0,0,,0,445
0,2,-5,1,13,31,2,255,0,63,0,109003_guard_ed_anm.hkt,29,0,0,0,50,0,0,0,0,0,0,,0,446
0,2,-5,1,13,31,2,255,0,64,0,109003_guard_ed_anm.hkt,29,0,0,0,50,0,0,0,0,0,0,,0,447
0,0,15,0,28,0,2,255,0,65,0,107002_attack_02_anm.hkt,40,0,0,0,50,0,0,0,0,0,0,,0,448
0,0,15,0,28,0,2,255,0,66,0,107003_attack_03_anm.hkt,45,0,0,0,50,0,0,0,0,0,0,,0,449
0,0,15,0,28,0,2,255,0,67,0,107004_attack_04_anm.hkt,15,0,0,0,50,0,0,0,0,0,0,,0,450
0,0,15,0,28,0,2,255,0,68,0,107005_attack_05_anm.hkt,35,0,0,0,50,0,0,0,0,0,0,,0,451
0,0,15,0,28,0,2,255,0,69,0,107002_attack_02_anm.hkt,40,0,0,0,50,0,0,0,0,0,0,,0,452
0,0,15,0,28,0,2,255,0,70,0,107003_attack_03_anm.hkt,45,0,0,0,50,0,0,0,0,0,0,,0,453
0,0,15,0,28,0,2,255,0,71,0,107004_attack_04_anm.hkt,15,0,0,0,50,0,0,0,0,0,0,,0,454
0,0,15,0,28,0,2,255,0,72,0,107005_attack_05_anm.hkt,35,0,0,0,50,0,0,0,0,0,0,,0,455
0,10,40,0,24,0,2,255,0,73,0,103021_move_l_lp_anm.hkt,10,0,0,0,50,0,0,0,0,0,0,,0,456
0,10,40,0,24,0,2,255,0,74,0,103021_move_l_lp_anm.hkt,10,0,0,0,50,0,0,0,0,0,0,,0,457
0,10,40,0,24,0,2,255,0,75,0,103021_move_l_lp_anm.hkt,10,0,0,0,50,0,0,0,0,0,0,,0,458
0,10,40,0,24,0,2,255,0,76,0,103021_move_l_lp_anm.hkt,10,0,0,0,50,0,0,0,0,0,0,,0,459
0,0,-15,0,23,32,2,255,16,77,0,107004_attack_04_anm.hkt,62,0,0,0,50,0,0,0,0,0,0,,0,460
0,0,15,0,23,0,2,255,16,78,0,107014_attack_14_anm.hkt,52,0,0,0,50,0,0,0,0,0,0,,0,461
0,0,10,0,45,0,2,255,8,79,0,107006_attack_06_anm.hkt,38,0,0,0,50,0,0,0,0,0,0,,0,462
0,0,0,0,45,0,2,255,4,313,0,000000_idle_anm.hkt,20,0,0,0,50,0,0,0,0,0,0,,0,463
0,0,35,0,190,33,2,255,0,80,0,100000_idle_anm.hkt,44,0,0,0,50,0,0,0,0,0,0,,0,303
0,0,45,0,190,34,2,255,0,81,0,103001_run_lp_anm.hkt,1,0,0,0,50,0,0,0,0,0,0,,0,301
0,0,35,0,190,33,2,255,0,82,0,100000_idle_anm.hkt,44,0,0,0,50,0,0,0,0,0,0,,0,304
0,0,45,0,190,34,2,255,0,83,0,103001_run_lp_anm.hkt,1,0,0,0,50,0,0,0,0,0,0,,0,302
0,0,35,0,190,33,2,255,0,84,0,100000_idle_anm.hkt,44,0,0,0,50,0,0,0,0,0,0,,0,305
0,0,35,0,190,33,2,255,0,85,0,100000_idle_anm.hkt,44,0,0,0,50,0,0,0,0,0,0,,0,306
0,0,15,0,200,0,2,255,4,86,0,100000_idle_anm.hkt,2,0,0,0,50,0,0,0,0,0,0,,0,307
0,0,15,0,200,0,2,255,4,87,0,100000_idle_anm.hkt,2,0,0,0,50,0,0,0,0,0,0,,0,308
0,0,20,0,210,35,2,255,0,89,0,100000_idle_anm.hkt,16,0,0,0,50,0,0,0,0,0,0,,0,309
0,0,20,0,210,35,2,255,0,90,0,100000_idle_anm.hkt,16,0,0,0,50,0,0,0,0,0,0,,0,310
0,0,35,0,9,0,2,255,0,92,0,003001_walk_lp_anm.hkt,48,0,0,0,50,0,0,0,0,0,0,,0,311
0,0,5,0,9,0,2,255,0,93,0,107006_attack_06_anm.hkt,36,0,0,0,50,0,0,0,0,0,0,,0,315
0,0,35,0,9,0,2,255,0,94,0,003001_walk_lp_anm.hkt,48,0,0,0,50,0,0,0,0,0,0,,0,312
0,0,5,0,9,0,2,255,0,95,0,107006_attack_06_anm.hkt,36,0,0,0,50,0,0,0,0,0,0,,0,316
0,0,35,0,9,0,2,255,0,96,0,003001_walk_lp_anm.hkt,48,0,0,0,50,0,0,0,0,0,0,,0,313
0,0,35,0,9,0,2,255,0,97,0,003001_walk_lp_anm.hkt,48,0,0,0,50,0,0,0,0,0,0,,0,314
0,0,-15,0,260,0,2,255,8,453,0,001030_unique_c_st_anm.hkt,17,0,0,0,50,0,0,0,0,0,0,,0,317
0,0,30,0,200,36,2,255,0,467,0,002021_pop_c_anm.hkt,65,0,0,0,50,0,0,0,0,0,0,,0,318
0,0,-8,0,210,0,2,255,4,107,0,100000_idle_anm.hkt,5000,0,0,0,50,0,0,0,0,0,0,,0,319
0,0,50,0,190,0,2,255,4,110,0,107018_attack_18_anm.hkt,55,0,0,0,50,0,0,0,0,0,0,,0,320
0,0,-15,0,200,37,2,255,0,111,0,107001_attack_01_anm.hkt,57,0,0,0,50,0,0,0,0,0,0,,0,321
0,0,-40,0,200,0,2,255,0,112,0,100000_idle_anm.hkt,15,0,0,0,50,0,0,0,0,0,0,,0,324
0,0,15,0,50,0,2,255,4,113,0,107006_attack_06_anm.hkt,24,0,0,0,50,0,0,0,0,0,0,,0,325
0,0,-15,0,210,38,2,255,0,114,0,104000_dash_st_anm.hkt,10,0,0,0,50,0,0,0,0,0,0,,0,326
0,0,8,0,220,0,2,255,16,115,0,110010_angry_st_anm.hkt,13,0,0,0,50,0,0,0,0,0,0,,0,322
0,0,34,0,200,39,2,255,16,116,0,100000_idle_anm.hkt,48,0,0,0,50,0,0,0,0,0,0,,0,323
0,0,45,0,36,0,2,255,0,117,0,107003_attack_03_anm.hkt,59,0,0,0,50,0,0,0,0,0,0,,0,101
0,0,-30,0,33,40,2,255,0,118,0,107004_attack_04_anm.hkt,60,0,0,0,50,0,0,0,0,0,0,,0,106
0,0,45,0,36,0,2,255,0,119,0,107003_attack_03_anm.hkt,59,0,0,0,50,0,0,0,0,0,0,,0,102
0,0,45,0,36,0,2,255,0,120,0,107003_attack_03_anm.hkt,59,0,0,0,50,0,0,0,0,0,0,,0,103
0,0,-30,0,33,40,2,255,0,121,0,107004_attack_04_anm.hkt,60,0,0,0,50,0,0,0,0,0,0,,0,107
0,0,-8,0,35,41,2,255,0,122,0,107001_attack_01_anm.hkt,20,0,0,0,50,0,0,0,0,0,0,,0,109
0,0,-8,0,35,41,2,255,0,124,0,107001_attack_01_anm.hkt,20,0,0,0,50,0,0,0,0,0,0,,0,110
0,0,-8,0,35,41,2,255,0,125,0,107001_attack_01_anm.hkt,20,0,0,0,50,0,0,0,0,0,0,,0,111
0,0,-30,0,33,40,2,255,0,126,0,107004_attack_04_anm.hkt,60,0,0,0,50,0,0,0,0,0,0,,0,108
0,0,45,0,36,0,2,255,0,127,0,107003_attack_03_anm.hkt,59,0,0,0,50,0,0,0,0,0,0,,0,104
0,0,8,0,17,0,2,255,0,129,0,107002_attack_02_anm.hkt,67,0,0,0,50,0,0,0,0,0,0,,0,112
0,0,-15,0,17,0,2,255,0,130,0,107001_attack_01_anm.hkt,50,0,0,0,50,0,0,0,0,0,0,,0,116
0,0,8,0,17,0,2,255,0,131,0,107002_attack_02_anm.hkt,67,0,0,0,50,0,0,0,0,0,0,,0,113
0,0,-15,0,17,0,2,255,0,132,0,107001_attack_01_anm.hkt,50,0,0,0,50,0,0,0,0,0,0,,0,117
0,0,8,0,17,0,2,255,0,133,0,107002_attack_02_anm.hkt,67,0,0,0,50,0,0,0,0,0,0,,0,114
0,0,8,0,17,0,2,255,0,134,0,107002_attack_02_anm.hkt,67,0,0,0,50,0,0,0,0,0,0,,0,115
0,0,20,0,45,42,2,255,0,135,0,110010_angry_st_anm.hkt,66,0,0,0,50,0,0,0,0,0,0,,0,118
0,0,-15,0,45,43,2,255,0,136,0,102000_encounter_a_anm.hkt,29,0,0,0,50,0,0,0,0,0,0,,0,119
0,0,-15,0,45,43,2,255,0,137,0,102000_encounter_a_anm.hkt,29,0,0,0,50,0,0,0,0,0,0,,0,120
0,0,-25,0,25,0,2,255,0,138,0,001000_unique_a_anm.hkt,21,0,0,0,50,0,0,0,0,0,0,,0,121
0,0,-25,0,25,0,2,255,0,139,0,001000_unique_a_anm.hkt,21,0,0,0,50,0,0,0,0,0,0,,0,122
0,0,12,0,24,0,2,255,0,140,0,107003_attack_03_anm.hkt,112,0,0,0,50,0,0,0,0,0,0,,0,123
0,0,12,0,24,0,2,255,0,141,0,107003_attack_03_anm.hkt,112,0,0,0,50,0,0,0,0,0,0,,0,124
0,0,5,0,145,44,2,255,0,142,0,001000_unique_a_anm.hkt,29,0,0,0,50,0,0,0,0,0,0,,0,125
0,0,5,0,145,44,2,255,0,143,0,001000_unique_a_anm.hkt,29,0,0,0,50,0,0,0,0,0,0,,0,126
0,0,5,0,145,44,2,255,0,144,0,001000_unique_a_anm.hkt,29,0,0,0,50,0,0,0,0,0,0,,0,127
0,0,5,0,145,44,2,255,0,145,0,001000_unique_a_anm.hkt,29,0,0,0,50,0,0,0,0,0,0,,0,128
0,0,5,0,145,44,2,255,0,146,0,001000_unique_a_anm.hkt,29,0,0,0,50,0,0,0,0,0,0,,0,129
0,0,-40,5,66,0,2,255,0,147,0,110010_angry_st_anm.hkt,16,0,0,0,50,0,0,0,0,0,0,,0,130
0,-5,50,-5,65,0,2,255,0,148,0,107003_attack_03_anm.hkt,24,0,0,0,50,0,0,0,0,0,0,,0,132
0,4,20,-4,55,45,2,255,0,149,0,001021_unique_b_lp_anm.hkt,20,0,0,0,50,0,0,0,0,0,0,,0,134
0,-5,50,-5,65,0,2,255,0,150,0,107003_attack_03_anm.hkt,24,0,0,0,50,0,0,0,0,0,0,,0,133
0,4,20,-4,55,45,2,255,0,151,0,001021_unique_b_lp_anm.hkt,20,0,0,0,50,0,0,0,0,0,0,,0,135
0,0,-40,5,66,0,2,255,0,152,0,110010_angry_st_anm.hkt,16,0,0,0,50,0,0,0,0,0,0,,0,131
0,0,-30,0,110,0,2,255,0,153,0,101000_unique_anm.hkt,33,0,0,0,50,0,0,0,0,0,0,,0,136
0,0,-30,0,110,0,2,255,0,154,0,101000_unique_anm.hkt,33,0,0,0,50,0,0,0,0,0,0,,0,137
0,0,-42,0,5,46,2,255,0,155,0,100000_idle_anm.hkt,14,0,0,0,50,0,0,0,0,0,0,,0,138
0,0,-42,0,5,46,2,255,0,156,0,100000_idle_anm.hkt,14,0,0,0,50,0,0,0,0,0,0,,0,139
0,0,-20,0,24,47,2,255,0,160,0,107003_attack_03_anm.hkt,74,0,0,0,50,0,0,0,0,0,0,,0,140
0,0,4,0,24,48,2,255,0,161,0,107003_attack_03_anm.hkt,27,0,0,0,50,0,0,0,0,0,0,,0,143
0,0,-20,0,24,47,2,255,0,162,0,107003_attack_03_anm.hkt,74,0,0,0,50,0,0,0,0,0,0,,0,141
0,0,-20,0,24,47,2,255,0,163,0,107003_attack_03_anm.hkt,74,0,0,0,50,0,0,0,0,0,0,,0,142
0,0,4,0,24,48,2,255,0,164,0,107003_attack_03_anm.hkt,27,0,0,0,50,0,0,0,0,0,0,,0,144
0,-10,-55,0,11,0,2,255,0,165,0,107002_attack_02_anm.hkt,63,0,0,0,50,0,0,0,0,0,0,,0,201
0,0,40,0,12,0,2,255,0,166,0,110010_angry_st_anm.hkt,43,0,0,0,50,0,0,0,0,0,0,,0,203
0,-10,-55,0,11,0,2,255,0,167,0,107002_attack_02_anm.hkt,63,0,0,0,50,0,0,0,0,0,0,,0,202
0,0,40,0,12,0,2,255,0,168,0,110010_angry_st_anm.hkt,43,0,0,0,50,0,0,0,0,0,0,,0,204
0,30,-30,0,12,49,2,255,0,170,0,101000_unique_anm.hkt,13,0,0,0,50,0,0,0,0,0,0,,0,205
0,40,-15,3,12,50,2,255,0,171,0,107004_attack_04_anm.hkt,23,0,0,0,50,0,0,0,0,0,0,,0,207
0,30,-30,0,12,49,2,255,0,172,0,101000_unique_anm.hkt,13,0,0,0,50,0,0,0,0,0,0,,0,206
0,40,-15,3,12,50,2,255,0,173,0,107004_attack_04_anm.hkt,23,0,0,0,50,0,0,0,0,0,0,,0,208
0,40,-15,3,12,50,2,255,0,174,0,107004_attack_04_anm.hkt,23,0,0,0,50,0,0,0,0,0,0,,0,209
0,40,-15,3,12,50,2,255,0,175,0,107004_attack_04_anm.hkt,23,0,0,0,50,0,0,0,0,0,0,,0,210
0,30,25,30,53,51,2,255,0,176,0,001021_unique_b_lp_anm.hkt,200,0,0,0,50,0,0,0,0,0,0,,0,211
0,20,40,8,50,52,2,255,0,177,0,107005_attack_05_anm.hkt,86,0,0,0,50,0,0,0,0,0,0,,0,213
0,30,25,30,53,51,2,255,0,178,0,001021_unique_b_lp_anm.hkt,200,0,0,0,50,0,0,0,0,0,0,,0,212
0,20,40,8,50,52,2,255,0,179,0,107005_attack_05_anm.hkt,86,0,0,0,50,0,0,0,0,0,0,,0,214
0,-10,-45,5,12,53,2,255,0,180,0,002010_pop_b_anm.hkt,101,0,0,0,50,0,0,0,0,0,0,,0,215
0,5,5,-5,14,54,2,255,0,181,0,107006_attack_06_anm.hkt,23,0,0,0,50,0,0,0,0,0,0,,0,217
0,-10,-45,5,12,53,2,255,0,182,0,002010_pop_b_anm.hkt,101,0,0,0,50,0,0,0,0,0,0,,0,216
0,5,5,-5,14,54,2,255,0,183,0,107006_attack_06_anm.hkt,23,0,0,0,50,0,0,0,0,0,0,,0,218
0,0,40,0,42,0,2,255,0,184,0,107002_attack_02_anm.hkt,72,0,0,0,50,0,0,0,0,0,0,,0,1
0,0,-35,0,42,0,2,255,0,185,0,107006_attack_06_anm.hkt,22,0,0,0,50,0,0,0,0,0,0,,0,3
0,0,40,0,42,0,2,255,0,186,0,107002_attack_02_anm.hkt,72,0,0,0,50,0,0,0,0,0,0,,0,2
0,0,-35,0,42,0,2,255,0,187,0,107006_attack_06_anm.hkt,22,0,0,0,50,0,0,0,0,0,0,,0,4
0,0,-35,0,42,0,2,255,0,188,0,107006_attack_06_anm.hkt,22,0,0,0,50,0,0,0,0,0,0,,0,5
0,0,10,0,15,0,2,255,0,189,0,110010_angry_st_anm.hkt,12,0,0,0,50,0,0,0,0,0,0,,0,6
0,0,55,0,15,0,2,255,0,190,0,107007_attack_07_anm.hkt,20,0,0,0,50,0,0,0,0,0,0,,0,9
0,0,10,0,15,0,2,255,0,191,0,110010_angry_st_anm.hkt,12,0,0,0,50,0,0,0,0,0,0,,0,7
0,0,55,0,15,0,2,255,0,192,0,107007_attack_07_anm.hkt,20,0,0,0,50,0,0,0,0,0,0,,0,10
0,0,10,0,15,0,2,255,0,193,0,110010_angry_st_anm.hkt,12,0,0,0,50,0,0,0,0,0,0,,0,8
0,15,45,0,30,55,2,255,0,197,0,104000_dash_st_anm.hkt,33,0,0,0,50,0,0,0,0,0,0,,0,11
0,0,-70,0,30,56,2,255,0,198,0,102000_encounter_a_anm.hkt,18,0,0,0,50,0,0,0,0,0,0,,0,14
0,15,45,0,30,55,2,255,0,199,0,104000_dash_st_anm.hkt,33,0,0,0,50,0,0,0,0,0,0,,0,12
0,0,-70,0,30,56,2,255,0,200,0,102000_encounter_a_anm.hkt,18,0,0,0,50,0,0,0,0,0,0,,0,15
0,15,45,0,30,55,2,255,0,201,0,104000_dash_st_anm.hkt,33,0,0,0,50,0,0,0,0,0,0,,0,13
0,0,-70,0,30,56,2,255,0,202,0,102000_encounter_a_anm.hkt,18,0,0,0,50,0,0,0,0,0,0,,0,16
0,0,-5,0,28,57,2,255,0,203,0,100000_idle_anm.hkt,47,0,0,0,50,0,0,0,0,0,0,,0,17
0,0,5,0,30,0,2,255,0,204,0,107007_attack_07_anm.hkt,117,0,0,0,50,0,0,0,0,0,0,,0,20
0,0,-5,0,28,57,2,255,0,205,0,100000_idle_anm.hkt,47,0,0,0,50,0,0,0,0,0,0,,0,18
0,0,5,0,30,0,2,255,0,206,0,107007_attack_07_anm.hkt,117,0,0,0,50,0,0,0,0,0,0,,0,21
0,0,40,0,18,58,2,255,0,208,0,001000_unique_a_anm.hkt,131,0,0,0,50,0,0,0,0,0,0,,0,22
0,0,-60,0,18,0,2,255,0,209,0,002000_pop_a_anm.hkt,118,0,0,0,50,0,0,0,0,0,0,,0,24
0,0,40,0,18,58,2,255,0,210,0,001000_unique_a_anm.hkt,131,0,0,0,50,0,0,0,0,0,0,,0,23
0,0,-60,0,18,0,2,255,0,211,0,002000_pop_a_anm.hkt,118,0,0,0,50,0,0,0,0,0,0,,0,25
0,0,55,0,105,59,2,255,0,212,0,103001_run_lp_anm.hkt,5000,0,0,0,50,0,0,0,0,0,0,,0,26
0,0,45,0,105,60,2,255,0,213,0,101000_unique_anm.hkt,19,0,0,0,50,0,0,0,0,0,0,,0,28
0,0,-55,0,105,61,2,255,0,214,0,107005_attack_05_anm.hkt,128,0,0,0,50,0,0,0,0,0,0,,0,29
0,0,55,0,105,59,2,255,0,215,0,103001_run_lp_anm.hkt,5000,0,0,0,50,0,0,0,0,0,0,,0,27
0,0,-55,0,105,61,2,255,0,216,0,107005_attack_05_anm.hkt,128,0,0,0,50,0,0,0,0,0,0,,0,30
0,0,30,0,90,62,2,255,0,217,0,102000_encounter_a_anm.hkt,51,0,0,0,50,0,0,0,0,0,0,,0,31
0,0,30,0,90,62,2,255,0,218,0,102000_encounter_a_anm.hkt,51,0,0,0,50,0,0,0,0,0,0,,0,33
0,0,30,0,90,62,2,255,0,219,0,102000_encounter_a_anm.hkt,51,0,0,0,50,0,0,0,0,0,0,,0,32
0,0,0,0,100,0,2,255,0,217,0,110010_angry_st_anm.hkt,10,0,0,0,50,0,0,0,0,0,0,,0,0
0,0,0,0,100,0,2,255,0,217,0,110010_angry_st_anm.hkt,10,0,0,0,50,0,0,0,0,0,0,,0,0
0,0,0,0,100,0,2,255,0,217,0,110010_angry_st_anm.hkt,10,0,0,0,50,0,0,0,0,0,0,,0,0
0,0,30,0,6,63,2,255,0,223,0,107007_attack_07_anm.hkt,54,0,0,0,50,0,0,0,0,0,0,,0,35
0,0,-35,0,6,0,2,255,0,225,0,003001_walk_lp_anm.hkt,1,0,0,0,50,0,0,0,0,0,0,,0,37
0,0,30,0,6,63,2,255,0,226,0,107007_attack_07_anm.hkt,54,0,0,0,50,0,0,0,0,0,0,,0,36
0,0,-35,0,6,0,2,255,0,227,0,003001_walk_lp_anm.hkt,1,0,0,0,50,0,0,0,0,0,0,,0,38
0,0,-16,0,6,64,2,255,0,228,0,107015_attack_15_anm.hkt,202,0,0,0,50,0,0,0,0,0,0,,0,34
0,0,-60,0,60,65,2,255,0,232,0,110010_angry_st_anm.hkt,97,0,0,0,50,0,0,0,0,0,0,,0,39
0,0,-50,0,52,66,2,255,0,233,0,103001_run_lp_anm.hkt,5000,0,0,0,50,0,0,0,0,0,0,,0,41
0,0,-50,0,52,66,2,255,0,234,0,103001_run_lp_anm.hkt,5000,0,0,0,50,0,0,0,0,0,0,,0,42
0,0,-60,0,60,65,2,255,0,235,0,110010_angry_st_anm.hkt,97,0,0,0,50,0,0,0,0,0,0,,0,40
0,0,45,0,52,0,2,255,0,236,0,105011_turn_r_120_anm.hkt,30,0,0,0,50,0,0,0,0,0,0,,0,44
0,0,-50,0,52,66,2,255,0,237,0,103001_run_lp_anm.hkt,5000,0,0,0,50,0,0,0,0,0,0,,0,43
0,0,45,0,52,0,2,255,0,238,0,105011_turn_r_120_anm.hkt,30,0,0,0,50,0,0,0,0,0,0,,0,45
0,0,-45,0,17,67,2,255,0,239,0,102000_encounter_a_anm.hkt,35,0,0,0,50,0,0,0,0,0,0,,0,46
0,0,-45,0,17,67,2,255,0,241,0,102000_encounter_a_anm.hkt,35,0,0,0,50,0,0,0,0,0,0,,0,47
0,0,0,0,18,68,2,1,0,242,870053,107001_attack_01_anm.hkt,32,0,0,0,50,0,0,0,0,0,0,,0,503
0,0,-49,0,52,69,2,255,0,243,0,102000_encounter_a_anm.hkt,48,0,0,0,50,0,0,0,0,0,0,,0,501
0,0,-18,0,56,70,2,255,0,244,0,100000_idle_anm.hkt,118,0,0,0,50,0,0,0,0,0,0,,0,502
0,0,55,0,16,0,2,255,0,245,0,101000_unique_anm.hkt,54,0,0,0,50,0,0,0,0,0,0,,0,145
0,0,-20,0,16,0,2,255,0,246,0,110010_angry_st_anm.hkt,9,0,0,0,50,0,0,0,0,0,0,,0,48
0,0,-20,0,16,0,2,255,0,247,0,110010_angry_st_anm.hkt,9,0,0,0,50,0,0,0,0,0,0,,0,49
0,32,10,5,35,71,2,255,0,249,0,002000_pop_a_anm.hkt,56,0,0,0,50,0,0,0,0,0,0,,0,147
0,25,-15,0,35,72,2,255,0,250,0,102001_encounter_b_anm.hkt,9,0,0,0,50,0,0,0,0,0,0,,0,151
0,32,10,5,35,71,2,255,0,251,0,002000_pop_a_anm.hkt,56,0,0,0,50,0,0,0,0,0,0,,0,148
0,32,10,5,35,71,2,255,0,252,0,002000_pop_a_anm.hkt,56,0,0,0,50,0,0,0,0,0,0,,0,149
0,32,10,5,35,71,2,255,0,253,0,002000_pop_a_anm.hkt,56,0,0,0,50,0,0,0,0,0,0,,0,150
0,25,-15,0,35,72,2,255,0,254,0,102001_encounter_b_anm.hkt,9,0,0,0,50,0,0,0,0,0,0,,0,152
0,25,-15,0,35,72,2,255,0,255,0,102001_encounter_b_anm.hkt,9,0,0,0,50,0,0,0,0,0,0,,0,153
0,5,25,5,23,73,2,255,0,256,0,102000_encounter_a_anm.hkt,46,0,0,0,50,0,0,0,0,0,0,,0,50
0,16,-25,-14,23,74,2,255,0,257,0,307001_attack_01_anm.hkt,55,0,0,0,50,0,0,0,0,0,0,,0,52
0,5,25,5,23,73,2,255,0,258,0,102000_encounter_a_anm.hkt,46,0,0,0,50,0,0,0,0,0,0,,0,51
0,16,-25,-14,23,74,2,255,0,259,0,307001_attack_01_anm.hkt,55,0,0,0,50,0,0,0,0,0,0,,0,53
0,-35,35,-20,8,75,2,255,0,260,0,107004_attack_04_anm.hkt,125,0,0,0,50,0,0,0,0,0,0,,0,154
0,-35,35,-20,8,75,2,255,0,261,0,107004_attack_04_anm.hkt,125,0,0,0,50,0,0,0,0,0,0,,0,155
0,-35,35,-20,8,75,2,255,0,262,0,107004_attack_04_anm.hkt,125,0,0,0,50,0,0,0,0,0,0,,0,156
0,0,8,0,6,76,2,255,0,263,0,001000_unique_a_anm.hkt,162,0,0,0,50,0,0,0,0,0,0,,0,219
0,25,-10,0,5,82,2,255,0,264,0,104002_dash_lp_anm.hkt,5000,0,0,0,50,0,0,0,0,0,0,,0,157
0,0,8,0,6,76,2,255,0,266,0,001000_unique_a_anm.hkt,162,0,0,0,50,0,0,0,0,0,0,,0,220
0,25,-10,0,5,82,2,255,0,267,0,104002_dash_lp_anm.hkt,5000,0,0,0,50,0,0,0,0,0,0,,0,158
0,0,25,0,60,77,2,255,0,269,0,107002_attack_02_anm.hkt,11,0,0,0,50,0,0,0,0,0,0,,0,221
0,0,120,0,65,0,2,255,0,270,0,107004_attack_04_anm.hkt,4,0,0,0,50,0,0,0,0,0,0,,0,223
0,0,25,0,60,77,2,255,0,271,0,107002_attack_02_anm.hkt,11,0,0,0,50,0,0,0,0,0,0,,0,222
0,0,120,0,65,0,2,255,0,272,0,107004_attack_04_anm.hkt,4,0,0,0,50,0,0,0,0,0,0,,0,224
0,0,-18,0,3,0,2,255,0,273,0,107005_attack_05_anm.hkt,49,0,0,0,50,0,0,0,0,0,0,,0,225
0,0,-18,0,3,0,2,255,0,274,0,107005_attack_05_anm.hkt,49,0,0,0,50,0,0,0,0,0,0,,0,226
0,0,-50,0,4,78,2,1,0,275,870055,107001_attack_01_anm.hkt,44,0,0,0,50,0,0,0,0,0,0,,0,601
0,-8,12,2,4,79,2,1,0,276,870056,303021_move_l_lp_anm.hkt,3,0,0,0,50,0,0,0,0,0,0,,0,602
0,0,27,0,4,80,2,1,0,277,870057,107010_attack_10_anm.hkt,132,0,0,0,50,0,0,0,0,0,0,,0,603
0,10,20,2,4,81,2,1,0,278,870054,208000_change_mode_anm.hkt,84,0,0,0,50,0,0,0,0,0,0,,0,604
0,0,45,0,55,83,2,255,0,280,0,107004_attack_04_anm.hkt,53,0,0,0,50,0,0,0,0,0,0,,0,54
0,12,-53,-14,70,84,2,255,0,281,0,104003_dash_ed_anm.hkt,44,0,0,0,50,0,0,0,0,0,0,,0,56
0,0,60,0,70,85,2,255,0,283,0,001000_unique_a_anm.hkt,29,0,0,0,50,0,0,0,0,0,0,,0,57
0,1,28,0,70,86,2,255,0,284,0,103041_move_b_lp_anm.hkt,12,0,0,0,50,0,0,0,0,0,0,,0,59
0,0,60,0,70,85,2,255,0,285,0,001000_unique_a_anm.hkt,29,0,0,0,50,0,0,0,0,0,0,,0,58
0,1,28,0,70,86,2,255,0,286,0,103041_move_b_lp_anm.hkt,12,0,0,0,50,0,0,0,0,0,0,,0,60
0,1,28,0,70,86,2,255,0,287,0,103041_move_b_lp_anm.hkt,12,0,0,0,50,0,0,0,0,0,0,,0,61
0,0,-15,0,47,87,2,255,0,288,0,001000_unique_a_anm.hkt,136,0,0,0,50,0,0,0,0,0,0,,0,62
0,0,5,0,47,0,2,255,0,289,0,107001_attack_01_anm.hkt,7,0,0,0,50,0,0,0,0,0,0,,0,70
0,0,-15,0,47,87,2,255,0,290,0,001000_unique_a_anm.hkt,136,0,0,0,50,0,0,0,0,0,0,,0,63
0,0,-15,0,47,87,2,255,0,291,0,001000_unique_a_anm.hkt,136,0,0,0,50,0,0,0,0,0,0,,0,64
0,0,-15,0,47,87,2,255,0,292,0,001000_unique_a_anm.hkt,136,0,0,0,50,0,0,0,0,0,0,,0,65
0,0,5,0,47,0,2,255,0,293,0,107001_attack_01_anm.hkt,7,0,0,0,50,0,0,0,0,0,0,,0,71
0,0,-15,0,47,87,2,255,0,294,0,001000_unique_a_anm.hkt,136,0,0,0,50,0,0,0,0,0,0,,0,66
0,0,-15,0,47,87,2,255,0,295,0,001000_unique_a_anm.hkt,136,0,0,0,50,0,0,0,0,0,0,,0,67
0,0,-15,0,47,87,2,255,0,296,0,001000_unique_a_anm.hkt,136,0,0,0,50,0,0,0,0,0,0,,0,68
0,0,-15,0,47,87,2,255,0,297,0,001000_unique_a_anm.hkt,136,0,0,0,50,0,0,0,0,0,0,,0,69
0,0,50,0,65,88,2,255,0,299,0,107002_attack_02_anm.hkt,16,0,0,0,50,0,0,0,0,0,0,,0,72
0,0,50,0,65,88,2,255,0,300,0,107002_attack_02_anm.hkt,16,0,0,0,50,0,0,0,0,0,0,,0,73
0,0,-42,0,42,89,2,255,0,301,0,110010_angry_st_anm.hkt,83,0,0,0,50,0,0,0,0,0,0,,0,74
0,0,20,0,49,90,2,255,0,302,0,001021_unique_b_lp_anm.hkt,15,0,0,0,50,0,0,0,0,0,0,,0,76
0,0,-42,0,42,89,2,255,0,303,0,110010_angry_st_anm.hkt,83,0,0,0,50,0,0,0,0,0,0,,0,75
0,0,20,0,49,90,2,255,0,304,0,001021_unique_b_lp_anm.hkt,15,0,0,0,50,0,0,0,0,0,0,,0,77
0,0,45,0,36,0,2,255,0,128,0,107003_attack_03_anm.hkt,59,0,0,0,50,0,0,0,0,0,0,,0,105
0,0,-5,0,28,57,2,255,0,207,0,100000_idle_anm.hkt,47,0,0,0,50,0,0,0,0,0,0,,0,19
0,0,55,0,16,0,2,255,0,248,0,101000_unique_anm.hkt,54,0,0,0,50,0,0,0,0,0,0,,0,146
0,0,45,0,55,83,2,255,0,282,0,107004_attack_04_anm.hkt,53,0,0,0,50,0,0,0,0,0,0,,0,55
0,0,0,0,17,0,2,255,0,300,0,110010_angry_st_anm.hkt,10,0,0,0,50,0,0,0,0,0,0,,0,0
0,0,0,0,17,0,2,255,0,300,0,110010_angry_st_anm.hkt,10,0,0,0,50,0,0,0,0,0,0,,0,0
0,0,0,0,17,0,2,255,0,300,0,110010_angry_st_anm.hkt,10,0,0,0,50,0,0,0,0,0,0,,0,0
0,0,0,0,17,0,2,255,0,300,0,110010_angry_st_anm.hkt,10,0,0,0,50,0,0,0,0,0,0,,0,0
0,0,0,0,17,0,2,255,0,300,0,110010_angry_st_anm.hkt,10,0,0,0,50,0,0,0,0,0,0,,0,0
0,0,0,0,17,0,2,255,0,300,0,110010_angry_st_anm.hkt,10,0,0,0,50,0,0,0,0,0,0,,0,0
0,0,0,0,17,0,2,255,0,300,0,110010_angry_st_anm.hkt,10,0,0,0,50,0,0,0,0,0,0,,0,0
0,0,0,0,17,0,2,255,0,300,0,110010_angry_st_anm.hkt,10,0,0,0,50,0,0,0,0,0,0,,0,0
0,0,0,0,17,0,2,255,0,300,0,110010_angry_st_anm.hkt,10,0,0,0,50,0,0,0,0,0,0,,0,0
0,0,0,0,17,0,2,255,0,300,0,110010_angry_st_anm.hkt,10,0,0,0,50,0,0,0,0,0,0,,0,0
0,0,0,0,17,0,2,255,0,300,0,110010_angry_st_anm.hkt,10,0,0,0,50,0,0,0,0,0,0,,0,0
0,0,0,0,17,0,2,255,0,300,0,110010_angry_st_anm.hkt,10,0,0,0,50,0,0,0,0,0,0,,0,0
0,0,0,0,17,0,2,255,0,300,0,110010_angry_st_anm.hkt,10,0,0,0,50,0,0,0,0,0,0,,0,0
0,0,0,0,17,0,2,255,0,300,0,110010_angry_st_anm.hkt,10,0,0,0,50,0,0,0,0,0,0,,0,0
0,0,0,0,17,0,2,255,0,300,0,110010_angry_st_anm.hkt,10,0,0,0,50,0,0,0,0,0,0,,0,0
0,0,0,0,17,0,2,255,0,300,0,110010_angry_st_anm.hkt,10,0,0,0,50,0,0,0,0,0,0,,0,0
0,0,0,0,17,0,2,255,0,300,0,110010_angry_st_anm.hkt,10,0,0,0,50,0,0,0,0,0,0,,0,0
0,0,0,0,17,0,2,255,0,300,0,110010_angry_st_anm.hkt,10,0,0,0,50,0,0,0,0,0,0,,0,0
0,0,0,0,17,0,2,255,0,300,0,110010_angry_st_anm.hkt,10,0,0,0,50,0,0,0,0,0,0,,0,0
0,0,0,0,17,0,2,255,0,300,0,110010_angry_st_anm.hkt,10,0,0,0,50,0,0,0,0,0,0,,0,0
0,0,0,0,17,0,2,255,0,300,0,110010_angry_st_anm.hkt,10,0,0,0,50,0,0,0,0,0,0,,0,0
0,0,0,0,17,0,2,255,0,300,0,110010_angry_st_anm.hkt,10,0,0,0,50,0,0,0,0,0,0,,0,0
0,0,0,0,17,0,2,255,0,300,0,110010_angry_st_anm.hkt,10,0,0,0,50,0,0,0,0,0,0,,0,0
0,0,0,0,17,0,2,255,0,300,0,110010_angry_st_anm.hkt,10,0,0,0,50,0,0,0,0,0,0,,0,0
0,0,0,0,17,0,2,255,0,300,0,110010_angry_st_anm.hkt,10,0,0,0,50,0,0,0,0,0,0,,0,0
0,0,0,0,17,0,2,255,0,300,0,110010_angry_st_anm.hkt,10,0,0,0,50,0,0,0,0,0,0,,0,0
0,0,0,0,17,0,2,255,0,300,0,110010_angry_st_anm.hkt,10,0,0,0,50,0,0,0,0,0,0,,0,0
0,0,0,0,17,0,2,255,0,300,0,110010_angry_st_anm.hkt,10,0,0,0,50,0,0,0,0,0,0,,0,0
0,0,0,0,17,0,2,255,0,300,0,110010_angry_st_anm.hkt,10,0,0,0,50,0,0,0,0,0,0,,0,0
0,0,0,0,17,0,2,255,0,300,0,110010_angry_st_anm.hkt,10,0,0,0,50,0,0,0,0,0,0,,0,0
0,0,0,0,17,0,2,255,0,300,0,110010_angry_st_anm.hkt,10,0,0,0,50,0,0,0,0,0,0,,0,0
0,0,0,0,17,0,2,255,0,300,0,110010_angry_st_anm.hkt,10,0,0,0,50,0,0,0,0,0,0,,0,0
0,0,0,0,17,0,2,255,0,300,0,110010_angry_st_anm.hkt,10,0,0,0,50,0,0,0,0,0,0,,0,0
0,0,0,0,17,0,2,255,0,300,0,110010_angry_st_anm.hkt,10,0,0,0,50,0,0,0,0,0,0,,0,0
0,0,0,0,17,0,2,255,0,300,0,110010_angry_st_anm.hkt,10,0,0,0,50,0,0,0,0,0,0,,0,0
0,0,0,0,17,0,2,255,0,300,0,110010_angry_st_anm.hkt,10,0,0,0,50,0,0,0,0,0,0,,0,0
0,0,0,0,100,0,3,0,0,870050,0,,0,0,0,0,100,0,0,0,0,0,0,,0,30502
0,-30,-90,0,250,92,4,255,0,1,0,0020_anm.hkt,5000,0,0,0,200,0,0,0,0,0,0,,0,10001
0,-30,-90,0,250,93,4,255,0,8,0,0020_anm.hkt,5000,0,0,0,200,0,0,0,0,0,0,,0,10002
0,-30,-90,0,250,94,4,255,0,15,0,0020_anm.hkt,5000,0,0,0,200,0,0,0,0,0,0,,0,10003
0,-30,-90,0,250,95,4,255,0,22,0,0020_anm.hkt,5000,0,0,0,200,0,0,0,0,0,0,,0,10004
0,-30,-90,0,250,95,4,255,0,36,0,0020_anm.hkt,5000,0,0,0,200,0,0,0,0,0,0,,0,10005
0,-30,-90,0,250,97,4,255,0,29,0,0020_anm.hkt,5000,0,0,0,200,0,0,0,0,0,0,,0,10006
0,-30,-90,0,250,98,4,255,0,50,0,0020_anm.hkt,5000,0,0,0,200,0,0,0,0,0,0,,0,10007
0,-30,-90,0,250,96,4,255,0,43,0,0020_anm.hkt,5000,0,0,0,200,0,0,0,0,0,0,,0,10008
0,0,90,0,250,106,4,255,0,113,0,0020_anm.hkt,5000,0,90,0,250,107,4,255,0,113,0,0020_anm.hkt,5000,10009
0,0,90,0,250,112,4,255,0,155,0,0020_anm.hkt,5000,0,90,0,250,113,4,255,0,155,0,0020_anm.hkt,5000,10010
0,0,90,0,250,110,4,255,0,141,0,0020_anm.hkt,5000,0,90,0,250,111,4,255,0,141,0,0020_anm.hkt,5000,10011
0,0,90,0,250,116,4,255,0,225,0,0020_anm.hkt,5000,0,90,0,250,117,4,255,0,225,0,0020_anm.hkt,5000,10012
0,0,90,0,250,108,4,255,0,127,0,0020_anm.hkt,5000,0,90,0,250,109,4,255,0,127,0,0020_anm.hkt,5000,10013
0,0,90,0,250,114,4,255,0,169,0,0020_anm.hkt,5000,0,90,0,250,115,4,255,0,169,0,0020_anm.hkt,5000,10014
0,0,90,0,250,112,4,255,0,197,0,0020_anm.hkt,5000,0,90,0,250,113,4,255,0,197,0,0020_anm.hkt,5000,10015
0,0,90,0,250,108,4,255,0,267,0,0020_anm.hkt,5000,0,90,0,250,109,4,255,0,267,0,0020_anm.hkt,5000,10016
0,0,90,0,250,108,4,255,0,239,0,0020_anm.hkt,5000,0,90,0,250,109,4,255,0,239,0,0020_anm.hkt,5000,10017
0,0,45,0,200,124,4,255,0,345,0,0020_anm.hkt,5000,0,0,0,200,0,0,0,0,0,0,,0,10018
0,0,45,0,200,125,4,255,0,352,0,0020_anm.hkt,5000,0,0,0,200,0,0,0,0,0,0,,0,10019
0,0,45,0,200,126,4,255,0,359,0,0020_anm.hkt,5000,0,0,0,200,0,0,0,0,0,0,,0,10020
0,0,45,0,200,126,4,255,0,366,0,0020_anm.hkt,5000,0,0,0,200,0,0,0,0,0,0,,0,10021
0,0,45,0,200,128,4,255,0,380,0,0020_anm.hkt,5000,0,0,0,200,0,0,0,0,0,0,,0,10022
0,0,45,0,200,129,4,255,0,387,0,0020_anm.hkt,5000,0,0,0,200,0,0,0,0,0,0,,0,10023
0,0,45,0,200,127,4,255,0,373,0,0020_anm.hkt,5000,0,0,0,200,0,0,0,0,0,0,,0,10024
0,0,45,0,200,130,4,255,0,394,0,0020_anm.hkt,5000,0,0,0,200,0,0,0,0,0,0,,0,10025
0,0,-45,0,200,118,4,255,0,289,0,0020_anm.hkt,5000,0,0,0,200,0,0,0,0,0,0,,0,10026
0,0,-45,0,200,118,4,255,0,296,0,0020_anm.hkt,5000,0,0,0,200,0,0,0,0,0,0,,0,10027
0,0,-45,0,200,119,4,255,0,303,0,0020_anm.hkt,5000,0,0,0,200,0,0,0,0,0,0,,0,10028
0,0,-45,0,200,121,4,255,0,317,0,0020_anm.hkt,5000,0,0,0,200,0,0,0,0,0,0,,0,10029
0,0,-45,0,200,122,4,255,0,324,0,0020_anm.hkt,5000,0,0,0,200,0,0,0,0,0,0,,0,10030
0,0,-45,0,200,120,4,255,0,310,0,0020_anm.hkt,5000,0,0,0,200,0,0,0,0,0,0,,0,10031
0,0,-45,0,200,123,4,255,0,338,0,3120_anm.hkt,5000,0,0,0,200,0,0,0,0,0,0,,0,10032
0,0,-45,0,200,119,4,255,0,331,0,0020_anm.hkt,5000,0,0,0,200,0,0,0,0,0,0,,0,10033
0,90,65,105,200,99,4,255,0,57,0,0020_anm.hkt,5000,0,0,0,200,0,0,0,0,0,0,,0,10034
0,90,65,105,200,100,4,255,0,64,0,0020_anm.hkt,5000,0,0,0,200,0,0,0,0,0,0,,0,10035
0,90,65,105,200,101,4,255,0,71,0,0020_anm.hkt,5000,0,0,0,200,0,0,0,0,0,0,,0,10036
0,90,65,105,200,103,4,255,0,85,0,0020_anm.hkt,5000,0,0,0,200,0,0,0,0,0,0,,0,10037
0,90,65,105,200,102,4,255,0,78,0,0020_anm.hkt,5000,0,0,0,200,0,0,0,0,0,0,,0,10038
0,90,65,105,200,99,4,255,0,106,0,0020_anm.hkt,5000,0,0,0,200,0,0,0,0,0,0,,0,10039
0,90,65,105,200,104,4,255,0,92,0,0020_anm.hkt,5000,0,0,0,200,0,0,0,0,0,0,,0,10040
0,90,65,105,200,105,4,255,0,99,0,0020_anm.hkt,5000,0,0,0,200,0,0,0,0,0,0,,0,10041
0,15,-25,0,200,131,4,255,0,401,0,0020_anm.hkt,5000,15,25,0,200,132,4,255,0,401,0,0020_anm.hkt,5000,10042
0,15,-25,0,200,131,4,255,0,415,0,0020_anm.hkt,5000,15,25,0,200,132,4,255,0,415,0,0020_anm.hkt,5000,10043
0,20,-25,0,200,135,4,255,0,443,0,0020_anm.hkt,5000,20,25,0,200,136,4,255,0,443,0,0020_anm.hkt,5000,10044
0,15,-25,0,200,137,4,255,0,457,0,0020_anm.hkt,5000,15,25,0,200,138,4,255,0,457,0,0020_anm.hkt,5000,10045
0,25,-25,0,200,139,4,255,0,471,0,0020_anm.hkt,54,25,25,0,200,140,4,255,0,471,0,0020_anm.hkt,20,10046
0,15,-25,0,200,133,4,255,0,429,0,0020_anm.hkt,5000,15,25,0,200,134,4,255,0,429,0,0020_anm.hkt,5000,10047
0,15,-25,0,200,143,4,255,0,499,0,0020_anm.hkt,10,15,25,0,200,144,4,255,0,499,0,0020_anm.hkt,5000,10048
0,15,-25,0,200,141,4,255,0,485,0,0020_anm.hkt,5000,15,25,0,200,142,4,255,0,485,0,0020_anm.hkt,5000,10049
0,15,45,0,250,145,4,255,0,1234,0,0020_anm.hkt,5000,0,0,0,200,0,0,0,0,0,0,,0,10050
0,0,90,0,200,146,4,255,0,513,0,0020_anm.hkt,5000,0,0,0,200,0,0,0,0,0,0,,0,10051
0,0,90,0,200,147,4,255,0,520,0,0020_anm.hkt,5000,0,90,0,200,148,4,0,0,527,0,,0,10052
0,0,90,0,200,151,4,255,0,534,0,0020_anm.hkt,5000,0,0,0,200,0,0,0,0,0,0,,0,10053
0,0,90,0,200,149,4,255,0,548,0,0020_anm.hkt,5000,0,90,0,200,150,4,0,0,555,0,,0,10054
0,0,90,0,200,152,4,255,0,562,0,0020_anm.hkt,5000,0,0,0,200,0,0,0,0,0,0,,0,10055
0,0,90,0,200,158,4,255,0,618,0,0020_anm.hkt,5000,0,0,0,200,0,0,0,0,0,0,,0,10056
0,0,90,0,200,155,4,255,0,590,0,0020_anm.hkt,5000,0,90,0,200,156,4,0,0,597,0,,0,10057
0,0,90,0,200,157,4,255,0,604,0,0020_anm.hkt,5000,0,0,0,200,0,0,0,0,0,0,,0,10058
0,40,-90,0,200,162,4,255,0,730,0,0020_anm.hkt,5000,40,90,0,200,163,4,255,0,730,0,0020_anm.hkt,5000,10059
0,45,-90,0,200,164,4,255,0,758,0,0020_anm.hkt,5000,45,90,0,200,165,4,255,0,758,0,0020_anm.hkt,5000,10060
0,45,-90,0,200,162,4,255,0,786,0,0020_anm.hkt,5000,45,90,0,200,163,4,255,0,786,0,0020_anm.hkt,5000,10061
0,40,-90,0,200,166,4,255,0,842,0,0020_anm.hkt,5000,40,90,0,200,167,4,255,0,842,0,0020_anm.hkt,5000,10062
0,40,-90,0,200,162,4,255,0,814,0,0020_anm.hkt,5000,40,90,0,200,163,4,255,0,814,0,0020_anm.hkt,5000,10063
0,40,-90,0,200,166,4,255,0,926,0,0020_anm.hkt,5000,40,90,0,200,167,4,255,0,926,0,0020_anm.hkt,5000,10064
0,50,-90,0,200,162,4,255,0,870,0,0020_anm.hkt,5000,50,90,0,200,163,4,255,0,870,0,0020_anm.hkt,5000,10065
0,45,-90,0,200,162,4,255,0,898,0,0020_anm.hkt,5000,45,90,0,200,163,4,255,0,898,0,0020_anm.hkt,5000,10066
0,30,-90,0,250,172,4,255,0,1010,0,0020_anm.hkt,5000,30,-90,0,200,173,4,0,0,1017,0,,0,10067
0,30,-90,0,250,174,4,255,0,1024,0,0020_anm.hkt,5000,30,-90,0,200,173,4,0,0,1031,0,,0,10068
0,30,-90,0,250,175,4,255,0,1038,0,0020_anm.hkt,5000,30,-90,0,200,176,4,0,0,1045,0,,0,10069
0,30,-90,0,250,177,4,255,0,1052,0,0020_anm.hkt,5000,0,0,0,200,0,0,0,0,0,0,,0,10070
0,30,-90,0,250,178,4,255,0,1066,0,0020_anm.hkt,5000,0,0,0,200,0,0,0,0,0,0,,0,10071
0,-30,90,0,250,182,4,255,0,1108,0,0020_anm.hkt,5000,0,0,0,200,0,0,0,0,0,0,,0,10072
0,30,-90,0,250,179,4,255,0,1080,0,0020_anm.hkt,5000,30,-90,0,200,180,4,0,0,1087,0,,0,10073
0,30,-90,0,250,181,4,255,0,1094,0,0020_anm.hkt,5000,0,0,0,200,0,0,0,0,0,0,,0,10074
0,0,0,0,200,168,4,255,0,954,0,0020_anm.hkt,5000,0,0,0,200,0,0,0,0,0,0,,0,10075
0,0,0,0,200,169,4,255,0,961,0,0020_anm.hkt,5000,0,0,0,200,0,0,0,0,0,0,,0,10076
0,0,0,0,200,169,4,255,0,982,0,0020_anm.hkt,5000,0,0,0,200,0,0,0,0,0,0,,0,10077
0,0,0,0,200,170,4,255,0,989,0,0020_anm.hkt,5000,0,0,0,200,0,0,0,0,0,0,,0,10078
0,0,0,0,200,169,4,255,0,968,0,0020_anm.hkt,5000,0,0,0,200,0,0,0,0,0,0,,0,10079
0,0,0,0,200,169,4,255,0,975,0,0020_anm.hkt,5000,0,0,0,200,0,0,0,0,0,0,,0,10080
0,0,0,0,200,171,4,255,0,996,0,0000_anm.hkt,5000,0,0,0,200,0,0,0,0,0,0,,0,10081
0,0,0,0,200,169,4,255,0,1003,0,0020_anm.hkt,5000,0,0,0,200,0,0,0,0,0,0,,0,10082
0,45,-90,0,170,159,4,255,0,632,0,0020_anm.hkt,5000,0,0,0,200,0,0,0,0,0,0,,0,10083
0,45,-90,0,170,159,4,255,0,639,0,0020_anm.hkt,5000,0,0,0,200,0,0,0,0,0,0,,0,10084
0,45,-90,0,170,159,4,255,0,653,0,0020_anm.hkt,5000,0,0,0,200,0,0,0,0,0,0,,0,10085
0,45,-90,0,170,159,4,255,0,681,0,0020_anm.hkt,5000,0,0,0,200,0,0,0,0,0,0,,0,10086
0,45,-90,0,170,160,4,255,0,695,0,0020_anm.hkt,5000,0,0,0,200,0,0,0,0,0,0,,0,10087
0,45,-90,0,170,160,4,255,0,667,0,0020_anm.hkt,5000,0,0,0,200,0,0,0,0,0,0,,0,10088
0,45,-90,0,170,161,4,255,0,716,0,0020_anm.hkt,5000,0,0,0,200,0,0,0,0,0,0,,0,10089
0,45,-90,0,170,159,4,255,0,709,0,0020_anm.hkt,5000,0,0,0,200,0,0,0,0,0,0,,0,10090
0,-30,-90,0,200,183,4,255,0,1122,0,0020_anm.hkt,5000,0,0,0,200,0,0,0,0,0,0,,0,10091
0,-30,-90,0,200,184,4,255,0,1136,0,0020_anm.hkt,5000,65521,-90,0,200,185,4,0,0,1143,0,,0,10092
0,-30,-90,0,200,186,4,255,0,1150,0,0020_anm.hkt,5000,0,0,0,200,0,0,0,0,0,0,,0,10093
0,-30,-90,0,200,187,4,255,0,1164,0,0020_anm.hkt,5000,0,0,0,200,0,0,0,0,0,0,,0,10094
0,-30,-90,0,200,188,4,255,0,1178,0,0020_anm.hkt,5000,0,0,0,200,0,0,0,0,0,0,,0,10095
0,-30,-90,0,200,187,4,255,0,1192,0,0020_anm.hkt,5000,0,0,0,200,0,0,0,0,0,0,,0,10096
0,-30,-90,0,200,189,4,255,0,1206,0,0020_anm.hkt,5000,0,0,0,200,0,0,0,0,0,0,,0,10097
0,-30,-90,0,200,186,4,255,0,1220,0,0020_anm.hkt,5000,0,0,0,200,0,0,0,0,0,0,,0,10098
0,0,90,0,200,153,4,255,0,576,0,0020_anm.hkt,5000,0,90,0,200,154,4,0,0,583,0,,0,10099
0,0,90,0,200,91,4,255,0,1241,0,0020_anm.hkt,5000,0,0,0,200,0,0,0,0,0,0,,0,10100
0,0,0,0,200,0,6,255,0,9,0,000000m_avatar_idle_anm.hkt,5000,0,0,0,100,0,0,0,0,0,0,,0,20001
0,0,0,0,195,0,6,255,1,9,0,000000f_avatar_idle_anm.hkt,5000,0,0,0,100,0,0,0,0,0,0,,0,20002
0,0,0,0,200,0,6,255,0,10,0,000000m_avatar_idle_anm.hkt,5000,0,0,0,100,0,0,0,0,0,0,,0,20003
0,0,0,0,195,0,6,255,1,10,0,000000f_avatar_idle_anm.hkt,5000,0,0,0,100,0,0,0,0,0,0,,0,20004
0,0,0,0,200,0,6,255,0,11,0,000000m_avatar_idle_anm.hkt,5000,0,0,0,100,0,0,0,0,0,0,,0,20005
0,0,0,0,195,0,6,255,1,11,0,000000f_avatar_idle_anm.hkt,5000,0,0,0,100,0,0,0,0,0,0,,0,20006
0,0,0,0,200,0,6,255,0,12,0,000000m_avatar_idle_anm.hkt,5000,0,0,0,100,0,0,0,0,0,0,,0,20007
0,0,0,0,195,0,6,255,1,12,0,000000f_avatar_idle_anm.hkt,5000,0,0,0,100,0,0,0,0,0,0,,0,20008
0,0,0,0,200,0,6,255,0,13,0,000000m_avatar_idle_anm.hkt,5000,0,0,0,100,0,0,0,0,0,0,,0,20009
0,0,0,0,195,0,6,255,1,13,0,000000f_avatar_idle_anm.hkt,5000,0,0,0,100,0,0,0,0,0,0,,0,20010
0,0,0,0,200,0,6,255,0,14,0,000000m_avatar_idle_anm.hkt,5000,0,0,0,100,0,0,0,0,0,0,,0,20011
0,0,0,0,195,0,6,255,1,14,0,000000f_avatar_idle_anm.hkt,5000,0,0,0,100,0,0,0,0,0,0,,0,20012
0,0,0,0,200,0,6,255,0,15,0,000000m_avatar_idle_anm.hkt,5000,0,0,0,100,0,0,0,0,0,0,,0,20013
0,0,0,0,195,0,6,255,1,15,0,000000f_avatar_idle_anm.hkt,5000,0,0,0,100,0,0,0,0,0,0,,0,20014
0,0,0,0,200,0,6,255,0,16,0,000000m_avatar_idle_anm.hkt,5000,0,0,0,100,0,0,0,0,0,0,,0,20015
0,0,0,0,195,0,6,255,1,16,0,000000f_avatar_idle_anm.hkt,5000,0,0,0,100,0,0,0,0,0,0,,0,20016
0,0,0,0,200,0,6,255,0,17,0,000000m_avatar_idle_anm.hkt,5000,0,0,0,100,0,0,0,0,0,0,,0,20017
0,0,0,0,195,0,6,255,1,17,0,000000f_avatar_idle_anm.hkt,5000,0,0,0,100,0,0,0,0,0,0,,0,20018
0,0,0,0,200,0,6,255,0,18,0,000000m_avatar_idle_anm.hkt,5000,0,0,0,100,0,0,0,0,0,0,,0,20019
0,0,0,0,195,0,6,255,1,18,0,000000f_avatar_idle_anm.hkt,5000,0,0,0,100,0,0,0,0,0,0,,0,20020
0,0,0,0,200,0,6,255,0,19,0,000000m_avatar_idle_anm.hkt,5000,0,0,0,100,0,0,0,0,0,0,,0,20021
0,0,0,0,195,0,6,255,1,19,0,000000f_avatar_idle_anm.hkt,5000,0,0,0,100,0,0,0,0,0,0,,0,20022
0,0,0,0,200,0,6,255,0,20,0,000000m_avatar_idle_anm.hkt,5000,0,0,0,100,0,0,0,0,0,0,,0,20023
0,0,0,0,195,0,6,255,1,20,0,000000f_avatar_idle_anm.hkt,5000,0,0,0,100,0,0,0,0,0,0,,0,20024
0,0,0,0,200,0,6,255,0,21,0,000000m_avatar_idle_anm.hkt,5000,0,0,0,100,0,0,0,0,0,0,,0,20025
0,0,0,0,195,0,6,255,1,21,0,000000f_avatar_idle_anm.hkt,5000,0,0,0,100,0,0,0,0,0,0,,0,20026
0,0,0,0,200,0,6,255,0,22,0,000000m_avatar_idle_anm.hkt,5000,0,0,0,100,0,0,0,0,0,0,,0,20027
0,0,0,0,195,0,6,255,1,22,0,000000f_avatar_idle_anm.hkt,5000,0,0,0,100,0,0,0,0,0,0,,0,20028
0,0,0,0,200,0,6,255,0,23,0,000000m_avatar_idle_anm.hkt,5000,0,0,0,100,0,0,0,0,0,0,,0,20029
0,0,0,0,195,0,6,255,1,23,0,000000f_avatar_idle_anm.hkt,5000,0,0,0,100,0,0,0,0,0,0,,0,20030
0,0,0,0,200,0,6,255,0,24,0,000000m_avatar_idle_anm.hkt,5000,0,0,0,100,0,0,0,0,0,0,,0,20031
0,0,0,0,195,0,6,255,1,24,0,000000f_avatar_idle_anm.hkt,5000,0,0,0,100,0,0,0,0,0,0,,0,20032
0,0,0,0,200,0,6,255,0,25,0,000000m_avatar_idle_anm.hkt,5000,0,0,0,100,0,0,0,0,0,0,,0,20033
0,0,0,0,195,0,6,255,1,25,0,000000f_avatar_idle_anm.hkt,5000,0,0,0,100,0,0,0,0,0,0,,0,20034
0,0,0,0,200,0,6,255,0,26,0,000000m_avatar_idle_anm.hkt,5000,0,0,0,100,0,0,0,0,0,0,,0,20035
0,0,0,0,195,0,6,255,1,26,0,000000f_avatar_idle_anm.hkt,5000,0,0,0,100,0,0,0,0,0,0,,0,20036
0,0,0,0,200,0,6,255,0,27,0,000000m_avatar_idle_anm.hkt,5000,0,0,0,100,0,0,0,0,0,0,,0,20037
0,0,0,0,195,0,6,255,1,27,0,000000f_avatar_idle_anm.hkt,5000,0,0,0,100,0,0,0,0,0,0,,0,20038
0,0,0,0,200,0,6,255,0,28,0,000000m_avatar_idle_anm.hkt,5000,0,0,0,100,0,0,0,0,0,0,,0,20039
0,0,0,0,195,0,6,255,1,28,0,000000f_avatar_idle_anm.hkt,5000,0,0,0,100,0,0,0,0,0,0,,0,20040
0,0,0,0,200,0,6,255,0,29,0,000000m_avatar_idle_anm.hkt,5000,0,0,0,100,0,0,0,0,0,0,,0,20041
0,0,0,0,195,0,6,255,1,29,0,000000f_avatar_idle_anm.hkt,5000,0,0,0,100,0,0,0,0,0,0,,0,20042
0,0,0,0,200,0,6,255,0,30,0,000000m_avatar_idle_anm.hkt,5000,0,0,0,100,0,0,0,0,0,0,,0,20043
0,0,0,0,195,0,6,255,1,30,0,000000f_avatar_idle_anm.hkt,5000,0,0,0,100,0,0,0,0,0,0,,0,20044
0,0,0,0,200,0,6,255,0,31,0,000000m_avatar_idle_anm.hkt,5000,0,0,0,100,0,0,0,0,0,0,,0,20045
0,0,0,0,195,0,6,255,1,31,0,000000f_avatar_idle_anm.hkt,5000,0,0,0,100,0,0,0,0,0,0,,0,20046
0,0,0,0,50,0,6,255,0,1,0,000000f_idle_anm.hkt,5000,0,0,0,100,0,0,0,0,0,0,,0,0
0,0,0,0,50,0,6,255,1,1,0,000000f_idle_anm.hkt,5000,0,0,0,100,0,0,0,0,0,0,,0,0
0,0,0,0,50,0,6,255,1,1,0,000000f_idle_anm.hkt,5000,0,0,0,100,0,0,0,0,0,0,,0,0
0,0,0,0,50,0,6,255,1,1,0,000000f_idle_anm.hkt,5000,0,0,0,100,0,0,0,0,0,0,,0,0
0,0,0,0,100,190,3,0,0,870001,0,,0,0,0,0,100,0,0,0,0,0,0,,0,30010
0,0,0,0,98,0,3,0,0,870002,0,,0,0,0,0,100,0,0,0,0,0,0,,0,30020
0,0,0,0,100,0,3,0,0,870003,0,,0,0,0,0,100,0,0,0,0,0,0,,0,30030
0,0,0,0,100,0,3,0,0,870004,0,,0,0,0,0,100,0,0,0,0,0,0,,0,30040
0,0,0,0,100,0,3,0,0,870005,0,,0,0,0,0,100,0,0,0,0,0,0,,0,30050
0,0,0,0,100,0,3,0,0,870006,0,,0,0,0,0,100,0,0,0,0,0,0,,0,30060
0,0,0,0,100,0,3,0,0,870007,0,,0,0,0,0,100,0,0,0,0,0,0,,0,30070
0,0,0,0,100,0,3,0,0,870008,0,,0,0,0,0,100,0,0,0,0,0,0,,0,30080
0,0,0,0,100,0,3,0,0,870009,0,,0,0,0,0,100,0,0,0,0,0,0,,0,30090
0,0,0,0,100,0,3,0,0,870010,0,,0,0,0,0,100,0,0,0,0,0,0,,0,30100
0,0,0,0,100,0,3,0,0,870011,0,,0,0,0,0,100,0,0,0,0,0,0,,0,30110
0,0,0,0,100,0,3,0,0,870012,0,,0,0,0,0,100,0,0,0,0,0,0,,0,30120
0,0,0,0,100,0,3,0,0,870013,0,,0,0,0,0,100,0,0,0,0,0,0,,0,30130
0,0,0,0,100,0,3,0,0,870014,0,,0,0,0,0,100,0,0,0,0,0,0,,0,30140
0,0,0,0,100,0,3,0,0,870015,0,,0,0,0,0,100,0,0,0,0,0,0,,0,30150
0,0,0,0,100,0,3,0,0,870016,0,,0,0,0,0,100,0,0,0,0,0,0,,0,30160
0,0,0,0,100,0,3,0,0,870017,0,,0,0,0,0,100,0,0,0,0,0,0,,0,30170
0,0,0,0,100,0,3,0,0,870018,0,,0,0,0,0,100,0,0,0,0,0,0,,0,30180
0,0,0,0,100,0,3,0,0,870019,0,,0,0,0,0,100,0,0,0,0,0,0,,0,30190
0,0,0,0,100,0,3,0,0,870020,0,,0,0,0,0,100,0,0,0,0,0,0,,0,30200
0,0,0,0,100,0,3,0,0,870021,0,,0,0,0,0,100,0,0,0,0,0,0,,0,30210
0,0,0,0,100,0,3,0,0,870022,0,,0,0,0,0,100,0,0,0,0,0,0,,0,30220
0,0,0,0,100,0,3,0,0,870023,0,,0,0,0,0,100,0,0,0,0,0,0,,0,30230
0,0,0,0,90,0,3,0,0,870024,0,,0,0,0,0,100,0,0,0,0,0,0,,0,30240
0,0,0,0,100,0,3,0,0,870025,0,,0,0,0,0,100,0,0,0,0,0,0,,0,30250
0,0,0,0,100,0,3,0,0,870026,0,,0,0,0,0,100,0,0,0,0,0,0,,0,30260
0,0,0,0,100,0,3,0,0,870027,0,,0,0,0,0,100,0,0,0,0,0,0,,0,30270
0,0,0,0,100,0,3,0,0,870028,0,,0,0,0,0,100,0,0,0,0,0,0,,0,30280
0,0,0,0,100,0,3,0,0,870029,0,,0,0,0,0,100,0,0,0,0,0,0,,0,30290
0,0,0,0,100,0,3,0,0,870030,0,,0,0,0,0,100,0,0,0,0,0,0,,0,30300
0,0,0,0,100,0,3,0,0,870031,0,,0,0,0,0,100,0,0,0,0,0,0,,0,30310
0,0,12,0,85,0,3,0,0,870032,0,,0,0,0,0,100,0,0,0,0,0,0,,0,30320
0,0,0,0,100,0,3,0,0,870033,0,,0,0,0,0,100,0,0,0,0,0,0,,0,30330
0,0,0,0,100,0,3,0,0,870034,0,,0,0,0,0,100,0,0,0,0,0,0,,0,30340
0,0,0,0,100,0,3,0,0,870035,0,,0,0,0,0,100,0,0,0,0,0,0,,0,30350
0,0,0,0,100,0,3,0,0,870036,0,,0,0,0,0,100,0,0,0,0,0,0,,0,30500
0,0,-10,0,110,191,3,0,0,870037,0,,0,0,0,0,100,0,0,0,0,0,0,,0,30370
0,0,0,0,100,0,3,0,0,870038,0,,0,0,0,0,100,0,0,0,0,0,0,,0,30380
0,0,0,0,100,0,3,0,0,870039,0,,0,0,0,0,100,0,0,0,0,0,0,,0,30390
0,0,0,0,100,0,3,0,0,870040,0,,0,0,0,0,100,0,0,0,0,0,0,,0,30161
0,0,0,0,100,0,3,0,0,870041,0,,0,0,0,0,100,0,0,0,0,0,0,,0,30410
0,0,0,0,100,0,3,0,0,870042,0,,0,0,0,0,100,0,0,0,0,0,0,,0,30420
0,0,0,0,100,0,3,0,0,870043,0,,0,0,0,0,100,0,0,0,0,0,0,,0,30430
0,0,0,0,100,0,3,0,0,870044,0,,0,0,0,0,100,0,0,0,0,0,0,,0,30440
0,0,0,0,100,0,3,0,0,870045,0,,0,0,0,0,100,0,0,0,0,0,0,,0,30501
0,0,0,0,100,0,3,0,0,870046,0,,0,0,0,0,100,0,0,0,0,0,0,,0,30460
0,0,0,0,100,0,3,0,0,870047,0,,0,0,0,0,100,0,0,0,0,0,0,,0,30470
0,0,0,0,100,0,3,0,0,870048,0,,0,0,0,0,100,0,0,0,0,0,0,,0,30480
0,0,0,0,100,0,3,0,0,870049,0,,0,0,0,0,100,0,0,0,0,0,0,,0,30391
