name {7},gameCondId {3},SkipTravel_id {2},Loc_name {2},Loc_type {1},prio {1},flg {2},reward {2},F_spot {1},worth {3},stats {2}
FLD_ZONE_BLADE,0,1,593,1,0,3844,0,0,0,0
FLD_ZONE_CLP,0,2,592,1,0,3845,0,0,0,0
FLD_ZONE01_01,0,3,460,1,0,3334,65,0,0,0
FLD_ZONE01_02,0,4,461,1,0,3335,65,0,0,0
FLD_ZONE01_03,0,5,462,1,0,3336,65,0,0,0
FLD_ZONE01_04,0,6,463,1,0,3337,65,0,0,0
FLD_ZONE01_05,0,7,464,1,0,3338,65,0,0,0
FLD_ZONE01_06,5871,8,465,1,0,3339,65,0,0,0
FLD_ZONE01_07,0,9,466,1,0,3340,65,0,0,0
FLD_ZONE01_08,0,10,467,1,0,3341,65,0,0,0
FLD_ZONE01_09,0,11,468,1,0,3342,65,0,0,0
FLD_ZONE01_10,0,12,469,1,0,3343,65,0,0,0
FLD_ZONE01_11,0,13,470,1,0,3344,65,0,0,0
FLD_ZONE01_12,44,14,471,1,0,3345,65,0,0,0
FLD_ZONE01_13,0,15,472,1,0,3346,65,0,0,0
FLD_ZONE01_14,0,16,473,1,0,3347,65,0,0,0
FLD_ZONE01_15,1112,17,474,1,0,3348,65,0,0,0
FLD_ZONE01_16,0,18,475,1,0,3349,65,0,0,0
FLD_ZONE01_17,0,19,476,1,0,3350,65,0,0,0
FLD_ZONE01_18,0,20,477,1,0,3351,65,0,0,0
FLD_ZONE01_19,0,21,478,1,0,3352,65,0,0,0
FLD_ZONE01_20,0,22,479,1,0,3353,65,0,0,0
FLD_ZONE01_21,0,23,480,1,0,3354,65,0,0,0
FLD_ZONE01_22,0,24,481,1,0,3355,65,0,0,0
FLD_ZONE01_23,6365,25,482,1,0,3356,65,0,0,0
FLD_ZONE01_24,0,26,483,1,0,3357,65,0,0,0
FLD_ZONE01_25,0,27,484,1,0,3358,65,0,0,0
FLD_ZONE01_26,0,28,485,1,0,3359,65,0,0,0
FLD_ZONE01_27,0,29,486,1,0,3360,65,0,0,0
FLD_ZONE01_28,0,30,487,1,0,3361,65,0,0,0
FLD_ZONE01_29,0,31,488,1,0,3362,65,0,0,0
FLD_ZONE01_30,0,32,489,1,0,3363,65,0,0,0
FLD_ZONE02_01,0,33,100,1,0,3364,92,0,0,0
FLD_ZONE02_02,0,34,101,2,0,3365,99,0,2000,299
FLD_ZONE02_03,0,35,102,1,0,3366,92,0,0,0
FLD_ZONE02_04,0,36,103,1,0,3367,86,0,0,0
FLD_ZONE02_05,0,37,104,4,0,3368,91,0,0,0
FLD_ZONE02_06,0,38,105,4,0,3369,67,0,0,0
FLD_ZONE02_07,0,39,106,1,0,3370,80,0,0,0
FLD_ZONE02_08,0,40,107,4,0,3371,67,0,0,0
FLD_ZONE02_09,0,41,108,2,0,3372,69,0,2000,300
FLD_ZONE02_10,0,42,109,1,0,3373,80,0,0,0
FLD_ZONE02_11,0,43,110,4,0,3374,91,0,0,0
FLD_ZONE02_12,0,44,111,4,0,3375,67,0,0,0
FLD_ZONE02_13,0,45,112,4,0,3376,67,0,0,0
FLD_ZONE02_14,0,46,113,4,0,3377,91,0,0,0
FLD_ZONE02_15,0,47,114,1,0,3378,92,0,0,0
FLD_ZONE02_16,0,48,115,3,0,3379,93,0,2000,321
FLD_ZONE02_17,1233,49,116,1,0,3380,74,0,0,0
FLD_ZONE02_18,0,50,117,4,0,3381,67,0,0,0
FLD_ZONE02_19,0,51,118,1,0,3382,98,0,0,0
FLD_ZONE02_20,0,52,119,1,0,3383,68,0,0,0
FLD_ZONE02_21,0,53,120,4,0,3384,67,0,0,0
FLD_ZONE02_22,0,54,121,1,0,3385,68,0,0,0
FLD_ZONE02_23,0,55,122,1,0,3386,86,0,0,0
FLD_ZONE02_24,0,56,123,4,0,3387,73,0,0,0
FLD_ZONE02_25,0,57,124,2,0,3388,69,0,2000,301
FLD_ZONE02_26,0,58,125,1,0,3389,68,0,0,0
FLD_ZONE02_27,0,59,126,1,0,3390,68,0,0,0
FLD_ZONE02_28,0,60,127,1,0,3391,68,0,0,0
FLD_ZONE02_29,0,61,128,4,0,3392,73,0,0,0
FLD_ZONE02_30,0,62,129,1,0,3393,74,0,0,0
FLD_ZONE02_31,0,63,130,1,0,3394,68,0,0,0
FLD_ZONE02_32,0,64,131,4,0,3395,79,0,0,0
FLD_ZONE02_33,0,65,132,1,0,3396,74,0,0,0
FLD_ZONE02_34,0,66,133,1,0,3397,80,0,0,0
FLD_ZONE02_35,0,67,134,1,0,3398,68,0,0,0
FLD_ZONE02_36,0,68,135,4,0,3399,79,0,0,0
FLD_ZONE02_37,0,69,136,4,0,3400,73,0,0,0
FLD_ZONE02_38,0,70,137,4,0,3401,67,0,0,0
FLD_ZONE02_39,0,71,138,4,0,3402,73,0,0,0
FLD_ZONE02_40,0,72,139,4,0,3403,67,0,0,0
FLD_ZONE02_41,0,73,140,1,0,3404,68,0,0,0
FLD_ZONE02_42,0,74,141,3,0,3405,69,0,2000,322
FLD_ZONE02_43,0,75,142,1,0,3406,68,0,0,0
FLD_ZONE02_44,0,76,143,1,0,3407,74,0,0,0
FLD_ZONE02_45,0,77,144,4,0,3408,67,0,0,0
FLD_ZONE02_46,0,78,145,1,0,3409,68,0,0,0
FLD_ZONE02_47,0,79,146,4,0,3410,79,0,0,0
FLD_ZONE02_48,0,80,147,1,0,3411,0,0,0,0
FLD_ZONE02_81,0,81,180,2,0,3412,87,0,2000,302
FLD_ZONE02_82,0,82,181,4,0,3413,73,0,0,0
FLD_ZONE02_83,0,83,182,4,0,3414,67,0,0,0
FLD_ZONE02_84,0,84,183,4,0,3415,67,0,0,0
FLD_ZONE02_49,0,85,148,5,0,3416,101,1,0,0
FLD_ZONE02_50,0,86,149,5,0,3417,71,2,0,0
FLD_ZONE02_51,0,87,150,5,0,3418,71,3,0,0
FLD_ZONE02_52,0,88,151,5,0,3419,89,4,0,0
FLD_ZONE02_53,0,89,152,5,0,3420,71,5,0,0
FLD_ZONE02_54,0,90,153,1,0,3421,74,0,0,0
FLD_ZONE02_55,0,91,154,5,0,3422,71,6,0,0
FLD_ZONE02_56,0,92,155,5,0,3423,71,7,0,0
FLD_ZONE02_57,0,93,156,5,0,3424,83,8,0,0
FLD_ZONE02_58,0,94,157,5,0,3425,77,9,0,0
FLD_ZONE02_59,0,95,158,5,0,3426,71,10,0,0
FLD_ZONE02_60,0,96,159,5,0,3427,71,11,0,0
FLD_ZONE02_61,0,97,160,5,0,3428,77,12,0,0
FLD_ZONE02_62,0,98,161,5,0,3429,71,13,0,0
FLD_ZONE02_63,0,99,162,5,0,3430,83,14,0,0
FLD_ZONE02_64,0,100,163,5,0,3431,71,15,0,0
FLD_ZONE02_65,0,101,164,5,0,3432,71,16,0,0
FLD_ZONE02_66,0,102,165,5,0,3433,71,17,0,0
FLD_ZONE02_67,0,103,166,5,0,3434,77,18,0,0
FLD_ZONE02_68,0,104,167,5,0,3435,95,19,0,0
FLD_ZONE02_69,0,105,168,5,0,3436,77,20,0,0
FLD_ZONE02_70,0,106,169,5,0,3437,71,21,0,0
FLD_ZONE16_01,0,107,2,4,0,3438,73,0,0,0
FLD_ZONE16_02,0,108,3,1,0,3439,74,0,0,0
FLD_ZONE16_03,0,109,4,4,0,3440,73,0,0,0
FLD_ZONE16_04,0,110,5,4,0,3441,73,0,0,0
FLD_ZONE16_05,0,111,6,4,0,3442,73,0,0,0
FLD_ZONE16_06,0,112,7,2,0,3443,93,0,2000,303
FLD_ZONE16_07,0,113,8,4,5,3444,91,0,0,0
FLD_ZONE16_08,0,114,9,4,0,3445,73,0,0,0
FLD_ZONE16_09,0,115,10,1,0,3446,74,0,0,0
FLD_ZONE16_10,0,116,11,4,0,3447,73,0,0,0
FLD_ZONE16_11,0,117,12,4,0,3448,73,0,0,0
FLD_ZONE16_12,0,118,13,3,0,3449,87,0,2000,323
FLD_ZONE16_13,0,119,14,4,0,3450,85,0,0,0
FLD_ZONE16_14,0,120,15,4,0,3451,73,0,0,0
FLD_ZONE16_15,0,121,16,4,0,3452,73,0,0,0
FLD_ZONE16_16,0,122,17,1,0,3453,74,0,0,0
FLD_ZONE16_17,0,123,18,4,0,3454,73,0,0,0
FLD_ZONE16_18,0,124,19,4,0,3455,73,0,0,0
FLD_ZONE16_19,0,125,20,4,0,3456,73,0,0,0
FLD_ZONE16_20,0,126,21,2,0,3457,81,0,2000,304
FLD_ZONE16_21,0,127,22,4,0,3458,73,0,0,0
FLD_ZONE16_22,0,128,23,1,0,3459,68,0,0,0
FLD_ZONE16_23,0,129,24,4,0,3460,73,0,0,0
FLD_ZONE16_24,0,130,25,4,0,3461,67,0,0,0
FLD_ZONE16_25,0,131,26,3,0,3462,93,0,2000,324
FLD_ZONE16_26,0,132,27,4,0,3463,73,0,0,0
FLD_ZONE16_27,0,133,28,3,0,3464,69,0,2000,325
FLD_ZONE16_28,0,134,29,4,0,3465,67,0,0,0
FLD_ZONE16_29,0,135,30,4,0,3466,67,0,0,0
FLD_ZONE16_30,0,136,31,4,0,3467,73,0,0,0
FLD_ZONE16_31,0,137,32,1,0,3468,92,0,0,0
FLD_ZONE16_32,0,138,33,4,0,3469,91,0,0,0
FLD_ZONE16_33,0,139,34,1,0,3470,92,0,0,0
FLD_ZONE16_34,0,140,35,4,0,3471,73,0,0,0
FLD_ZONE16_35,0,141,36,1,0,3472,98,0,0,0
FLD_ZONE16_36,0,142,37,4,0,3473,79,0,0,0
FLD_ZONE16_37,0,143,38,4,0,3474,91,0,0,0
FLD_ZONE16_38,0,144,39,4,0,3475,73,0,0,0
FLD_ZONE16_39,0,145,40,4,0,3476,79,0,0,0
FLD_ZONE16_40,0,146,41,4,0,3477,85,0,0,0
FLD_ZONE16_41,0,147,42,2,0,3478,81,0,2000,305
FLD_ZONE16_42,0,148,43,4,0,3479,79,0,0,0
FLD_ZONE16_43,0,149,44,4,0,3480,79,0,0,0
FLD_ZONE16_44,0,150,45,4,0,3481,85,0,0,0
FLD_ZONE16_45,0,151,46,4,0,3482,91,0,0,0
FLD_ZONE16_46,0,152,47,4,0,3483,91,0,0,0
FLD_ZONE16_47,0,153,48,2,0,3484,75,0,2000,306
FLD_ZONE16_48,0,154,49,1,0,3485,74,0,0,0
FLD_ZONE16_49,0,155,50,1,0,3486,74,0,0,0
FLD_ZONE16_50,0,156,51,1,0,3487,92,0,0,0
FLD_ZONE16_51,0,157,52,1,0,3488,80,0,0,0
FLD_ZONE16_52,0,158,53,4,0,3489,79,0,0,0
FLD_ZONE16_53,0,159,54,1,0,3490,92,0,0,0
FLD_ZONE16_54,0,160,55,4,0,3491,85,0,0,0
FLD_ZONE16_55,0,161,56,4,0,3492,85,0,0,0
FLD_ZONE16_56,0,162,57,2,0,3493,99,0,2000,307
FLD_ZONE16_57,0,163,58,4,0,3494,79,0,0,0
FLD_ZONE16_58,0,164,59,4,0,3495,79,0,0,0
FLD_ZONE16_59,0,165,60,4,0,3496,91,0,0,0
FLD_ZONE16_60,0,440,61,4,0,3775,91,0,0,0
FLD_ZONE16_61,0,441,62,3,5,3776,81,0,2000,334
FLD_ZONE16_62,0,442,63,2,0,3777,99,0,2000,271
FLD_ZONE16_71,0,166,72,5,0,3771,95,22,0,0
FLD_ZONE16_72,0,167,73,5,0,3772,89,23,0,0
FLD_ZONE16_73,0,168,74,5,0,3773,89,24,0,0
FLD_ZONE16_74,0,169,75,5,0,3500,77,25,0,0
FLD_ZONE16_75,0,170,76,5,0,3501,71,26,0,0
FLD_ZONE16_76,0,171,77,5,0,3502,101,27,0,0
FLD_ZONE16_77,0,172,78,5,0,3503,89,28,0,0
FLD_ZONE16_78,0,173,79,5,0,3504,83,29,0,0
FLD_ZONE16_79,0,174,80,5,0,3505,71,30,0,0
FLD_ZONE16_80,0,175,81,5,0,3506,83,31,0,0
FLD_ZONE16_81,0,176,82,5,0,3507,83,32,0,0
FLD_ZONE16_82,0,177,83,5,0,3508,77,33,0,0
FLD_ZONE16_83,0,178,84,5,0,3509,101,34,0,0
FLD_ZONE16_84,0,179,85,5,0,3510,83,35,0,0
FLD_ZONE16_85,0,180,86,5,0,3511,83,36,0,0
FLD_ZONE16_86,0,181,87,5,0,3512,95,37,0,0
FLD_ZONE16_87,0,182,88,5,0,3513,89,38,0,0
FLD_ZONE16_88,0,183,89,5,0,3514,77,39,0,0
FLD_ZONE16_89,0,184,90,5,0,3515,77,40,0,0
FLD_ZONE16_90,0,185,91,5,0,3516,83,41,0,0
FLD_ZONE16_91,0,186,92,5,0,3517,77,42,0,0
FLD_ZONE16_92,0,187,93,5,0,3518,77,43,0,0
FLD_ZONE16_93,0,188,94,5,0,3519,101,44,0,0
FLD_ZONE16_94,0,189,95,5,0,3520,101,45,0,0
FLD_ZONE16_95,0,190,96,5,0,3521,95,46,0,0
FLD_ZONE05_01,0,191,191,4,0,3522,79,0,0,0
FLD_ZONE05_02,0,192,192,4,0,3523,79,0,0,0
FLD_ZONE05_03,0,193,193,1,0,3524,74,0,0,0
FLD_ZONE05_04,0,194,194,4,0,3525,97,0,0,0
FLD_ZONE05_05,0,195,195,1,0,3526,92,0,0,0
FLD_ZONE05_06,0,196,196,4,0,3527,73,0,0,0
FLD_ZONE05_07,0,197,197,1,0,3528,92,0,0,0
FLD_ZONE05_08,0,198,198,3,0,3529,81,0,2000,326
FLD_ZONE05_09,0,199,199,4,0,3530,91,0,0,0
FLD_ZONE05_10,0,200,200,1,0,3531,74,0,0,0
FLD_ZONE05_11,0,201,201,4,0,3532,91,0,0,0
FLD_ZONE05_12,0,202,202,2,5,3533,93,0,2000,308
FLD_ZONE05_13,0,203,203,3,0,3534,75,0,2000,327
FLD_ZONE05_14,0,204,204,1,0,3535,86,0,0,0
FLD_ZONE05_15,0,205,205,1,0,3536,86,0,0,0
FLD_ZONE05_16,0,206,206,1,0,3537,74,0,0,0
FLD_ZONE05_17,0,207,207,2,0,3538,99,0,2000,309
FLD_ZONE05_18,0,208,208,2,0,3539,75,0,2000,310
FLD_ZONE05_19,0,209,209,1,0,3540,98,0,0,0
FLD_ZONE05_20,0,210,210,1,0,3541,80,0,0,0
FLD_ZONE05_21,0,211,211,4,0,3542,79,0,0,0
FLD_ZONE05_22,0,212,212,1,0,3543,80,0,0,0
FLD_ZONE05_23,0,213,213,4,0,3544,97,0,0,0
FLD_ZONE05_24,0,214,214,4,0,3545,79,0,0,0
FLD_ZONE05_25,0,215,215,4,0,3546,91,0,0,0
FLD_ZONE05_26,5512,216,216,4,0,3547,91,0,0,0
FLD_ZONE05_27,0,217,217,1,5,3548,80,0,0,0
FLD_ZONE05_28,0,218,218,4,0,3549,79,0,0,0
FLD_ZONE05_29,0,219,219,4,0,3550,91,0,0,0
FLD_ZONE05_30,0,220,220,1,0,3551,92,0,0,0
FLD_ZONE05_31,0,221,221,4,0,3552,79,0,0,0
FLD_ZONE05_32,0,222,222,1,0,3553,86,0,0,0
FLD_ZONE05_33,0,223,223,1,0,3554,74,0,0,0
FLD_ZONE05_34,0,224,224,4,0,3555,73,0,0,0
FLD_ZONE05_35,0,225,225,1,0,3556,74,0,0,0
FLD_ZONE05_36,0,226,226,3,0,3557,93,0,2000,328
FLD_ZONE05_37,0,227,227,1,0,3558,74,0,0,0
FLD_ZONE05_38,0,228,228,1,0,3559,74,0,0,0
FLD_ZONE05_39,0,229,229,4,0,3560,73,0,0,0
FLD_ZONE05_40,0,230,230,2,0,3561,81,0,2000,311
FLD_ZONE05_41,0,231,231,4,0,3562,97,0,0,0
FLD_ZONE05_42,0,232,232,2,5,3563,75,0,2000,312
FLD_ZONE05_43,0,233,233,4,0,3564,97,0,0,0
FLD_ZONE05_44,0,234,234,4,0,3565,97,0,0,0
FLD_ZONE05_45,0,235,235,4,0,3566,97,0,0,0
FLD_ZONE05_46,0,236,236,4,0,3567,79,0,0,0
FLD_ZONE05_47,0,237,237,4,0,3568,79,0,0,0
FLD_ZONE05_48,0,238,238,3,0,3569,81,0,2000,329
FLD_ZONE05_49,0,239,239,4,0,3570,91,0,0,0
FLD_ZONE05_50,0,240,240,4,0,3571,85,0,0,0
FLD_ZONE05_61,0,241,251,5,0,3572,83,49,0,0
FLD_ZONE05_62,0,242,252,5,0,3573,77,50,0,0
FLD_ZONE05_63,0,243,253,5,0,3574,77,51,0,0
FLD_ZONE05_64,0,244,254,5,0,3575,101,52,0,0
FLD_ZONE05_65,0,245,255,5,0,3576,77,53,0,0
FLD_ZONE05_66,0,246,256,5,0,3577,77,54,0,0
FLD_ZONE05_67,0,247,257,5,0,3578,95,55,0,0
FLD_ZONE05_68,0,248,258,5,0,3579,77,56,0,0
FLD_ZONE05_69,0,249,259,5,0,3580,89,57,0,0
FLD_ZONE05_70,0,250,260,5,0,3581,89,58,0,0
FLD_ZONE05_71,0,251,261,5,0,3582,83,59,0,0
FLD_ZONE05_72,0,252,262,5,0,3583,83,60,0,0
FLD_ZONE05_73,0,253,263,5,0,3584,77,61,0,0
FLD_ZONE05_74,0,254,264,5,0,3585,95,62,0,0
FLD_ZONE05_75,0,255,265,5,0,3586,95,63,0,0
FLD_ZONE05_76,0,256,266,5,0,3587,83,64,0,0
FLD_ZONE05_77,0,257,267,5,0,3588,95,65,0,0
FLD_ZONE05_78,0,258,268,5,0,3589,83,66,0,0
FLD_ZONE05_79,0,259,269,5,0,3590,95,67,0,0
FLD_ZONE05_80,0,260,270,5,0,3591,83,68,0,0
FLD_ZONE05_81,0,261,271,5,0,3592,83,69,0,0
FLD_ZONE05_82,0,262,272,5,0,3593,101,70,0,0
FLD_ZONE08_01,0,263,356,4,0,3594,67,0,0,0
FLD_ZONE08_02,0,264,357,4,0,3595,73,0,0,0
FLD_ZONE08_03,0,265,358,1,0,3596,80,0,0,0
FLD_ZONE08_04,0,266,359,1,0,3597,80,0,0,0
FLD_ZONE08_05,0,267,360,4,0,3598,73,0,0,0
FLD_ZONE08_06,0,268,361,1,0,3599,74,0,0,0
FLD_ZONE08_07,0,269,362,1,0,3600,80,0,0,0
FLD_ZONE08_08,0,270,363,4,0,3601,79,0,0,0
FLD_ZONE08_09,0,271,364,4,0,3602,73,0,0,0
FLD_ZONE08_10,0,272,365,4,0,3603,79,0,0,0
FLD_ZONE08_11,0,273,366,3,0,3604,99,0,2000,330
FLD_ZONE08_12,0,274,367,1,0,3605,74,0,0,0
FLD_ZONE08_13,0,275,368,1,0,3606,86,0,0,0
FLD_ZONE08_14,0,276,369,4,0,3607,97,0,0,0
FLD_ZONE08_15,0,277,370,1,0,3608,98,0,0,0
FLD_ZONE08_16,0,278,371,4,0,3609,97,0,0,0
FLD_ZONE08_17,0,279,372,1,0,3610,86,0,0,0
FLD_ZONE08_18,0,280,373,4,0,3611,91,0,0,0
FLD_ZONE08_19,0,281,374,1,0,3612,92,0,0,0
FLD_ZONE08_20,0,282,375,1,0,3613,74,0,0,0
FLD_ZONE08_21,0,283,376,4,0,3614,85,0,0,0
FLD_ZONE08_22,0,284,377,1,0,3615,86,0,0,0
FLD_ZONE08_23,0,285,378,1,0,3616,86,0,0,0
FLD_ZONE08_24,0,286,379,4,0,3617,91,0,0,0
FLD_ZONE08_25,0,287,380,1,0,3618,92,0,0,0
FLD_ZONE08_26,0,288,381,1,0,3619,74,0,0,0
FLD_ZONE08_27,0,289,382,4,0,3620,91,0,0,0
FLD_ZONE08_28,0,290,383,4,0,3621,91,0,0,0
FLD_ZONE08_29,0,291,384,4,0,3622,73,0,0,0
FLD_ZONE08_30,0,292,385,1,0,3623,86,0,0,0
FLD_ZONE08_31,0,293,386,1,0,3624,74,0,0,0
FLD_ZONE08_32,0,294,387,4,0,3625,79,0,0,0
FLD_ZONE08_33,0,295,388,1,0,3626,86,0,0,0
FLD_ZONE08_34,0,296,389,4,0,3627,91,0,0,0
FLD_ZONE08_35,0,297,390,4,0,3628,85,0,0,0
FLD_ZONE08_36,0,298,391,1,0,3629,98,0,0,0
FLD_ZONE08_37,0,299,392,1,0,3630,98,0,0,0
FLD_ZONE08_38,0,300,393,2,0,3631,99,0,2000,313
FLD_ZONE08_39,0,301,394,4,0,3632,91,0,0,0
FLD_ZONE08_40,0,302,395,2,0,3633,99,0,2000,314
FLD_ZONE08_41,0,303,396,4,0,3634,73,0,0,0
FLD_ZONE08_42,0,304,397,4,0,3635,85,0,0,0
FLD_ZONE08_43,0,305,398,3,0,3636,99,0,2000,331
FLD_ZONE08_44,0,306,399,2,5,3637,99,0,2000,315
FLD_ZONE08_45,0,307,400,4,0,3638,85,0,0,0
FLD_ZONE08_46,0,308,401,4,0,3639,85,0,0,0
FLD_ZONE08_47,0,309,402,2,0,3640,75,0,2000,316
FLD_ZONE08_48,0,310,403,2,0,3641,87,0,2000,317
FLD_ZONE08_51,0,311,406,5,0,3642,89,74,0,0
FLD_ZONE08_52,0,312,407,5,0,3643,95,75,0,0
FLD_ZONE08_53,0,313,408,5,0,3644,77,76,0,0
FLD_ZONE08_54,0,314,409,5,0,3645,101,77,0,0
FLD_ZONE08_55,0,315,410,5,0,3646,77,78,0,0
FLD_ZONE08_56,0,316,411,5,0,3647,95,79,0,0
FLD_ZONE08_57,0,317,412,5,0,3648,95,80,0,0
FLD_ZONE08_58,0,318,413,5,0,3649,77,81,0,0
FLD_ZONE08_59,0,319,414,5,0,3650,95,82,0,0
FLD_ZONE08_60,0,320,415,5,0,3651,101,83,0,0
FLD_ZONE08_61,0,321,416,5,0,3652,101,84,0,0
FLD_ZONE08_62,0,322,417,5,0,3653,95,85,0,0
FLD_ZONE08_63,0,323,418,5,0,3654,95,86,0,0
FLD_ZONE08_64,0,324,419,5,0,3655,89,87,0,0
FLD_ZONE08_65,0,325,420,5,0,3656,95,88,0,0
FLD_ZONE08_66,0,326,421,5,0,3657,95,89,0,0
FLD_ZONE08_67,0,327,422,5,0,3658,83,90,0,0
FLD_ZONE08_68,0,328,423,5,0,3659,89,91,0,0
FLD_ZONE08_69,0,329,424,5,0,3660,101,92,0,0
FLD_ZONE08_70,0,330,425,5,0,3661,89,93,0,0
FLD_ZONE07_12,0,331,294,1,0,3662,86,0,0,0
FLD_ZONE07_13,0,332,295,4,0,3663,85,0,0,0
FLD_ZONE07_14,0,333,296,2,5,3664,87,0,2000,341
FLD_ZONE07_15,0,334,297,1,0,3665,86,0,0,0
FLD_ZONE07_16,0,335,298,1,0,3666,92,0,0,0
FLD_ZONE07_17,0,336,299,3,0,3667,81,0,2000,332
FLD_ZONE07_18,0,337,351,1,0,3668,92,0,0,0
FLD_ZONE07_19,0,338,301,2,5,3669,99,0,2000,318
FLD_ZONE07_20,0,339,302,1,0,3670,86,0,0,0
FLD_ZONE07_21,0,340,303,4,0,3671,97,0,0,0
FLD_ZONE07_22,0,341,304,1,0,3672,86,0,0,0
FLD_ZONE07_23,0,342,305,3,0,3673,99,0,2000,342
FLD_ZONE07_24,0,343,306,1,0,3674,92,0,0,0
FLD_ZONE07_25,0,344,307,2,0,3675,99,0,2000,319
FLD_ZONE07_26,0,345,308,4,0,3676,91,0,0,0
FLD_ZONE07_27,0,346,309,4,5,3677,91,0,0,0
FLD_ZONE07_28,0,347,310,3,0,3678,93,0,2000,343
FLD_ZONE07_29,0,348,311,4,0,3679,91,0,0,0
FLD_ZONE07_30,0,349,312,4,0,3680,91,0,0,0
FLD_ZONE07_31,0,350,313,4,0,3681,97,0,0,0
FLD_ZONE07_32,0,351,314,1,0,3682,92,0,0,0
FLD_ZONE07_33,0,352,315,1,0,3683,86,0,0,0
FLD_ZONE07_34,0,353,316,2,0,3684,93,0,2000,320
FLD_ZONE07_35,0,354,317,4,0,3685,85,0,0,0
FLD_ZONE07_36,0,355,318,2,5,3686,99,0,2000,333
FLD_ZONE07_37,0,356,319,1,5,3687,98,0,0,0
FLD_ZONE07_38,0,357,320,3,5,3688,99,0,2000,344
FLD_ZONE07_39,0,358,321,1,0,3689,98,0,0,0
FLD_ZONE07_40,0,359,322,1,5,3690,98,0,0,0
FLD_ZONE07_41,0,360,323,4,0,3691,85,0,0,0
FLD_ZONE07_42,0,361,324,3,0,3692,87,0,2000,345
FLD_ZONE07_43,0,362,325,1,0,3693,86,0,0,0
FLD_ZONE07_44,0,363,326,4,0,3694,91,0,0,0
FLD_ZONE07_45,0,364,327,1,0,3695,86,0,0,0
FLD_ZONE07_46,0,365,328,1,0,3696,86,0,0,0
FLD_ZONE07_47,0,366,329,1,0,3697,86,0,0,0
FLD_ZONE07_48,0,367,330,4,0,3698,85,0,0,0
FLD_ZONE07_49,0,368,331,1,0,3699,92,0,0,0
FLD_ZONE07_50,0,369,332,1,0,3700,92,0,0,0
FLD_ZONE07_51,0,370,333,1,0,3701,92,0,0,0
FLD_ZONE07_52,0,371,334,4,0,3702,67,0,0,0
FLD_ZONE07_53,0,372,335,5,0,3703,71,94,0,0
FLD_ZONE07_54,0,373,336,5,0,3704,77,95,0,0
FLD_ZONE07_55,0,374,337,5,0,3705,83,96,0,0
FLD_ZONE07_56,0,375,338,5,0,3706,89,97,0,0
FLD_ZONE07_57,0,376,339,5,0,3707,89,98,0,0
FLD_ZONE07_58,0,377,340,5,0,3708,95,99,0,0
FLD_ZONE07_59,0,378,341,5,0,3709,95,100,0,0
FLD_ZONE07_60,0,379,342,5,0,3710,89,101,0,0
FLD_ZONE07_61,0,380,343,5,0,3711,89,102,0,0
FLD_ZONE07_62,0,381,344,5,0,3712,95,103,0,0
FLD_ZONE07_63,0,382,345,5,0,3713,89,104,0,0
FLD_ZONE07_64,0,383,346,5,0,3714,101,105,0,0
FLD_ZONE07_65,0,384,347,5,0,3715,101,106,0,0
FLD_ZONE07_66,0,385,348,5,0,3716,95,107,0,0
FLD_ZONE07_67,0,386,349,5,0,3717,95,108,0,0
FLD_ZONE07_68,0,387,350,5,0,3718,77,109,0,0
CAMP_1501_01,0,388,532,4,5,3719,70,0,0,0
CAMP_1501_02,0,389,533,4,5,3720,70,0,0,0
CAMP_1501_03,0,390,534,4,5,3721,70,0,0,0
CAMP_1501_04,0,391,535,4,5,3722,76,0,0,0
CAMP_1501_05,0,392,536,4,5,3723,70,0,0,0
CAMP_1501_06,0,393,537,4,5,3724,76,0,0,0
CAMP_1501_07,0,394,538,4,5,3725,70,0,0,0
CAMP_1501_08,0,395,539,4,5,3726,76,0,0,0
CAMP_1501_09,0,396,540,4,5,3727,66,0,0,0
CAMP_1501_10,0,397,541,4,5,3728,66,0,0,0
CAMP_1601_01,0,398,542,4,5,3729,76,0,0,0
CAMP_1601_02,0,399,543,4,5,3730,76,0,0,0
CAMP_1601_03,0,400,544,4,5,3731,76,0,0,0
CAMP_1601_04,0,401,545,4,5,3732,76,0,0,0
CAMP_1601_05,0,402,546,4,5,3733,76,0,0,0
CAMP_1601_06,0,403,547,4,5,3734,82,0,0,0
CAMP_1601_07,0,404,548,4,5,3735,88,0,0,0
CAMP_1601_08,0,405,549,4,5,3736,82,0,0,0
CAMP_1601_09,0,406,550,4,5,3737,66,0,0,0
CAMP_1601_10,0,407,551,4,5,3738,66,0,0,0
CAMP_1701_01,0,408,552,4,5,3739,82,0,0,0
CAMP_1701_02,0,409,553,4,5,3740,76,0,0,0
CAMP_1701_03,0,410,554,4,5,3741,76,0,0,0
CAMP_1701_04,0,411,555,4,5,3742,76,0,0,0
CAMP_1701_05,0,412,556,4,5,3743,76,0,0,0
CAMP_1701_06,0,413,557,4,5,3744,82,0,0,0
CAMP_1701_07,0,414,558,4,5,3745,76,0,0,0
CAMP_1701_08,0,415,559,4,5,3746,94,0,0,0
CAMP_1701_09,0,416,560,4,5,3747,66,0,0,0
CAMP_1701_10,0,417,561,4,5,3748,66,0,0,0
CAMP_2001_01,0,418,562,4,5,3749,88,0,0,0
CAMP_2001_02,0,419,563,4,5,3750,88,0,0,0
CAMP_2001_03,0,420,564,4,5,3751,88,0,0,0
CAMP_2001_04,0,421,565,4,5,3752,88,0,0,0
CAMP_2001_05,0,422,566,4,5,3753,94,0,0,0
CAMP_2001_06,0,423,567,4,5,3754,94,0,0,0
CAMP_2001_07,0,424,568,4,5,3755,94,0,0,0
CAMP_2001_08,0,425,569,4,5,3756,88,0,0,0
CAMP_2001_09,0,426,570,4,5,3757,66,0,0,0
CAMP_2001_10,0,427,571,4,5,3758,66,0,0,0
CAMP_2201_01,0,428,572,4,5,3759,82,0,0,0
CAMP_2201_02,0,429,573,4,5,3760,76,0,0,0
CAMP_2201_03,0,430,574,4,5,3761,82,0,0,0
CAMP_2201_04,0,431,575,4,5,3762,94,0,0,0
CAMP_2201_05,0,432,576,4,5,3763,88,0,0,0
CAMP_2201_06,0,433,577,4,5,3764,94,0,0,0
CAMP_2201_07,0,434,578,4,5,3765,82,0,0,0
CAMP_2201_08,0,435,579,4,5,3766,88,0,0,0
CAMP_2201_09,0,436,580,4,5,3767,66,0,0,0
CAMP_2201_10,0,437,581,4,5,3768,66,0,0,0
FLD_ZONE80_01,0,438,583,4,0,3769,0,0,0,0
FLD_ZONE80_02,0,439,582,4,0,3770,0,0,0,0
FLD_ZONE99_99,0,443,586,1,0,3774,0,0,0,0
FLD_ZONE11_01,2573,444,520,4,0,3778,97,0,0,0
FLD_ZONE07_69,0,445,300,1,0,3779,0,0,0,0
